Sales Person,Country,Product,Date,Amount ($),Boxes Shipped
Laura Pereira,Netherlands,First Aid Beauty Hello FAB Coconut Skin Smoothie Priming Moisturizer 125ml,2023-05-12,2897.49,55
Ana Vieira,Canada,The Ordinary Hyaluronic Acid 2% + B5 56.7g,2024-02-02,6212.3,316
Inês Martins,Thailand,Neutrogena Cellular Boost Concentrate Serum 150ml,2021-02-12,7230.63,117
Diogo Oliveira,Chile,COSRX Oil-Free Ultra-Moisturizing Lotion 30g,2024-08-11,9390.61,109
Rodrigo Pereira,Argentina,Bioderma Cicabio Arnica+ Repairing Cream 125ml,2023-09-14,5096.13,55
Francisco Vieira,Canada,First Aid Beauty Eye Duty Triple Remedy AM Gel Cream 50ml,2023-10-19,5026.42,88
Matilde Teixeira,China,Murad Brightening Booster 30g,2022-05-20,779.04,62
Maria Moreira,Canada,The Ordinary Natural Moisturising Factors + HA 20ml,2022-11-28,274.96,60
Lucas Santos,Spain,COSRX Balancium B5 Biome Comfort Cream 60ml,2021-03-18,6359.82,109
Ana Ferreira,South Korea,CeraVe Renewing SA Cream 30ml,2020-03-16,620.93,38
Mariana Martins,Indonesia,Pixi Hydrating Milky Serum 100ml,2020-06-15,13039.45,118
Catarina Correia,Germany,Clinique Dramatically Different Moisturising Lotion+ 75ml,2022-02-19,9041.44,94
Laura Pereira,Chile,Pixi +C VIT Brightening Serum 100ml,2023-08-04,2423.62,64
Ana Teixeira,Netherlands,CeraVe PM Facial Moisturising Lotion 20ml,2021-12-25,11831.29,131
Mariana Soares,Philippines,Neutrogena Hydro Boost Water Gel 150ml,2024-05-14,1644.57,48
Laura Soares,Mexico,Paula's Choice DEFENSE Antioxidant Pore Purifier 30g,2020-08-31,14147.99,125
Laura Soares,Argentina,Tatcha The Eye Concentrate 100ml,2024-12-08,30133.02,275
Afonso Almeida,Mexico,Kiehl's Calendula Serum-Infused Water Cream 200ml,2021-01-15,1223.82,28
Diogo Ribeiro,Singapore,CeraVe Healing Ointment 125ml,2021-11-22,1824.98,65
Francisco Vieira,Netherlands,Olay Super Serum 5-in-1 30ml,2022-04-28,6056.33,104
Leonor Jesus,Brazil,Clinique Moisture Surge 100H Auto-Replenishing Hydrator 30ml,2024-01-17,6550.27,112
Guilherme Neves,Germany,Bioderma Pigmentbio C-Concentrate Brightening Serum 30g,2023-08-31,820.27,89
Ana Monteiro,Italy,COSRX Balancium B5 Biome Comfort Cream 20ml,2024-04-13,5323.29,73
Guilherme Costa,Canada,Paula's Choice CLINICAL 1% Retinol Treatment 30g,2022-05-12,4267.49,75
Sara Almeida,Indonesia,Tatcha The Indigo Overnight Repair Treatment 250ml,2024-06-02,2614.8,132
Afonso Almeida,Sweden,Olay Total Effects 7-in-1 Moisturiser 125ml,2022-04-18,620.22,50
Beatriz Jesus,Indonesia,First Aid Beauty Pure Skin Face Cleanser 15ml,2024-11-01,2003.34,122
Francisco Vieira,Chile,Sunday Riley UFO Ultra-Clarifying Face Oil 340g,2020-01-09,5101.02,100
Sofia Rodrigues,Indonesia,Olay Luminous Whip Face Moisturiser 56.7g,2024-06-04,3101.9,76
Joana Fernandes,Philippines,La Roche-Posay Effaclar Mat Moisturiser 60ml,2022-04-16,7362.67,98
Pedro Ferreira,Mexico,Paula's Choice SKIN RECOVERY Replenishing Moisturizer 60ml,2022-12-25,12476.15,140
Carolina Pereira,Colombia,Pixi Vitamin-C Juice Cleanser 150ml,2024-05-26,10466.72,123
Tomás Neves,Sweden,REN Clean Skincare Perfect Canvas Clean Primer 75ml,2023-02-21,3986.0,451
Tomás Correia,Thailand,La Roche-Posay Effaclar Mat Moisturiser 50ml,2021-02-14,1829.4,55
Inês Cardoso,Singapore,Avène Hydrance Rich Rehydrating Cream 20ml,2020-04-29,1598.86,116
João Vieira,India,Tatcha The Dewy Skin Cream 15ml,2023-03-23,3345.59,231
Margarida Teixeira,Netherlands,Tatcha The Essence Plump Skin Softener 250ml,2021-06-26,14278.62,301
Pedro Cruz,Philippines,Tatcha The Silk Cream 250ml,2022-05-06,3126.53,55
Carolina Ferreira,France,Pixi Glow Tonic 30ml,2023-03-18,21190.83,193
Afonso Sousa,Singapore,First Aid Beauty Ultra Repair Cream 75ml,2023-09-23,2749.12,53
Maria Moreira,United Kingdom,Drunk Elephant B-Hydra Intensive Hydration Serum 75ml,2022-12-07,1371.68,13
Clara Mendes,Canada,REN Clean Skincare Ready Steady Glow Daily AHA Tonic 340g,2023-09-03,353.67,11
Maria Moreira,France,Tatcha The Dewy Skin Cream 340g,2023-04-08,8885.31,91
Gonçalo Coelho,Argentina,Neutrogena Hydro Boost Water Gel 56.7g,2020-04-07,10389.05,111
Rafael Gomes,South Korea,Bioderma Nodé Detox Shampoo 60ml,2023-02-11,5531.49,84
Guilherme Costa,Brazil,Olay Vitamin C + Peptide 24 Face Moisturizer 125ml,2021-04-15,5498.09,58
Leonor Rodrigues,France,COSRX AHA/BHA Clarifying Treatment Toner 40ml,2023-09-07,6943.15,103
Sara Ferreira,China,Murad Oil-Control Mattifier SPF45 50ml,2023-12-08,4876.25,100
Maria Moreira,Canada,COSRX Ultimate Moisturizing Honey Overnight Mask 250ml,2024-01-24,4862.67,42
João Nunes,China,La Roche-Posay Hyalu B5 Serum 340g,2020-03-08,6123.77,141
Gonçalo Coelho,Spain,The Ordinary Salicylic Acid 2% Solution 30ml,2023-06-13,9726.72,97
Rafael Gomes,India,Clinique Smart Night Custom-Repair Moisturiser 40ml,2021-01-20,12722.13,278
Diogo Monteiro,India,Neutrogena Hydro Boost Eye Gel-Cream 40ml,2024-02-05,1808.73,41
Miguel Ferreira,United Kingdom,Olay Vitamin C + Peptide 24 Face Moisturizer 60ml,2022-06-28,2579.45,30
Rafael Martins,Colombia,Drunk Elephant Lala Retro Whipped Cream 30g,2022-02-03,6029.95,74
Rafael Pereira,Singapore,Tatcha The Rice Polish Foaming Enzyme Powder 15ml,2020-02-11,10430.35,86
Mariana Soares,United States,Pixi +C VIT Brightening Serum 200ml,2024-07-16,12170.18,270
Carolina Jesus,Brazil,Pixi Skintreats Rose Caviar Eye Cream 60ml,2020-12-01,10202.2,341
Margarida Mendes,Netherlands,REN Clean Skincare Vita Mineral Active 7 Eye Gel 50ml,2023-06-03,4651.56,68
Clara Gomes,Indonesia,Skinceuticals A.G.E. Eye Complex 30ml,2024-04-13,9791.11,83
Tiago Gomes,South Korea,COSRX Full Fit Propolis Light Cream 50ml,2020-12-22,23310.54,447
Tomás Rodrigues,India,Olay Luminous Whip Face Moisturiser 56.7g,2020-12-01,1789.8,34
Francisco Jesus,United States,Sunday Riley Ice Ceramide Moisturizing Cream 250ml,2020-09-26,10887.3,145
Afonso Almeida,Colombia,Olay Retinol24 Night Moisturizer 125ml,2024-04-14,14749.12,214
Sara Cruz,South Korea,Murad Cellular Hydration Barrier Repair Cream 50ml,2022-07-02,3022.07,28
Francisco Mendes,Italy,Drunk Elephant Virgin Marula Luxury Face Oil 30g,2020-09-27,3886.66,132
Maria Correia,Spain,Skinceuticals Phyto Corrective Gel 40ml,2020-11-23,10441.51,162
Laura Costa,Mexico,Sunday Riley Ice Ceramide Moisturizing Cream 20ml,2023-06-06,6986.43,61
Afonso Vieira,Argentina,Clinique Turnaround Overnight Revitalizing Moisturizer 250ml,2024-02-20,462.01,73
Diogo Costa,France,Pixi Retinol Tonic 200ml,2023-08-27,41719.18,418
Ana Teixeira,Canada,La Roche-Posay Lipikar Balm AP+ 15ml,2021-05-07,814.01,144
Margarida Marques,Sweden,The Ordinary Buffet Multi-Technology Peptide Serum 200ml,2022-12-09,613.84,28
Inês Cruz,Singapore,Clinique Take The Day Off Cleansing Balm 50ml,2022-10-12,673.76,58
Laura Soares,United States,CeraVe PM Facial Moisturising Lotion 125ml,2022-06-13,1639.17,25
Afonso Martins,Indonesia,Tatcha The Eye Concentrate 75ml,2021-01-14,28570.07,262
Diogo Ribeiro,Singapore,Olay Luminous Whip Face Moisturiser 40ml,2021-08-27,3239.27,60
Francisco Fernandes,Colombia,La Roche-Posay Anthelios Invisible Fluid SPF50+ 75ml,2022-03-08,4588.47,141
Sara Ferreira,Poland,Neutrogena Norwegian Formula Face Cream 30g,2020-02-25,20991.21,239
Clara Monteiro,United States,Drunk Elephant Protini Polypeptide Cream 200ml,2021-10-13,28761.95,332
Carolina Jesus,United States,CeraVe PM Facial Moisturising Lotion 125ml,2020-12-26,769.69,64
Joana Santos,France,Olay Super Serum 5-in-1 200ml,2023-08-13,2198.77,29
Diogo Rocha,Philippines,Sunday Riley Luna Sleeping Night Oil 200ml,2022-10-15,9610.43,118
João Cardoso,China,Pixi Retinol Tonic 150ml,2021-10-31,10195.45,98
Beatriz Marques,South Korea,Paula's Choice RESIST Anti-Aging Clear Skin Hydrator 125ml,2020-05-11,198.19,39
Inês Ferreira,France,Sunday Riley Saturn Sulfur Acne Treatment Mask 20ml,2023-06-26,7595.13,72
Mariana Cruz,Poland,REN Clean Skincare Overnight Glow Dark Spot Sleeping Cream 200ml,2020-02-04,8537.0,147
Leonor Coelho,United States,Estée Lauder Resilience Lift Firming & Sculpting Eye Cream 100ml,2022-10-09,6495.18,123
Sara Fernandes,Italy,CeraVe Skin Renewing Night Cream 30g,2021-04-26,8147.78,146
Mariana Mendes,Germany,CeraVe Hydrating Cleanser 60ml,2024-05-06,9567.96,109
Martim Marques,Japan,Murad Cellular Hydration Barrier Repair Cream 150ml,2023-05-04,9123.71,105
Matilde Cruz,India,Estée Lauder Revitalizing Supreme+ Moisturizer 15ml,2024-11-01,7774.95,114
Laura Ribeiro,Indonesia,Olay Retinol24 Night Moisturizer 340g,2023-03-31,500.39,14
Inês Cruz,Chile,Skinceuticals Physical Fusion UV Defense SPF 50 30ml,2023-09-29,1275.67,37
Sofia Jesus,Germany,Sunday Riley UFO Ultra-Clarifying Face Oil 340g,2024-09-12,5618.76,144
Ana Ferreira,Philippines,La Roche-Posay Cicaplast Baume B5 125ml,2020-08-02,6349.92,89
Sofia Martins,Sweden,REN Clean Skincare Evercalm Global Protection Day Cream 20ml,2023-07-17,3203.15,34
Rodrigo Teixeira,Germany,Paula's Choice BOOST 10% Niacinamide Booster 20ml,2024-10-04,11902.89,177
Margarida Mendes,Thailand,CeraVe Eye Repair Cream 125ml,2021-05-28,1590.68,131
Afonso Jesus,Thailand,CeraVe PM Facial Moisturising Lotion 30g,2021-03-21,4457.74,138
Pedro Cruz,France,Pixi Rose Ceramide Cream 60ml,2021-06-02,4709.81,57
João Nunes,Chile,Estée Lauder Re-Nutriv Ultimate Lift Age-Correcting Crème 75ml,2022-11-11,4021.7,42
Guilherme Neves,Thailand,COSRX AHA/BHA Clarifying Treatment Toner 50ml,2023-05-17,30173.46,309
Rodrigo Moreira,Singapore,Olay Vitamin C + Peptide 24 Face Moisturizer 125ml,2021-11-22,6668.64,275
Lucas Coelho,Canada,Clinique Turnaround Overnight Revitalizing Moisturizer 250ml,2022-07-26,5226.13,90
Inês Martins,United Kingdom,Neutrogena Norwegian Formula Face Cream 20ml,2021-01-27,1238.56,104
Leonor Marques,Colombia,Estée Lauder Resilience Lift Firming & Sculpting Eye Cream 75ml,2023-10-17,2909.06,58
Tomás Martins,Italy,REN Clean Skincare Perfect Canvas Clean Primer 340g,2024-09-11,6097.73,183
Sofia Carvalho,Poland,CeraVe PM Facial Moisturising Lotion 75ml,2022-09-09,19559.74,306
Mariana Soares,Brazil,Clinique Even Better Clinical Radical Dark Spot Corrector 50ml,2023-11-25,3170.5,69
Laura Soares,South Korea,CeraVe Healing Ointment 150ml,2022-05-19,5947.1,131
Martim Ferreira,Spain,Sunday Riley UFO Ultra-Clarifying Face Oil 125ml,2020-12-27,7555.68,142
Maria Moreira,Germany,Paula's Choice SKIN PERFECTING 2% BHA Liquid Exfoliant 75ml,2020-02-03,22479.47,245
Joana Santos,China,CeraVe PM Facial Moisturising Lotion 50ml,2023-10-11,9457.07,84
Afonso Vieira,China,CeraVe Renewing SA Cream 56.7g,2023-11-20,6830.85,119
Mariana Cruz,Italy,La Roche-Posay Lipikar Balm AP+ 125ml,2021-02-10,4406.04,50
Laura Soares,Canada,La Roche-Posay Toleriane Double Repair Moisturiser 60ml,2022-03-11,5667.63,449
Rafael Pereira,Singapore,Sunday Riley Auto Correct Brightening and Depuffing Eye Contour Cream 40ml,2021-06-14,2360.1,36
Sofia Mendes,Spain,Estée Lauder Resilience Lift Firming & Sculpting Eye Cream 50ml,2020-05-09,3980.38,77
Tiago Cardoso,Spain,Tatcha The Water Cream 40ml,2021-10-03,3171.25,143
Afonso Jesus,France,Clinique Take The Day Off Cleansing Balm 125ml,2020-09-21,2719.19,44
Mariana Soares,Germany,REN Clean Skincare Radiance Perfection Serum 340g,2023-01-27,24279.66,311
Francisco Almeida,South Korea,Neutrogena Rapid Wrinkle Repair Retinol Cream 60ml,2020-09-19,8274.95,77
Joana Fernandes,Netherlands,Paula's Choice CALM Redness Relief Moisturizer SPF 30 250ml,2024-09-11,5930.09,168
Afonso Sousa,India,Drunk Elephant Lala Retro Whipped Cream 150ml,2022-10-20,552.55,87
Gonçalo Ferreira,Brazil,CeraVe Moisturising Cream 50ml,2022-07-18,721.86,27
Carolina Marques,Argentina,Neutrogena Oil-Free Acne Wash 60ml,2024-05-07,49924.32,520
Gonçalo Ribeiro,United States,The Ordinary Hyaluronic Acid 2% + B5 200ml,2021-02-18,8979.59,144
Diogo Monteiro,India,First Aid Beauty Hello FAB Coconut Skin Smoothie Priming Moisturizer 30g,2021-03-19,455.96,21
Catarina Jesus,India,Neutrogena Cellular Boost Concentrate Serum 150ml,2021-01-12,4244.78,42
Afonso Neves,Poland,Sunday Riley C.E.O. 15% Vitamin C Brightening Serum 250ml,2024-09-04,5725.16,53
Margarida Mendes,Germany,Paula's Choice CLINICAL 1% Retinol Treatment 60ml,2023-07-04,1660.19,18
Ana Nunes,Netherlands,Avène Retrinal+ 0.1 Intensive Cream 20ml,2024-04-04,10858.08,137
Rodrigo Pereira,Singapore,REN Clean Skincare Ready Steady Glow Daily AHA Tonic 30g,2023-11-29,2738.07,177
Francisco Coelho,Singapore,REN Clean Skincare Ready Steady Glow Daily AHA Tonic 200ml,2023-01-03,14467.55,204
Tomás Neves,Colombia,Olay Super Serum 5-in-1 250ml,2021-06-04,9810.23,132
Afonso Monteiro,Philippines,Paula's Choice EARTH SOURCED Antioxidant-Enriched Natural Moisturizer 340g,2024-01-15,8361.69,76
Inês Monteiro,Japan,Pixi Retinol Tonic 250ml,2023-02-14,4107.47,54
Laura Fernandes,Philippines,Bioderma Pigmentbio C-Concentrate Brightening Serum 100ml,2021-04-19,1956.28,54
Pedro Sousa,United States,COSRX Balancium B5 Biome Comfort Cream 56.7g,2022-12-18,5908.51,66
Inês Cruz,Netherlands,La Roche-Posay Toleriane Double Repair Moisturiser 250ml,2022-04-01,4975.99,51
Rafael Pereira,Colombia,Bioderma Cicabio Arnica+ Repairing Cream 100ml,2020-11-14,11367.29,150
Lucas Costa,Japan,Avène Eau Thermale Spray 30ml,2024-02-07,1588.82,55
Catarina Correia,Philippines,Murad Oil-Control Mattifier SPF45 15ml,2022-10-27,9996.48,112
Diogo Oliveira,Argentina,La Roche-Posay Lipikar Balm AP+ 15ml,2021-03-10,9519.81,138
Ana Monteiro,Netherlands,COSRX AHA/BHA Clarifying Treatment Toner 20ml,2024-05-02,30809.9,357
Gonçalo Ribeiro,Philippines,Murad AHA/BHA Exfoliating Cleanser 125ml,2020-07-02,2689.9,67
Margarida Silva,United Kingdom,Olay Regenerist Micro-Sculpting Cream 60ml,2020-11-16,6581.32,72
Guilherme Neves,Italy,Estée Lauder Re-Nutriv Ultimate Lift Age-Correcting Crème 340g,2021-01-12,159.49,25
Inês Martins,India,The Ordinary Glycolic Acid 7% Toning Solution 56.7g,2022-02-16,3606.02,65
Tomás Neves,Poland,REN Clean Skincare Clean Screen Mineral SPF30 100ml,2022-11-01,3295.51,41
Rodrigo Coelho,Sweden,Neutrogena Hydro Boost Eye Gel-Cream 340g,2024-11-21,4865.87,121
Leonor Coelho,Colombia,Avène Retrinal+ 0.1 Intensive Cream 50ml,2022-09-12,9532.88,105
Ana Vieira,Japan,Pixi Retinol Tonic 125ml,2022-08-08,2523.32,56
Rodrigo Jesus,Japan,Paula's Choice EARTH SOURCED Antioxidant-Enriched Natural Moisturizer 56.7g,2023-05-05,10051.91,217
Sofia Mendes,Mexico,Bioderma Sensibio Light Soothing Cream 60ml,2020-03-09,10765.2,126
Catarina Monteiro,Japan,Clinique Take The Day Off Cleansing Balm 100ml,2022-02-19,12299.29,121
Tiago Carvalho,Brazil,COSRX Ultimate Moisturizing Honey Overnight Mask 100ml,2020-09-15,3708.0,41
Afonso Neves,Sweden,Sunday Riley Ice Ceramide Moisturizing Cream 100ml,2024-03-25,653.1,26
Dinis Pereira,Argentina,Sunday Riley Good Genes All-In-One Lactic Acid Treatment 50ml,2024-04-28,5193.7,74
Margarida Marques,Brazil,Pixi Retinol Tonic 40ml,2024-04-19,4145.49,61
Rafael Mendes,Thailand,First Aid Beauty Pure Skin Face Cleanser 75ml,2021-03-12,31807.73,366
Tomás Neves,Japan,Avène Hydrance Rich Rehydrating Cream 40ml,2024-08-24,16350.36,275
Miguel Rocha,Germany,Skinceuticals A.G.E. Eye Complex 50ml,2023-08-15,16158.84,363
Sofia Carvalho,Chile,First Aid Beauty Hello FAB Coconut Skin Smoothie Priming Moisturizer 56.7g,2024-06-20,27475.85,257
Rafael Gomes,Colombia,REN Clean Skincare Evercalm Global Protection Day Cream 100ml,2021-11-15,2946.28,87
Afonso Sousa,India,Bioderma Nodé Detox Shampoo 150ml,2020-01-30,1172.2,130
Laura Carvalho,Thailand,The Ordinary Natural Moisturising Factors + HA 340g,2021-11-10,4215.82,37
Laura Fernandes,Sweden,Olay Regenerist Collagen Peptide24 Serum 40ml,2023-11-14,161.86,29
Diogo Oliveira,Italy,Estée Lauder Advanced Night Repair Serum 340g,2021-10-17,3849.43,77
Martim Ferreira,United Kingdom,Sunday Riley UFO Ultra-Clarifying Face Oil 100ml,2024-09-06,4230.69,147
Gonçalo Rodrigues,Japan,Estée Lauder DayWear Multi-Protection Anti-Oxidant 24H Moisturizer SPF15 56.7g,2024-06-03,3379.48,30
Tomás Martins,Spain,Paula's Choice EARTH SOURCED Antioxidant-Enriched Natural Moisturizer 250ml,2024-10-31,6267.37,92
Miguel Rocha,Brazil,Avène PhysioLift Night Smoothing Balm 30g,2023-02-07,7799.23,74
Margarida Teixeira,Colombia,Skinceuticals Triple Lipid Restore 2:4:2 340g,2024-11-16,2079.4,97
João Cardoso,France,First Aid Beauty Ultra Repair Tinted Moisturizer SPF 30 30g,2024-02-14,3553.9,55
Sofia Gomes,Singapore,La Roche-Posay Toleriane Double Repair Moisturiser 56.7g,2023-09-06,157.8,25
Joana Costa,Spain,COSRX Ultimate Moisturizing Honey Overnight Mask 125ml,2020-10-23,264.13,25
Afonso Monteiro,Spain,Pixi Retinol Tonic 20ml,2021-06-14,7956.85,73
Tomás Rodrigues,Brazil,Bioderma Sensibio H2O Micellar Water 250ml,2021-06-02,4365.85,120
Dinis Carvalho,Canada,Olay Luminous Whip Face Moisturiser 340g,2020-12-26,755.49,10
Diogo Costa,Chile,Avène Antirougeurs Jour Redness Relief Cream 30ml,2022-09-29,9203.39,258
Dinis Silva,United Kingdom,Skinceuticals Metacell Renewal B3 75ml,2022-05-26,16509.15,345
Sara Ferreira,Poland,Pixi Hydrating Milky Serum 20ml,2024-12-25,1976.27,82
Laura Costa,Chile,Kiehl's Ultra Facial Cream 15ml,2022-08-14,3519.92,62
Margarida Marques,Philippines,COSRX AHA/BHA Clarifying Treatment Toner 100ml,2020-12-23,2140.35,18
Beatriz Marques,Sweden,Skinceuticals C E Ferulic Serum 100ml,2020-05-24,1387.93,32
Gonçalo Fernandes,Canada,COSRX Advanced Snail 96 Mucin Power Essence 150ml,2020-06-01,2581.48,27
Martim Silva,France,COSRX Balancium B5 Biome Comfort Cream 15ml,2024-05-14,24622.84,312
Afonso Martins,Sweden,Murad Hydro-Dynamic Ultimate Moisture 20ml,2022-08-18,15118.63,168
Inês Cardoso,Spain,Bioderma Nodé Detox Shampoo 75ml,2023-11-12,5200.8,89
Joana Costa,Thailand,Sunday Riley Ice Ceramide Moisturizing Cream 30g,2023-07-30,3735.42,65
Rafael Pereira,South Korea,Tatcha The Silk Cream 200ml,2021-10-09,3535.47,70
Tomás Martins,France,REN Clean Skincare Ready Steady Glow Daily AHA Tonic 50ml,2022-05-02,987.78,64
Rafael Martins,Japan,First Aid Beauty Ultra Repair Tinted Moisturizer SPF 30 15ml,2024-06-10,3178.86,56
Leonor Rodrigues,India,Paula's Choice EARTH SOURCED Antioxidant-Enriched Natural Moisturizer 56.7g,2024-09-22,1186.05,29
Tomás Neves,Canada,Drunk Elephant Protini Polypeptide Cream 40ml,2021-03-03,11933.18,142
Laura Carvalho,United States,Estée Lauder Perfectly Clean Multi-Action Foam Cleanser 15ml,2023-10-21,25558.44,261
Pedro Cruz,South Korea,Kiehl's Ultra Facial Cream 20ml,2020-09-23,513.53,128
Sofia Martins,Japan,Kiehl's Clearly Corrective Dark Spot Solution 150ml,2024-06-11,30592.22,465
Ana Vieira,Canada,First Aid Beauty Ultra Repair Firming Collagen Cream 30ml,2020-12-16,3425.16,70
Tomás Coelho,Argentina,Neutrogena Bright Boost Gel Cream 125ml,2023-04-14,9636.11,117
Afonso Jesus,United States,Tatcha The Indigo Overnight Repair Treatment 150ml,2022-02-27,1609.94,57
Dinis Carvalho,Brazil,REN Clean Skincare Perfect Canvas Clean Primer 125ml,2023-05-14,5614.39,60
Clara Cardoso,France,REN Clean Skincare V-Cense Revitalising Eye Cream 125ml,2020-09-28,3215.53,168
Ana Nunes,Poland,Tatcha The Rice Polish Foaming Enzyme Powder 125ml,2021-12-04,36063.36,364
Lucas Costa,France,The Ordinary Buffet Multi-Technology Peptide Serum 30g,2023-06-05,37212.17,428
Miguel Martins,Philippines,Avène PhysioLift Night Smoothing Balm 125ml,2020-09-13,31677.73,427
Afonso Vieira,Chile,REN Clean Skincare Overnight Glow Dark Spot Sleeping Cream 20ml,2024-03-18,1320.29,17
Lucas Costa,United States,Bioderma Nodé Detox Shampoo 340g,2020-01-30,6972.67,106
João Martins,China,First Aid Beauty KP Bump Eraser Body Scrub 125ml,2023-02-23,1736.42,33
Margarida Silva,South Korea,Olay Luminous Whip Face Moisturiser 100ml,2023-05-25,3706.92,56
Sofia Rodrigues,Argentina,Pixi Skintreats Rose Caviar Eye Cream 125ml,2024-06-14,11601.08,141
Inês Ferreira,Thailand,CeraVe Hydrating Cleanser 30g,2021-09-16,14559.22,139
Matilde Moreira,Singapore,Drunk Elephant B-Hydra Intensive Hydration Serum 100ml,2024-02-28,8604.38,134
Maria Ferreira,Canada,Skinceuticals Triple Lipid Restore 2:4:2 250ml,2023-03-30,10339.55,104
Inês Cruz,Mexico,Avène Eau Thermale Spray 40ml,2023-08-10,7453.62,108
Margarida Marques,Germany,REN Clean Skincare V-Cense Revitalising Eye Cream 125ml,2021-03-03,7697.19,68
Rafael Pereira,Germany,COSRX Oil-Free Ultra-Moisturizing Lotion 40ml,2022-02-22,3357.78,128
Rodrigo Pinto,Brazil,CeraVe Hydrating Cleanser 200ml,2021-02-26,340.99,32
Clara Ferreira,China,Olay Vitamin C + Peptide 24 Face Moisturizer 340g,2023-11-12,2106.94,47
Joana Teixeira,Germany,Murad Hydro-Dynamic Ultimate Moisture 15ml,2020-06-19,2110.66,27
Joana Oliveira,Argentina,Estée Lauder Resilience Lift Firming & Sculpting Eye Cream 200ml,2024-08-21,11803.91,486
Gonçalo Fernandes,South Korea,REN Clean Skincare V-Cense Revitalising Eye Cream 250ml,2022-08-27,5897.18,186
Francisco Coelho,Singapore,Sunday Riley Tidal Brightening Enzyme Water Cream 30g,2023-04-21,557.39,93
Pedro Cruz,Argentina,First Aid Beauty KP Bump Eraser Body Scrub 60ml,2020-10-17,4535.35,114
Pedro Cruz,Spain,Estée Lauder Nutritious Super-Pomegranate Radiant Energy Eye Jelly 30ml,2021-12-19,3286.36,29
Rafael Pereira,Chile,Pixi Retinol Tonic 40ml,2022-11-30,9049.2,312
Joana Teixeira,China,COSRX Advanced Snail 92 All in One Cream 100ml,2023-10-13,5395.44,65
Sofia Nunes,Singapore,CeraVe Eye Repair Cream 30ml,2022-09-09,1052.94,14
Inês Cardoso,United Kingdom,Avène Cleanance Expert Emulsion 50ml,2023-08-20,7439.44,109
Afonso Monteiro,United Kingdom,Olay Vitamin C + Peptide 24 Face Moisturizer 15ml,2022-02-23,4472.61,101
Martim Teixeira,Singapore,Skinceuticals B5 Gel Hydrating Serum 30g,2020-03-06,2982.19,60
Laura Pereira,Argentina,Sunday Riley Good Genes All-In-One Lactic Acid Treatment 150ml,2021-10-07,31643.65,431
Tiago Jesus,United Kingdom,Bioderma Sebium Pore Refiner 340g,2021-08-28,8756.2,127
Catarina Neves,Indonesia,COSRX Balancium B5 Biome Comfort Cream 250ml,2020-02-27,3737.01,92
Gonçalo Almeida,Brazil,Drunk Elephant Protini Polypeptide Cream 200ml,2024-03-02,7366.54,91
Afonso Jesus,Poland,Paula's Choice SKIN RECOVERY Replenishing Moisturizer 250ml,2024-10-12,1539.89,21
Mariana Cruz,Germany,Neutrogena Bright Boost Gel Cream 125ml,2021-11-03,413.44,19
Matilde Teixeira,Singapore,Bioderma Pigmentbio C-Concentrate Brightening Serum 60ml,2023-03-11,1275.71,111
Dinis Carvalho,Canada,Murad Rapid Resurgence Eye Lift 60ml,2022-12-21,4607.8,49
Laura Costa,Japan,Skinceuticals Physical Fusion UV Defense SPF 50 340g,2020-08-28,8213.8,131
Afonso Monteiro,Philippines,Murad Brightening Booster 250ml,2024-02-17,3969.92,47
Tomás Coelho,Argentina,Bioderma Sensibio H2O Micellar Water 150ml,2021-04-14,11075.22,210
Ana Vieira,India,Pixi Glow Tonic 50ml,2020-02-13,5892.97,75
Rodrigo Soares,Chile,La Roche-Posay Lipikar Balm AP+ 40ml,2022-06-25,20448.51,242
Rodrigo Coelho,Brazil,Paula's Choice DEFENSE Antioxidant Pore Purifier 30ml,2021-04-09,2057.77,42
Pedro Ferreira,Philippines,Estée Lauder Perfectly Clean Multi-Action Foam Cleanser 20ml,2022-06-03,14630.0,141
Mariana Soares,Sweden,First Aid Beauty KP Bump Eraser Body Scrub 100ml,2024-01-12,45499.26,384
Joana Santos,Spain,First Aid Beauty FAB Skin Lab Resurfacing Liquid 10% AHA 250ml,2023-12-26,1783.91,52
Catarina Correia,Mexico,Kiehl's Powerful-Strength Line-Reducing Concentrate 250ml,2023-01-22,20482.85,300
Afonso Jesus,France,Avène Hydrance Rich Rehydrating Cream 75ml,2024-01-26,829.88,29
Lucas Santos,Germany,Skinceuticals Phyto Corrective Gel 40ml,2022-12-25,2222.08,31
Miguel Marques,South Korea,Drunk Elephant T.L.C. Framboos Glycolic Night Serum 250ml,2021-09-08,4497.22,139
Francisco Mendes,United Kingdom,Drunk Elephant T.L.C. Framboos Glycolic Night Serum 75ml,2024-03-01,183.79,44
Tomás Ribeiro,Indonesia,The Ordinary Glycolic Acid 7% Toning Solution 15ml,2021-10-29,4361.36,140
Sofia Jesus,Canada,Tatcha The Silk Cream 40ml,2024-12-06,39192.95,414
Sofia Gomes,China,First Aid Beauty Ultra Repair Cream 60ml,2021-07-05,4625.3,134
Tiago Jesus,Thailand,COSRX Advanced Snail 92 All in One Cream 15ml,2020-11-26,160.79,41
Matilde Carvalho,Poland,Murad AHA/BHA Exfoliating Cleanser 150ml,2021-03-20,25475.04,252
Diogo Monteiro,Thailand,Skinceuticals Physical Fusion UV Defense SPF 50 30g,2021-09-24,45211.84,440
Diogo Oliveira,Brazil,CeraVe AM Facial Moisturising Lotion SPF25 60ml,2022-03-17,230.28,74
Margarida Pereira,Germany,Estée Lauder Nutritious Super-Pomegranate Radiant Energy Eye Jelly 15ml,2020-09-21,2030.35,23
Diogo Martins,Italy,Skinceuticals Discoloration Defense Serum 60ml,2024-09-26,6125.0,138
Afonso Vieira,Chile,The Ordinary Retinol 0.5% in Squalane 250ml,2023-04-11,1719.25,69
Laura Fernandes,Sweden,La Roche-Posay Lipikar Balm AP+ 125ml,2021-06-13,7310.16,104
Maria Fernandes,Sweden,Bioderma Nodé Detox Shampoo 20ml,2024-02-28,8303.44,80
Francisco Mendes,Mexico,La Roche-Posay Hyalu B5 Serum 50ml,2020-04-20,776.49,10
Inês Cardoso,Thailand,Skinceuticals Discoloration Defense Serum 56.7g,2020-04-08,12727.82,321
Inês Martins,Thailand,Pixi Glow Tonic 15ml,2021-12-16,12412.49,123
Laura Soares,Argentina,Bioderma Sensibio H2O Micellar Water 30ml,2022-04-04,1782.74,61
Ana Moreira,Poland,The Ordinary Salicylic Acid 2% Solution 15ml,2021-12-15,3399.94,135
Martim Ferreira,Thailand,Neutrogena Ultra Sheer Dry-Touch Sunscreen SPF 50+ 125ml,2021-03-26,5240.92,134
Afonso Martins,Argentina,First Aid Beauty FAB Skin Lab Resurfacing Liquid 10% AHA 56.7g,2021-03-17,10088.69,117
Tomás Neves,Poland,Paula's Choice SKIN RECOVERY Replenishing Moisturizer 100ml,2021-08-25,322.35,86
Leonor Martins,Chile,Clinique Take The Day Off Cleansing Balm 30ml,2020-12-22,1965.31,83
Afonso Martins,Germany,La Roche-Posay Anthelios Invisible Fluid SPF50+ 40ml,2023-10-10,11003.18,159
Tiago Jesus,Netherlands,Kiehl's Calendula Serum-Infused Water Cream 60ml,2022-03-11,3565.27,34
Ana Ferreira,Poland,Bioderma Nodé Detox Shampoo 50ml,2020-04-19,3081.34,45
Diogo Costa,Thailand,Pixi Hydrating Milky Serum 340g,2020-03-11,7325.37,80
Francisco Mendes,Singapore,CeraVe Healing Ointment 250ml,2021-05-09,3273.87,257
Catarina Neves,Mexico,First Aid Beauty FAB Skin Lab Resurfacing Liquid 10% AHA 75ml,2020-09-04,5969.77,127
Sara Mendes,China,La Roche-Posay Effaclar Mat Moisturiser 100ml,2023-09-08,1686.05,34
Gonçalo Ferreira,Chile,Kiehl's Creamy Eye Treatment with Avocado 200ml,2020-11-03,3214.92,261
João Martins,Spain,CeraVe PM Facial Moisturising Lotion 40ml,2021-06-27,7150.61,84
Maria Coelho,Germany,CeraVe PM Facial Moisturising Lotion 150ml,2024-12-04,11378.63,137
Maria Moreira,Canada,Clinique Turnaround Overnight Revitalizing Moisturizer 100ml,2022-04-06,450.7,34
Pedro Ferreira,Japan,The Ordinary Retinol 0.5% in Squalane 150ml,2024-12-01,6518.19,98
Sofia Jesus,Poland,The Ordinary Hyaluronic Acid 2% + B5 30ml,2020-05-14,2231.2,112
Mariana Martins,Netherlands,Pixi Vitamin-C Juice Cleanser 60ml,2022-07-12,2525.22,329
João Neves,Mexico,Olay Luminous Whip Face Moisturiser 60ml,2023-09-14,3367.75,132
Leonor Rodrigues,Poland,Skinceuticals C E Ferulic Serum 150ml,2022-03-03,1781.64,40
Leonor Marques,Brazil,Avène Cicalfate+ Restorative Protective Cream 75ml,2020-05-17,674.44,11
João Cardoso,Germany,Pixi Retinol Tonic 100ml,2021-10-31,5232.99,108
Beatriz Ferreira,Argentina,Estée Lauder Re-Nutriv Ultimate Lift Age-Correcting Crème 200ml,2024-06-03,9589.4,124
Mariana Soares,Indonesia,Estée Lauder Advanced Night Repair Serum 75ml,2024-06-01,10622.72,133
Catarina Martins,Brazil,The Ordinary Glycolic Acid 7% Toning Solution 75ml,2020-04-09,15926.01,198
Inês Nunes,Italy,REN Clean Skincare Radiance Perfection Serum 56.7g,2023-11-17,14362.42,230
Clara Cardoso,France,Bioderma Sebium Pore Refiner 340g,2020-09-04,13940.28,142
Martim Rodrigues,Brazil,REN Clean Skincare V-Cense Revitalising Eye Cream 30g,2023-10-03,11155.41,146
Tiago Cardoso,Poland,Bioderma Hydrabio Gel-Crème 60ml,2023-04-18,23449.39,336
Lucas Santos,Netherlands,La Roche-Posay Cicaplast Baume B5 250ml,2024-07-06,2948.22,159
Afonso Oliveira,Netherlands,First Aid Beauty Hello FAB Coconut Skin Smoothie Priming Moisturizer 20ml,2024-03-12,5053.84,99
João Martins,Colombia,La Roche-Posay Effaclar Mat Moisturiser 75ml,2021-05-23,34959.95,330
Rodrigo Cruz,China,Sunday Riley Saturn Sulfur Acne Treatment Mask 150ml,2024-09-23,15142.92,145
Maria Coelho,Thailand,Olay Retinol24 Night Moisturizer 30g,2020-01-21,1541.32,20
Inês Monteiro,Germany,Avène Eau Thermale Spray 40ml,2024-04-16,7380.69,105
Ana Vieira,Philippines,First Aid Beauty Hello FAB Coconut Skin Smoothie Priming Moisturizer 20ml,2023-12-17,6277.42,80
Matilde Moreira,China,COSRX AC Collection Lightweight Soothing Moisturizer 50ml,2021-07-26,34684.56,402
Leonor Pinto,Argentina,First Aid Beauty Hello FAB Coconut Skin Smoothie Priming Moisturizer 340g,2020-11-12,8773.95,116
Diogo Cardoso,United States,CeraVe Skin Renewing Night Cream 20ml,2023-02-17,938.62,54
Margarida Teixeira,Netherlands,Kiehl's Powerful-Strength Line-Reducing Concentrate 100ml,2020-08-22,1129.82,103
Rodrigo Jesus,Singapore,Sunday Riley Luna Sleeping Night Oil 50ml,2021-05-14,10532.56,230
Afonso Jesus,United Kingdom,The Ordinary Glycolic Acid 7% Toning Solution 125ml,2023-05-15,6752.12,317
Gonçalo Ferreira,Sweden,First Aid Beauty Ultra Repair Tinted Moisturizer SPF 30 30ml,2022-10-30,4987.34,144
Carolina Ferreira,Philippines,Avène Cicalfate+ Restorative Protective Cream 40ml,2020-08-21,2525.14,115
Martim Cardoso,Chile,REN Clean Skincare Evercalm Global Protection Day Cream 60ml,2022-04-15,479.04,58
Lucas Rodrigues,India,Skinceuticals Metacell Renewal B3 340g,2022-05-28,6588.25,115
Dinis Pereira,Japan,Kiehl's Creamy Eye Treatment with Avocado 100ml,2021-05-14,11676.14,120
Pedro Pereira,United Kingdom,CeraVe Hydrating Cleanser 200ml,2024-09-10,1689.22,44
Ana Monteiro,Germany,Tatcha The Clarifying Clay Mask 125ml,2023-10-13,7740.5,75
Tomás Rodrigues,Indonesia,Olay Super Serum 5-in-1 340g,2023-08-12,1704.69,15
Francisco Almeida,United Kingdom,Clinique Take The Day Off Cleansing Balm 340g,2021-05-19,1645.1,31
Tomás Almeida,South Korea,CeraVe AM Facial Moisturising Lotion SPF25 100ml,2020-10-22,797.12,38
Clara Cardoso,China,First Aid Beauty Eye Duty Triple Remedy AM Gel Cream 340g,2020-05-23,25183.49,289
Martim Marques,Mexico,Drunk Elephant Lala Retro Whipped Cream 100ml,2024-10-24,3499.29,53
Lucas Ribeiro,Poland,Neutrogena Cellular Boost Concentrate Serum 200ml,2021-12-01,20918.71,243
Gonçalo Fernandes,Poland,Drunk Elephant C-Firma Fresh Day Serum 125ml,2022-02-23,1472.96,38
Laura Carvalho,Canada,Avène XeraCalm A.D Lipid-Replenishing Cream 50ml,2020-05-30,1826.75,26
Dinis Carvalho,Argentina,REN Clean Skincare Clean Screen Mineral SPF30 30ml,2023-12-08,32184.17,272
Catarina Monteiro,Brazil,REN Clean Skincare Evercalm Global Protection Day Cream 56.7g,2020-06-05,2529.54,49
Tomás Rodrigues,United States,Paula's Choice CLINICAL 1% Retinol Treatment 200ml,2021-07-03,21513.76,380
Gonçalo Coelho,Sweden,Olay Regenerist Collagen Peptide24 Serum 20ml,2024-11-03,5815.97,180
Rafael Vieira,Germany,Clinique Repairwear Laser Focus Eye Cream 250ml,2020-04-19,643.25,35
Sofia Nunes,Poland,La Roche-Posay Cicaplast Baume B5 60ml,2024-07-25,8095.85,90
Rodrigo Pinto,Netherlands,Neutrogena Hydro Boost Water Gel 125ml,2020-02-21,2836.68,87
Rafael Pereira,Philippines,First Aid Beauty FAB Skin Lab Resurfacing Liquid 10% AHA 20ml,2024-04-07,4405.12,119
Tomás Neves,Sweden,First Aid Beauty FAB Skin Lab Resurfacing Liquid 10% AHA 250ml,2020-01-31,5317.1,57
Rafael Pereira,Thailand,Sunday Riley Auto Correct Brightening and Depuffing Eye Contour Cream 340g,2022-03-12,780.54,44
Francisco Almeida,India,Skinceuticals A.G.E. Eye Complex 40ml,2020-05-10,5376.57,90
Guilherme Costa,Colombia,Clinique Even Better Clinical Radical Dark Spot Corrector 40ml,2021-12-12,2142.99,103
Rodrigo Pinto,Brazil,Neutrogena Hydro Boost Eye Gel-Cream 50ml,2020-03-09,10914.49,92
Tomás Rodrigues,Netherlands,COSRX Advanced Snail 96 Mucin Power Essence 100ml,2024-06-23,6228.24,217
Sara Cruz,France,Skinceuticals Physical Fusion UV Defense SPF 50 20ml,2024-09-21,18590.35,196
João Neves,Poland,Kiehl's Creamy Eye Treatment with Avocado 340g,2023-06-05,14714.32,172
Mariana Soares,Philippines,The Ordinary AHA 30% + BHA 2% Peeling Solution 75ml,2024-10-16,11082.13,98
Tomás Martins,United Kingdom,Sunday Riley Ice Ceramide Moisturizing Cream 30g,2022-09-11,1512.67,39
Lucas Costa,India,CeraVe Hydrating Cleanser 56.7g,2020-07-10,1796.27,48
João Vieira,Colombia,Kiehl's Calendula Serum-Infused Water Cream 60ml,2021-08-28,7558.3,117
Tomás Neves,Poland,Clinique Repairwear Laser Focus Eye Cream 60ml,2024-02-01,1159.93,17
João Nunes,Brazil,The Ordinary Buffet Multi-Technology Peptide Serum 40ml,2020-10-28,7703.68,86
Gonçalo Rodrigues,United Kingdom,Tatcha The Essence Plump Skin Softener 30g,2022-05-11,1433.5,17
Rafael Gomes,Netherlands,The Ordinary Hyaluronic Acid 2% + B5 15ml,2022-09-09,1930.03,96
Francisco Mendes,Mexico,La Roche-Posay Toleriane Double Repair Moisturiser 250ml,2021-04-30,5991.51,66
Dinis Pereira,Argentina,Skinceuticals Physical Fusion UV Defense SPF 50 100ml,2024-12-25,854.68,12
Maria Fernandes,Colombia,Skinceuticals C E Ferulic Serum 150ml,2024-10-18,11934.0,364
Rafael Vieira,India,Kiehl's Clearly Corrective Dark Spot Solution 50ml,2023-03-09,3613.74,99
Sara Fernandes,Chile,Murad Retinol Youth Renewal Serum 30ml,2022-04-30,1945.77,120
Joana Fernandes,Chile,Tatcha The Rice Polish Foaming Enzyme Powder 200ml,2020-01-08,11435.41,141
Maria Correia,Italy,First Aid Beauty Ultra Repair Firming Collagen Cream 30g,2024-02-02,12719.26,357
Sofia Martins,Germany,Neutrogena Norwegian Formula Face Cream 340g,2023-05-01,288.7,11
Lucas Santos,India,Murad Cellular Hydration Barrier Repair Cream 15ml,2023-04-28,15939.45,225
Martim Ferreira,China,Drunk Elephant A-Passioni Retinol Cream 125ml,2023-08-13,6925.03,160
Laura Mendes,South Korea,Pixi Overnight Glow Serum 40ml,2021-08-07,12069.86,525
Guilherme Costa,China,Skinceuticals Phyto Corrective Gel 150ml,2023-10-18,5583.48,75
Maria Fernandes,France,Neutrogena Ultra Sheer Dry-Touch Sunscreen SPF 50+ 56.7g,2024-02-21,10226.24,120
Beatriz Marques,Netherlands,CeraVe Eye Repair Cream 60ml,2020-01-18,1936.36,42
Pedro Pereira,China,Sunday Riley Ice Ceramide Moisturizing Cream 100ml,2023-10-29,1925.13,134
Afonso Almeida,Spain,COSRX Balancium B5 Biome Comfort Cream 20ml,2024-12-12,27619.34,343
Pedro Sousa,Spain,Estée Lauder Advanced Night Repair Serum 56.7g,2021-02-01,1405.34,47
Laura Carvalho,Netherlands,REN Clean Skincare Perfect Canvas Clean Primer 20ml,2022-08-15,15948.74,143
Afonso Monteiro,Mexico,La Roche-Posay Toleriane Double Repair Moisturiser 20ml,2023-02-15,5694.12,288
Francisco Almeida,Thailand,REN Clean Skincare Clean Screen Mineral SPF30 56.7g,2023-08-20,9299.42,122
Laura Soares,Japan,CeraVe AM Facial Moisturising Lotion SPF25 56.7g,2023-03-03,1551.55,54
Pedro Santos,China,Pixi Retinol Tonic 60ml,2021-10-31,8525.84,74
Carolina Vieira,United States,Avène Eau Thermale Spray 40ml,2024-01-09,4217.64,155
Catarina Monteiro,Italy,Drunk Elephant B-Hydra Intensive Hydration Serum 20ml,2023-03-16,7800.87,143
Tiago Jesus,Canada,Murad Vita-C Glycolic Brightening Serum 40ml,2024-05-23,12481.11,113
Ana Vieira,United States,CeraVe AM Facial Moisturising Lotion SPF25 20ml,2021-11-08,13488.78,197
Martim Rodrigues,Germany,CeraVe AM Facial Moisturising Lotion SPF25 30g,2022-12-14,11943.93,136
Ana Ferreira,Mexico,Olay Super Serum 5-in-1 56.7g,2024-07-02,7550.02,159
Laura Pereira,Canada,REN Clean Skincare Vita Mineral Active 7 Eye Gel 340g,2023-10-31,5333.75,63
Mariana Soares,France,Tatcha The Clarifying Clay Mask 50ml,2024-10-31,1443.99,82
Rodrigo Jesus,China,CeraVe Skin Renewing Night Cream 150ml,2022-05-05,32288.12,290
Inês Ferreira,Argentina,Neutrogena Bright Boost Gel Cream 60ml,2024-03-22,3894.16,145
Tomás Martins,United Kingdom,Bioderma Sensibio Light Soothing Cream 56.7g,2023-05-22,5130.52,69
Mariana Martins,India,Bioderma Atoderm Intensive Baume 30g,2021-08-22,7379.44,69
Beatriz Cardoso,South Korea,Skinceuticals A.G.E. Eye Complex 40ml,2022-08-15,24580.75,234
Tomás Martins,Netherlands,Sunday Riley UFO Ultra-Clarifying Face Oil 100ml,2023-07-09,3699.12,98
Sara Mendes,Poland,Clinique All About Eyes Rich 20ml,2023-11-10,24470.35,503
Maria Coelho,Brazil,Tatcha The Indigo Overnight Repair Treatment 250ml,2021-02-28,7022.66,130
Catarina Correia,Colombia,Olay Retinol24 Night Moisturizer 30g,2022-12-05,3548.92,64
Maria Coelho,Germany,Neutrogena Bright Boost Gel Cream 15ml,2020-04-16,12487.83,133
Diogo Cardoso,Poland,Estée Lauder Revitalizing Supreme+ Moisturizer 56.7g,2023-08-29,22411.29,429
Ana Ferreira,France,First Aid Beauty Ultra Repair Firming Collagen Cream 30ml,2022-06-07,2201.64,32
Joana Oliveira,India,Estée Lauder DayWear Multi-Protection Anti-Oxidant 24H Moisturizer SPF15 125ml,2024-06-01,2056.97,37
Carolina Vieira,Japan,First Aid Beauty Hello FAB Coconut Skin Smoothie Priming Moisturizer 100ml,2024-02-05,14737.18,144
Sara Almeida,China,Drunk Elephant T.L.C. Framboos Glycolic Night Serum 15ml,2023-06-22,29253.14,347
Tomás Correia,United States,Bioderma Hydrabio Gel-Crème 56.7g,2021-05-24,2132.65,22
Lucas Ribeiro,Mexico,Tatcha The Dewy Skin Cream 60ml,2024-09-26,3202.66,166
Afonso Monteiro,Canada,Avène Eau Thermale Spray 56.7g,2020-06-28,1219.2,36
Ana Ferreira,Thailand,Avène Cleanance Expert Emulsion 50ml,2021-07-29,4450.47,79
Dinis Silva,Germany,COSRX Balancium B5 Biome Comfort Cream 125ml,2022-03-10,13199.4,150
Maria Ferreira,Sweden,Sunday Riley Luna Sleeping Night Oil 40ml,2021-10-01,796.77,48
Rodrigo Pereira,Indonesia,Drunk Elephant A-Passioni Retinol Cream 60ml,2023-03-19,10407.39,101
Ana Teixeira,Thailand,Tatcha The Water Cream 30ml,2021-02-20,897.21,12
Clara Gomes,Thailand,Bioderma Sebium Pore Refiner 150ml,2021-04-01,10551.59,117
Francisco Jesus,Singapore,Olay Regenerist Collagen Peptide24 Serum 200ml,2022-01-02,31878.16,272
Ana Vieira,United States,COSRX Oil-Free Ultra-Moisturizing Lotion 200ml,2024-08-10,1253.98,33
Inês Cardoso,Thailand,Kiehl's Midnight Recovery Concentrate 250ml,2022-02-12,31798.03,389
Laura Mendes,Spain,Kiehl's Creamy Eye Treatment with Avocado 340g,2023-09-27,6443.01,61
Sofia Mendes,Brazil,The Ordinary Salicylic Acid 2% Solution 250ml,2021-08-31,3314.57,57
Ana Monteiro,India,Tatcha The Eye Concentrate 125ml,2024-09-05,4061.35,56
Lucas Ribeiro,Sweden,Skinceuticals Discoloration Defense Serum 50ml,2023-07-11,17865.75,325
Rafael Pereira,Mexico,REN Clean Skincare V-Cense Revitalising Eye Cream 150ml,2023-08-31,2274.62,72
Ana Moreira,Thailand,Pixi Skintreats Rose Caviar Eye Cream 250ml,2021-01-19,11557.67,100
João Neves,South Korea,First Aid Beauty KP Bump Eraser Body Scrub 15ml,2023-10-14,9235.4,102
Margarida Pereira,Philippines,Skinceuticals Physical Fusion UV Defense SPF 50 200ml,2024-06-05,18219.11,344
Diogo Rodrigues,Philippines,Murad AHA/BHA Exfoliating Cleanser 200ml,2023-02-12,2386.56,22
Laura Costa,India,Bioderma Pigmentbio C-Concentrate Brightening Serum 200ml,2024-11-30,6505.33,116
Sofia Carvalho,Italy,La Roche-Posay Effaclar Mat Moisturiser 56.7g,2021-04-02,8408.84,74
Rafael Mendes,Mexico,The Ordinary Buffet Multi-Technology Peptide Serum 30g,2021-07-14,5024.05,100
Clara Ferreira,Singapore,The Ordinary Buffet Multi-Technology Peptide Serum 340g,2023-02-18,75.79,14
Tiago Cardoso,Canada,Sunday Riley C.E.O. 15% Vitamin C Brightening Serum 15ml,2022-01-20,3509.57,34
Maria Ferreira,Indonesia,Avène Cleanance Expert Emulsion 50ml,2020-12-22,7633.82,76
Miguel Ferreira,United States,Tatcha The Rice Polish Foaming Enzyme Powder 150ml,2023-07-20,5095.48,76
Rodrigo Soares,Sweden,Drunk Elephant Protini Polypeptide Cream 250ml,2021-10-08,20019.19,178
Martim Marques,Colombia,Avène Eau Thermale Spray 60ml,2022-08-30,7487.33,86
Afonso Vieira,Thailand,Neutrogena Ultra Sheer Dry-Touch Sunscreen SPF 50+ 100ml,2023-03-14,3862.28,66
Catarina Martins,South Korea,Murad Retinol Youth Renewal Serum 125ml,2023-06-05,2317.61,55
Carolina Marques,Chile,Avène Retrinal+ 0.1 Intensive Cream 30g,2020-09-07,1106.7,22
Clara Gomes,China,Estée Lauder Re-Nutriv Ultimate Lift Age-Correcting Crème 200ml,2024-05-30,939.18,11
Inês Cardoso,Thailand,Drunk Elephant C-Firma Fresh Day Serum 60ml,2021-07-15,13558.48,125
Mariana Teixeira,Canada,Avène Antirougeurs Jour Redness Relief Cream 150ml,2023-07-03,4735.51,81
Afonso Vieira,India,Neutrogena Hydro Boost Eye Gel-Cream 40ml,2023-04-26,4641.05,123
João Nunes,Poland,Skinceuticals B5 Gel Hydrating Serum 20ml,2022-06-22,13925.31,197
Leonor Jesus,Indonesia,Olay Regenerist Micro-Sculpting Cream 20ml,2024-11-03,2342.67,77
Laura Costa,Sweden,Olay Super Serum 5-in-1 40ml,2021-10-28,4125.6,50
Joana Santos,Poland,Avène Cicalfate+ Restorative Protective Cream 60ml,2022-09-22,4124.87,58
Diogo Cardoso,Poland,Avène Cleanance Expert Emulsion 125ml,2022-08-29,3628.66,64
Margarida Oliveira,Argentina,Olay Vitamin C + Peptide 24 Face Moisturizer 56.7g,2021-05-12,30288.18,322
Gonçalo Fernandes,Sweden,Paula's Choice CLINICAL 1% Retinol Treatment 200ml,2023-01-07,5166.8,59
Lucas Rodrigues,Thailand,Kiehl's Creamy Eye Treatment with Avocado 20ml,2021-07-03,4686.1,331
Inês Nunes,Colombia,CeraVe Hydrating Cleanser 100ml,2022-10-29,27914.82,321
Laura Carvalho,Mexico,REN Clean Skincare Clean Screen Mineral SPF30 20ml,2024-01-02,593.65,95
Matilde Cruz,South Korea,Sunday Riley UFO Ultra-Clarifying Face Oil 15ml,2024-09-17,1688.43,116
Carolina Pereira,Italy,Drunk Elephant T.L.C. Framboos Glycolic Night Serum 125ml,2023-10-24,84.94,15
Dinis Silva,South Korea,COSRX Advanced Snail 92 All in One Cream 250ml,2021-10-06,2422.53,85
Matilde Moreira,United States,Sunday Riley UFO Ultra-Clarifying Face Oil 40ml,2021-03-21,1855.96,135
Lucas Costa,Singapore,Estée Lauder Revitalizing Supreme+ Moisturizer 75ml,2020-05-10,4799.24,54
Ana Moreira,United States,Avène Antirougeurs Jour Redness Relief Cream 40ml,2023-01-19,7752.12,121
Diogo Ribeiro,India,Kiehl's Clearly Corrective Dark Spot Solution 340g,2021-09-30,4990.11,137
Tiago Gomes,United States,Neutrogena Cellular Boost Concentrate Serum 30g,2022-04-09,24412.96,266
Diogo Rocha,Italy,Avène Eau Thermale Spray 40ml,2020-11-06,2984.08,40
João Nunes,Philippines,Estée Lauder Perfectly Clean Multi-Action Foam Cleanser 30ml,2021-06-29,17900.21,192
Afonso Martins,Sweden,Estée Lauder DayWear Multi-Protection Anti-Oxidant 24H Moisturizer SPF15 250ml,2022-09-03,6491.37,142
Tomás Almeida,Indonesia,Sunday Riley Ice Ceramide Moisturizing Cream 30ml,2022-11-11,30078.93,308
Afonso Sousa,Italy,CeraVe PM Facial Moisturising Lotion 60ml,2020-01-07,26038.87,418
Tomás Martins,Brazil,Skinceuticals A.G.E. Eye Complex 75ml,2020-05-03,2393.57,44
Francisco Mendes,Indonesia,Skinceuticals Phyto Corrective Gel 250ml,2021-09-07,1333.13,20
Tiago Jesus,France,Kiehl's Calendula Serum-Infused Water Cream 30g,2024-12-04,852.5,50
Inês Ribeiro,Chile,Drunk Elephant C-Firma Fresh Day Serum 15ml,2022-03-01,26478.25,310
Leonor Marques,Spain,Kiehl's Super Multi-Corrective Anti-Aging Face & Neck Cream 100ml,2022-09-11,14143.11,143
Rodrigo Pereira,United States,The Ordinary Buffet Multi-Technology Peptide Serum 60ml,2022-10-13,6366.86,112
Diogo Neves,India,Neutrogena Cellular Boost Concentrate Serum 100ml,2024-11-06,1913.91,26
Ana Moreira,France,First Aid Beauty FAB Skin Lab Resurfacing Liquid 10% AHA 50ml,2021-12-19,767.65,20
Ana Ferreira,Sweden,Bioderma Atoderm Intensive Baume 150ml,2021-10-15,10248.72,401
Martim Teixeira,Poland,Paula's Choice EARTH SOURCED Antioxidant-Enriched Natural Moisturizer 56.7g,2021-04-15,17773.36,184
Gonçalo Fernandes,United Kingdom,Tatcha The Rice Polish Foaming Enzyme Powder 150ml,2023-04-16,10402.11,111
Margarida Silva,Japan,CeraVe Eye Repair Cream 340g,2022-02-10,9360.09,127
Dinis Ferreira,South Korea,Tatcha The Silk Cream 30g,2022-09-05,7516.86,70
Pedro Ferreira,Thailand,Skinceuticals Metacell Renewal B3 150ml,2020-09-15,5779.15,55
Tomás Martins,Thailand,Clinique All About Eyes Rich 340g,2023-08-11,4500.67,147
Diogo Martins,Germany,Kiehl's Midnight Recovery Concentrate 150ml,2022-05-16,1038.77,23
Tiago Cardoso,Indonesia,Tatcha The Dewy Skin Cream 100ml,2023-03-08,17384.04,161
Sofia Mendes,Sweden,Skinceuticals Metacell Renewal B3 40ml,2023-05-13,4420.25,71
Rafael Gomes,Canada,Drunk Elephant A-Passioni Retinol Cream 20ml,2020-05-31,1622.3,38
Joana Teixeira,Argentina,The Ordinary Glycolic Acid 7% Toning Solution 56.7g,2024-03-17,4343.86,106
Matilde Teixeira,Mexico,The Ordinary Glycolic Acid 7% Toning Solution 15ml,2021-11-25,4520.63,149
Clara Gomes,France,Bioderma Pigmentbio C-Concentrate Brightening Serum 40ml,2024-05-27,13019.0,114
Matilde Moreira,Thailand,COSRX AC Collection Lightweight Soothing Moisturizer 40ml,2023-03-02,2086.0,49
Maria Ferreira,Mexico,COSRX Oil-Free Ultra-Moisturizing Lotion 40ml,2022-11-23,4789.66,142
Mariana Soares,Japan,Pixi Retinol Tonic 30g,2021-08-15,1157.14,14
Guilherme Costa,Brazil,Tatcha The Indigo Overnight Repair Treatment 200ml,2022-01-20,411.71,21
Afonso Vieira,Poland,First Aid Beauty Ultra Repair Cream 200ml,2023-07-12,5505.38,71
Sofia Mendes,Indonesia,Murad Hydro-Dynamic Ultimate Moisture 56.7g,2023-11-17,28632.58,459
Mariana Cruz,Mexico,Drunk Elephant Virgin Marula Luxury Face Oil 15ml,2021-04-26,537.7,10
Catarina Neves,Singapore,CeraVe Hydrating Cleanser 200ml,2021-10-05,3134.58,85
Margarida Cardoso,Germany,Paula's Choice CALM Redness Relief Moisturizer SPF 30 150ml,2023-07-25,2609.18,47
Laura Mendes,Indonesia,CeraVe Renewing SA Cream 125ml,2021-07-12,10554.56,296
Pedro Cruz,United States,Murad Retinol Youth Renewal Serum 75ml,2023-10-07,3369.68,50
Margarida Pereira,United States,CeraVe Hydrating Cleanser 200ml,2020-01-18,55662.8,471
Mariana Mendes,France,Avène Hydrance Rich Rehydrating Cream 40ml,2020-10-26,29828.19,292
Martim Rodrigues,Netherlands,Sunday Riley Ice Ceramide Moisturizing Cream 50ml,2024-05-01,1885.03,45
Ana Nunes,Brazil,Paula's Choice SKIN RECOVERY Replenishing Moisturizer 50ml,2024-08-24,9480.34,84
Dinis Pereira,Canada,Neutrogena Norwegian Formula Face Cream 60ml,2024-11-02,10204.07,201
João Martins,Philippines,La Roche-Posay Cicaplast Baume B5 15ml,2022-10-26,843.78,97
Leonor Rodrigues,Philippines,The Ordinary Niacinamide 10% + Zinc 1% 340g,2023-04-21,11996.78,133
Mariana Mendes,China,COSRX Advanced Snail 96 Mucin Power Essence 340g,2021-03-04,10633.2,100
Leonor Rodrigues,Singapore,Murad Brightening Booster 125ml,2022-02-25,5689.85,84
Catarina Neves,China,Estée Lauder Revitalizing Supreme+ Moisturizer 250ml,2024-05-11,251.2,26
Mariana Teixeira,Spain,Murad Cellular Hydration Barrier Repair Cream 125ml,2023-04-22,1786.6,32
Tiago Gomes,South Korea,CeraVe Hydrating Cleanser 20ml,2023-04-20,304.71,20
Laura Fernandes,France,The Ordinary Niacinamide 10% + Zinc 1% 40ml,2023-11-28,2002.67,115
Guilherme Costa,United States,La Roche-Posay Toleriane Hydrating Gentle Cleanser 340g,2022-11-11,1403.17,95
Mariana Cruz,India,Murad Vita-C Glycolic Brightening Serum 250ml,2022-12-15,32252.37,314
Rafael Vieira,Poland,Clinique All About Eyes Rich 75ml,2020-07-10,3070.49,49
Afonso Monteiro,Argentina,COSRX Balancium B5 Biome Comfort Cream 20ml,2023-12-25,11408.38,105
Carolina Jesus,United Kingdom,La Roche-Posay Anthelios Invisible Fluid SPF50+ 100ml,2021-04-07,2679.3,40
Rafael Neves,Poland,Clinique Repairwear Laser Focus Eye Cream 125ml,2022-06-24,5160.09,64
Mariana Teixeira,Sweden,Skinceuticals Physical Fusion UV Defense SPF 50 50ml,2021-12-07,6056.76,130
Rafael Mendes,China,Neutrogena Hydro Boost Water Gel 30ml,2021-04-10,15170.6,143
Miguel Ferreira,Colombia,COSRX Oil-Free Ultra-Moisturizing Lotion 200ml,2022-06-04,10996.61,231
Afonso Pereira,Germany,Murad Hydro-Dynamic Ultimate Moisture 60ml,2021-04-17,16147.76,146
Laura Fernandes,Chile,Murad Vita-C Glycolic Brightening Serum 125ml,2020-03-13,1342.25,19
Maria Coelho,United Kingdom,La Roche-Posay Effaclar Mat Moisturiser 30g,2022-02-20,13643.98,142
Sofia Jesus,Poland,Sunday Riley UFO Ultra-Clarifying Face Oil 125ml,2024-03-15,20355.8,186
Afonso Martins,Poland,Clinique Smart Night Custom-Repair Moisturiser 20ml,2020-03-02,8244.15,97
Afonso Martins,Italy,First Aid Beauty FAB Skin Lab Resurfacing Liquid 10% AHA 125ml,2024-12-29,4739.54,139
Rodrigo Pereira,Chile,REN Clean Skincare V-Cense Revitalising Eye Cream 200ml,2021-06-12,6442.8,101
Miguel Rocha,Mexico,La Roche-Posay Effaclar Mat Moisturiser 100ml,2020-10-06,41207.78,411
João Nunes,Mexico,The Ordinary AHA 30% + BHA 2% Peeling Solution 250ml,2023-08-26,2227.02,31
Matilde Carvalho,India,Olay Regenerist Collagen Peptide24 Serum 40ml,2020-08-24,235.63,26
Martim Rodrigues,Indonesia,Kiehl's Midnight Recovery Concentrate 125ml,2022-03-13,7142.17,140
Tiago Jesus,Germany,Drunk Elephant C-Firma Fresh Day Serum 75ml,2022-09-02,47502.38,465
Mariana Mendes,Singapore,Drunk Elephant Virgin Marula Luxury Face Oil 20ml,2021-07-17,1026.63,64
Diogo Oliveira,Canada,Pixi Vitamin-C Juice Cleanser 40ml,2023-08-11,1111.04,12
Laura Soares,Brazil,Skinceuticals A.G.E. Eye Complex 340g,2020-03-22,3865.98,131
Laura Pereira,Spain,Avène Cicalfate+ Restorative Protective Cream 15ml,2024-05-10,3954.57,76
João Martins,Indonesia,COSRX Oil-Free Ultra-Moisturizing Lotion 340g,2021-07-10,4231.92,146
João Mendes,Japan,Olay Super Serum 5-in-1 30g,2020-08-05,1219.68,123
Leonor Jesus,Philippines,First Aid Beauty Pure Skin Face Cleanser 200ml,2022-07-07,4921.53,52
Ana Teixeira,Philippines,Tatcha The Essence Plump Skin Softener 200ml,2024-08-14,1975.72,41
Tomás Rodrigues,Indonesia,REN Clean Skincare Radiance Perfection Serum 200ml,2021-06-24,11162.56,120
Afonso Pereira,Singapore,Sunday Riley C.E.O. 15% Vitamin C Brightening Serum 50ml,2022-01-29,701.83,25
Afonso Rocha,Colombia,Paula's Choice EARTH SOURCED Antioxidant-Enriched Natural Moisturizer 340g,2021-01-18,42673.91,393
Rodrigo Cruz,Argentina,COSRX Advanced Snail 92 All in One Cream 250ml,2022-10-07,1063.6,24
Tomás Neves,Chile,La Roche-Posay Anthelios Invisible Fluid SPF50+ 340g,2021-07-05,9676.96,143
Margarida Teixeira,India,Paula's Choice SKIN RECOVERY Replenishing Moisturizer 60ml,2024-08-18,843.32,39
Francisco Mendes,Spain,The Ordinary Salicylic Acid 2% Solution 250ml,2020-10-27,3508.14,68
Lucas Rodrigues,Spain,Neutrogena Oil-Free Acne Wash 75ml,2021-10-03,6286.12,79
Ana Ferreira,Thailand,First Aid Beauty Ultra Repair Tinted Moisturizer SPF 30 20ml,2022-11-30,28454.89,306
Rodrigo Pinto,Thailand,Avène Eau Thermale Spray 50ml,2022-03-27,8703.72,122
Maria Correia,Thailand,Estée Lauder Resilience Lift Firming & Sculpting Eye Cream 60ml,2021-01-20,3668.58,106
Afonso Neves,Italy,First Aid Beauty FAB Skin Lab Resurfacing Liquid 10% AHA 30ml,2024-01-09,3216.97,105
Pedro Cruz,Poland,COSRX AC Collection Lightweight Soothing Moisturizer 60ml,2021-12-20,3596.26,36
Afonso Vieira,France,Murad Hydro-Dynamic Ultimate Moisture 75ml,2023-06-24,7288.3,104
Rodrigo Soares,United Kingdom,REN Clean Skincare V-Cense Revitalising Eye Cream 250ml,2024-05-01,25310.32,268
Tiago Carvalho,Spain,The Ordinary Buffet Multi-Technology Peptide Serum 30ml,2022-01-26,14963.65,134
Laura Soares,Italy,Pixi Vitamin-C Juice Cleanser 30ml,2022-05-17,4709.71,82
Afonso Jesus,France,Sunday Riley Ice Ceramide Moisturizing Cream 40ml,2021-06-15,3335.75,260
Leonor Martins,Singapore,Skinceuticals Metacell Renewal B3 150ml,2021-03-22,5393.66,118
Leonor Jesus,Japan,Neutrogena Bright Boost Gel Cream 30g,2023-03-30,217.68,60
Rodrigo Soares,United States,La Roche-Posay Lipikar Balm AP+ 30g,2022-06-01,3776.02,98
Mariana Soares,Netherlands,Paula's Choice CLINICAL 1% Retinol Treatment 50ml,2022-01-24,4167.35,92
Catarina Correia,Argentina,The Ordinary Natural Moisturising Factors + HA 30ml,2020-12-09,228.29,37
Diogo Costa,Mexico,Avène Cicalfate+ Restorative Protective Cream 340g,2020-03-26,11199.4,99
Beatriz Jesus,South Korea,CeraVe Eye Repair Cream 100ml,2022-04-19,12503.18,257
Gonçalo Ribeiro,India,Skinceuticals Phyto Corrective Gel 250ml,2023-06-03,10385.86,126
Rafael Pereira,United States,Estée Lauder DayWear Multi-Protection Anti-Oxidant 24H Moisturizer SPF15 50ml,2022-03-02,6132.3,76
Pedro Santos,Poland,La Roche-Posay Toleriane Hydrating Gentle Cleanser 40ml,2021-01-18,4043.51,127
Clara Monteiro,France,Avène Cleanance Expert Emulsion 125ml,2021-03-11,2150.36,22
Ana Ferreira,Sweden,La Roche-Posay Cicaplast Baume B5 60ml,2024-12-29,5757.33,149
Pedro Ferreira,Japan,First Aid Beauty Eye Duty Triple Remedy AM Gel Cream 250ml,2024-11-02,370.13,40
Beatriz Cardoso,Chile,Paula's Choice BOOST 10% Niacinamide Booster 56.7g,2024-06-14,15599.82,139
Afonso Jesus,Indonesia,REN Clean Skincare Radiance Perfection Serum 340g,2024-11-04,2207.64,53
Ana Ferreira,Italy,Clinique Moisture Surge 100H Auto-Replenishing Hydrator 75ml,2024-02-23,342.0,13
Rodrigo Jesus,China,Drunk Elephant T.L.C. Framboos Glycolic Night Serum 100ml,2022-05-09,2955.48,87
Lucas Santos,South Korea,CeraVe Renewing SA Cream 56.7g,2023-04-13,412.2,49
Tomás Coelho,Canada,Estée Lauder Revitalizing Supreme+ Moisturizer 30ml,2021-03-03,5087.2,67
Mariana Cruz,Indonesia,Clinique Take The Day Off Cleansing Balm 200ml,2021-04-04,3933.56,133
Pedro Ferreira,South Korea,Clinique Repairwear Laser Focus Eye Cream 125ml,2022-01-16,17396.67,202
Sofia Gomes,Netherlands,Kiehl's Super Multi-Corrective Anti-Aging Face & Neck Cream 50ml,2021-10-16,4634.45,72
Carolina Ferreira,Brazil,Avène Eau Thermale Spray 150ml,2024-02-18,25427.9,220
Gonçalo Ferreira,Philippines,Paula's Choice SKIN PERFECTING 2% BHA Liquid Exfoliant 150ml,2022-09-26,10024.7,129
Rodrigo Pereira,United Kingdom,Neutrogena Oil-Free Acne Wash 60ml,2022-01-31,4185.58,35
Rodrigo Coelho,Singapore,Kiehl's Creamy Eye Treatment with Avocado 30g,2024-03-29,8808.69,128
Miguel Martins,Argentina,Pixi Overnight Glow Serum 75ml,2023-09-17,9035.1,146
Rodrigo Moreira,China,Murad Rapid Resurgence Eye Lift 125ml,2023-12-08,23684.71,315
Rafael Mendes,Singapore,Pixi +C VIT Brightening Serum 20ml,2022-02-18,421.5,77
Dinis Carvalho,Canada,Paula's Choice SKIN PERFECTING 2% BHA Liquid Exfoliant 250ml,2023-03-30,12006.93,133
Pedro Cruz,Indonesia,Estée Lauder Advanced Night Repair Serum 40ml,2021-12-18,1561.41,15
Matilde Moreira,Japan,Drunk Elephant Lala Retro Whipped Cream 200ml,2020-10-10,2504.58,53
Tomás Neves,Indonesia,First Aid Beauty Eye Duty Triple Remedy AM Gel Cream 340g,2024-12-02,596.69,12
João Nunes,India,Tatcha The Indigo Overnight Repair Treatment 15ml,2022-09-21,11665.6,190
Sofia Gomes,Germany,La Roche-Posay Lipikar Balm AP+ 340g,2020-09-18,2634.82,332
Miguel Ferreira,Indonesia,Sunday Riley Good Genes All-In-One Lactic Acid Treatment 340g,2024-05-31,1951.07,92
Martim Cardoso,India,REN Clean Skincare Radiance Perfection Serum 100ml,2024-01-20,8899.77,248
Dinis Monteiro,Thailand,Pixi Hydrating Milky Serum 40ml,2020-12-12,6315.25,135
Laura Soares,France,Tatcha The Dewy Skin Cream 250ml,2022-03-12,20989.87,321
Leonor Martins,Poland,First Aid Beauty Ultra Repair Tinted Moisturizer SPF 30 30ml,2020-01-13,2735.55,40
Margarida Pereira,Netherlands,First Aid Beauty Ultra Repair Cream 340g,2021-05-14,4983.75,66
Diogo Rocha,Japan,Estée Lauder Resilience Lift Firming & Sculpting Eye Cream 340g,2024-04-08,217.9,35
Gonçalo Ferreira,Canada,Bioderma Pigmentbio C-Concentrate Brightening Serum 50ml,2022-05-13,7827.75,103
Ana Monteiro,Spain,REN Clean Skincare Perfect Canvas Clean Primer 60ml,2022-01-11,6053.35,63
Afonso Martins,Singapore,Tatcha The Water Cream 125ml,2021-12-01,9394.4,113
Sara Cruz,United States,Paula's Choice DEFENSE Antioxidant Pore Purifier 40ml,2023-07-18,3837.79,57
Rafael Neves,Singapore,Skinceuticals Physical Fusion UV Defense SPF 50 30ml,2022-12-13,15802.25,149
Maria Fernandes,Philippines,Paula's Choice SKIN RECOVERY Replenishing Moisturizer 60ml,2021-07-27,1701.82,59
Rafael Pereira,Netherlands,La Roche-Posay Toleriane Hydrating Gentle Cleanser 100ml,2020-11-04,1112.78,20
Rodrigo Soares,Philippines,Kiehl's Powerful-Strength Line-Reducing Concentrate 40ml,2023-07-17,15837.87,278
Tomás Correia,India,Olay Total Effects 7-in-1 Moisturiser 250ml,2020-08-05,1532.29,148
Maria Moreira,Singapore,Bioderma Nodé Detox Shampoo 200ml,2022-01-19,6103.75,404
Dinis Monteiro,Japan,Avène Retrinal+ 0.1 Intensive Cream 100ml,2021-09-29,8195.51,132
Catarina Neves,India,Clinique Moisture Surge 100H Auto-Replenishing Hydrator 15ml,2020-12-01,31622.32,396
Lucas Costa,Germany,CeraVe Moisturising Cream 15ml,2020-04-26,3806.76,45
Gonçalo Rodrigues,Netherlands,Paula's Choice CLINICAL 1% Retinol Treatment 20ml,2022-06-19,6839.78,123
Afonso Monteiro,United States,CeraVe PM Facial Moisturising Lotion 340g,2021-04-27,1503.07,46
Martim Silva,Italy,Tatcha The Essence Plump Skin Softener 56.7g,2023-04-01,2155.39,83
Maria Moreira,Japan,Skinceuticals B5 Gel Hydrating Serum 340g,2022-03-22,3001.77,79
Ana Nunes,United States,First Aid Beauty KP Bump Eraser Body Scrub 20ml,2021-10-27,1576.74,15
Catarina Neves,China,Estée Lauder Advanced Night Repair Serum 40ml,2024-12-20,8582.85,167
Ana Vieira,Colombia,Bioderma Sensibio Light Soothing Cream 250ml,2020-04-24,6487.79,116
Dinis Carvalho,United Kingdom,Clinique Dramatically Different Moisturising Lotion+ 20ml,2020-06-20,4445.14,52
Rodrigo Pinto,United States,Clinique Repairwear Laser Focus Eye Cream 20ml,2024-09-14,1294.3,45
João Nunes,Chile,COSRX Ultimate Moisturizing Honey Overnight Mask 30g,2023-07-27,12425.66,129
Tomás Coelho,Philippines,First Aid Beauty KP Bump Eraser Body Scrub 200ml,2024-10-27,3612.68,125
Pedro Santos,South Korea,REN Clean Skincare Radiance Perfection Serum 30ml,2024-10-30,7448.62,84
Tomás Ribeiro,China,Neutrogena Cellular Boost Concentrate Serum 56.7g,2021-05-04,1275.18,82
Gonçalo Rodrigues,Canada,CeraVe Eye Repair Cream 30ml,2023-02-02,4997.51,86
Margarida Pereira,Netherlands,Tatcha The Silk Cream 200ml,2020-11-23,3466.39,110
Matilde Moreira,India,Clinique Repairwear Laser Focus Eye Cream 40ml,2021-01-09,10713.69,131
Francisco Mendes,Philippines,Avène Retrinal+ 0.1 Intensive Cream 125ml,2022-05-29,4742.19,45
Mariana Cruz,Sweden,Pixi +C VIT Brightening Serum 40ml,2023-08-26,12306.18,197
Laura Mendes,Mexico,Paula's Choice CALM Redness Relief Moisturizer SPF 30 100ml,2023-06-17,587.06,42
Afonso Sousa,Poland,COSRX AC Collection Lightweight Soothing Moisturizer 125ml,2020-08-12,4584.8,141
Sara Almeida,Colombia,REN Clean Skincare Vita Mineral Active 7 Eye Gel 20ml,2022-06-09,4526.33,67
João Vieira,India,COSRX AHA/BHA Clarifying Treatment Toner 150ml,2022-12-27,13899.5,233
Pedro Cruz,Sweden,COSRX Balancium B5 Biome Comfort Cream 30ml,2020-10-05,7030.28,75
Mariana Soares,Sweden,Neutrogena Norwegian Formula Face Cream 40ml,2021-09-02,15981.31,304
Inês Martins,Germany,REN Clean Skincare Ready Steady Glow Daily AHA Tonic 125ml,2022-07-22,6739.71,436
Margarida Mendes,Colombia,CeraVe Eye Repair Cream 30ml,2020-01-20,5663.72,132
Tomás Ribeiro,Sweden,The Ordinary Buffet Multi-Technology Peptide Serum 150ml,2021-02-14,6226.22,72
Beatriz Jesus,Spain,Skinceuticals Discoloration Defense Serum 125ml,2021-03-14,8305.55,249
João Mendes,Brazil,La Roche-Posay Hyalu B5 Serum 75ml,2024-11-19,4664.97,87
Sofia Nunes,Spain,Neutrogena Rapid Wrinkle Repair Retinol Cream 60ml,2024-11-24,12781.44,225
Laura Ribeiro,South Korea,Avène Eau Thermale Spray 125ml,2023-11-16,12876.25,223
Sofia Rodrigues,Brazil,REN Clean Skincare Evercalm Global Protection Day Cream 20ml,2022-10-13,15365.73,141
Margarida Cardoso,Poland,COSRX AHA/BHA Clarifying Treatment Toner 40ml,2022-09-30,5822.35,96
Rafael Martins,Italy,First Aid Beauty Pure Skin Face Cleanser 100ml,2024-02-02,2055.75,94
Francisco Mendes,Netherlands,Kiehl's Ultra Facial Cream 20ml,2020-09-15,7023.12,72
Lucas Costa,Singapore,Murad Cellular Hydration Barrier Repair Cream 30ml,2022-04-08,19060.73,203
Matilde Moreira,Mexico,Murad Brightening Booster 60ml,2020-07-08,6158.52,62
Afonso Monteiro,Canada,Tatcha The Indigo Overnight Repair Treatment 50ml,2020-10-12,927.2,68
Lucas Santos,Argentina,Drunk Elephant T.L.C. Framboos Glycolic Night Serum 250ml,2022-03-25,2198.42,28
Francisco Almeida,Canada,Olay Eyes Ultimate Eye Cream 30g,2024-09-22,11921.18,134
Sara Fernandes,Canada,The Ordinary Natural Moisturising Factors + HA 30g,2021-02-07,17965.96,417
Rafael Pereira,Germany,The Ordinary Salicylic Acid 2% Solution 100ml,2021-06-13,8624.25,130
Carolina Marques,Singapore,Neutrogena Oil-Free Acne Wash 50ml,2022-10-09,12517.38,121
Clara Mendes,Indonesia,Tatcha The Water Cream 250ml,2024-09-09,4555.61,180
Martim Ferreira,Germany,First Aid Beauty Ultra Repair Firming Collagen Cream 125ml,2021-11-07,3548.0,69
Clara Monteiro,Netherlands,Estée Lauder Re-Nutriv Ultimate Lift Age-Correcting Crème 125ml,2020-07-01,7408.55,227
Matilde Teixeira,United Kingdom,COSRX AHA/BHA Clarifying Treatment Toner 40ml,2022-10-16,4893.32,73
Tomás Coelho,India,Sunday Riley UFO Ultra-Clarifying Face Oil 40ml,2021-02-18,10944.79,254
Tomás Correia,Canada,La Roche-Posay Cicaplast Baume B5 15ml,2021-12-23,5624.43,464
Sara Ferreira,United Kingdom,Clinique Moisture Surge 100H Auto-Replenishing Hydrator 100ml,2023-08-07,6137.34,53
Maria Ferreira,Italy,The Ordinary Retinol 0.5% in Squalane 15ml,2020-09-19,8184.38,82
Ana Teixeira,Indonesia,Tatcha The Water Cream 20ml,2021-04-25,24209.38,231
Ana Nunes,Philippines,Murad Retinol Youth Renewal Serum 250ml,2021-12-04,6373.25,91
Ana Teixeira,Sweden,Kiehl's Super Multi-Corrective Anti-Aging Face & Neck Cream 40ml,2024-02-16,4058.47,80
Clara Monteiro,Chile,La Roche-Posay Lipikar Balm AP+ 200ml,2023-08-13,5267.77,52
João Cardoso,Singapore,CeraVe Renewing SA Cream 150ml,2021-11-26,13640.8,189
Catarina Martins,France,Murad Brightening Booster 40ml,2022-10-02,4463.91,55
Gonçalo Ferreira,Singapore,Pixi Rose Ceramide Cream 100ml,2022-06-27,14934.99,139
Dinis Carvalho,Indonesia,Bioderma Nodé Detox Shampoo 20ml,2023-03-26,2525.43,42
Maria Ferreira,United States,Drunk Elephant C-Firma Fresh Day Serum 150ml,2024-11-25,9171.6,126
Carolina Jesus,India,Clinique Take The Day Off Cleansing Balm 30ml,2023-02-23,4441.45,120
Pedro Sousa,Sweden,Clinique All About Eyes Rich 15ml,2022-07-12,3920.24,126
João Cardoso,United States,Sunday Riley C.E.O. 15% Vitamin C Brightening Serum 40ml,2024-11-11,12069.35,126
Sara Ferreira,Argentina,Murad Hydro-Dynamic Ultimate Moisture 340g,2020-07-24,8143.84,95
Diogo Monteiro,United States,Kiehl's Creamy Eye Treatment with Avocado 60ml,2021-01-21,469.96,45
Rodrigo Teixeira,Germany,Estée Lauder Nutritious Super-Pomegranate Radiant Energy Eye Jelly 250ml,2023-11-25,7892.34,91
Clara Gomes,Mexico,La Roche-Posay Effaclar Mat Moisturiser 40ml,2021-10-13,2940.35,57
Diogo Cardoso,United Kingdom,Olay Regenerist Micro-Sculpting Cream 75ml,2021-09-29,11778.37,310
Tomás Martins,Argentina,REN Clean Skincare Perfect Canvas Clean Primer 200ml,2021-02-15,11653.36,137
Diogo Neves,Canada,Pixi Skintreats Rose Caviar Eye Cream 30g,2021-10-02,2369.18,102
Rafael Martins,India,Estée Lauder DayWear Multi-Protection Anti-Oxidant 24H Moisturizer SPF15 56.7g,2021-06-15,5662.1,65
Tomás Neves,Japan,Avène Retrinal+ 0.1 Intensive Cream 50ml,2021-04-29,1236.33,44
Francisco Vieira,United Kingdom,Pixi Glow Tonic 60ml,2021-11-20,722.7,196
Afonso Monteiro,Colombia,La Roche-Posay Toleriane Hydrating Gentle Cleanser 30ml,2024-11-05,3692.17,141
Laura Mendes,China,CeraVe Hydrating Cleanser 30g,2021-03-20,4341.24,125
Diogo Cardoso,South Korea,Pixi Hydrating Milky Serum 56.7g,2024-01-09,10320.4,93
Pedro Ferreira,Sweden,Paula's Choice CALM Redness Relief Moisturizer SPF 30 75ml,2021-10-30,13015.91,110
Laura Carvalho,Philippines,Clinique Repairwear Laser Focus Eye Cream 100ml,2023-11-26,819.01,12
Martim Silva,Japan,REN Clean Skincare Perfect Canvas Clean Primer 250ml,2024-01-18,9936.19,183
Margarida Mendes,Chile,Murad Rapid Resurgence Eye Lift 60ml,2022-01-07,29456.88,275
Francisco Vieira,Philippines,Skinceuticals Metacell Renewal B3 150ml,2020-12-07,6693.42,72
Gonçalo Rodrigues,Singapore,Pixi Rose Ceramide Cream 20ml,2020-12-31,19493.48,178
Sofia Nunes,Indonesia,Tatcha The Dewy Skin Cream 50ml,2023-12-13,1556.08,53
Diogo Oliveira,Colombia,REN Clean Skincare Ready Steady Glow Daily AHA Tonic 56.7g,2023-05-27,16993.65,233
Lucas Santos,Chile,Clinique Even Better Clinical Radical Dark Spot Corrector 200ml,2023-10-05,5433.24,145
Inês Monteiro,Indonesia,Neutrogena Bright Boost Gel Cream 50ml,2020-08-19,8936.88,122
Clara Gomes,Poland,Murad AHA/BHA Exfoliating Cleanser 250ml,2023-04-13,970.1,197
Carolina Vieira,United States,La Roche-Posay Toleriane Double Repair Moisturiser 15ml,2022-08-11,3937.17,63
Ana Teixeira,Canada,REN Clean Skincare Vita Mineral Active 7 Eye Gel 150ml,2022-02-28,3095.9,147
Tiago Gomes,Argentina,Bioderma Nodé Detox Shampoo 30g,2020-06-02,3230.29,185
Mariana Mendes,France,Neutrogena Norwegian Formula Face Cream 340g,2023-12-13,3173.59,54
Ana Moreira,Mexico,Tatcha The Eye Concentrate 15ml,2022-11-10,5994.13,120
Rodrigo Coelho,Poland,Tatcha The Essence Plump Skin Softener 20ml,2021-12-24,9694.91,105
Francisco Almeida,Argentina,Sunday Riley Saturn Sulfur Acne Treatment Mask 40ml,2023-03-12,3440.43,120
Francisco Jesus,Netherlands,CeraVe Skin Renewing Night Cream 30ml,2024-10-03,16517.53,282
Inês Nunes,Germany,Paula's Choice CALM Redness Relief Moisturizer SPF 30 340g,2024-12-09,4542.92,99
Leonor Martins,Philippines,CeraVe Eye Repair Cream 50ml,2023-01-21,6645.05,62
Sofia Rodrigues,France,Avène Cicalfate+ Restorative Protective Cream 100ml,2024-09-15,2313.45,38
Rafael Vieira,Spain,Sunday Riley UFO Ultra-Clarifying Face Oil 250ml,2024-07-27,9264.74,93
Ana Moreira,Mexico,The Ordinary Niacinamide 10% + Zinc 1% 340g,2024-02-18,2892.43,108
Afonso Jesus,Spain,Paula's Choice RESIST Anti-Aging Clear Skin Hydrator 150ml,2024-01-16,498.61,10
Afonso Monteiro,Italy,Skinceuticals Phyto Corrective Gel 56.7g,2022-12-23,11048.56,113
Margarida Cardoso,Mexico,Kiehl's Ultra Facial Cream 56.7g,2020-02-05,21366.33,217
Afonso Almeida,Argentina,Skinceuticals Metacell Renewal B3 60ml,2020-11-08,5142.19,83
Afonso Monteiro,Chile,Murad Rapid Resurgence Eye Lift 60ml,2020-08-25,6278.53,123
Miguel Martins,Thailand,Clinique All About Eyes Rich 30ml,2020-09-15,18650.84,214
Afonso Neves,Poland,First Aid Beauty FAB Skin Lab Resurfacing Liquid 10% AHA 40ml,2021-04-01,325.47,23
Mariana Cruz,Spain,Skinceuticals B5 Gel Hydrating Serum 20ml,2020-03-05,5927.85,194
Mariana Cruz,United States,Clinique Even Better Clinical Radical Dark Spot Corrector 100ml,2024-07-24,10131.2,101
Ana Moreira,Spain,Avène Antirougeurs Jour Redness Relief Cream 200ml,2021-02-23,4958.1,239
Rodrigo Teixeira,Italy,REN Clean Skincare Radiance Perfection Serum 125ml,2020-06-22,3353.93,92
Tiago Almeida,United Kingdom,Olay Total Effects 7-in-1 Moisturiser 100ml,2020-07-02,3041.18,52
Mariana Cruz,Poland,First Aid Beauty Hello FAB Coconut Skin Smoothie Priming Moisturizer 200ml,2021-07-25,333.16,92
Sofia Nunes,Canada,Clinique Even Better Clinical Radical Dark Spot Corrector 30ml,2024-12-09,2608.99,150
Francisco Vieira,Poland,REN Clean Skincare Radiance Perfection Serum 60ml,2021-07-10,2465.75,60
Ana Nunes,Philippines,Pixi Retinol Tonic 15ml,2020-03-13,5017.57,64
Francisco Almeida,Sweden,Tatcha The Indigo Overnight Repair Treatment 250ml,2020-01-27,11362.36,103
Joana Santos,Argentina,Skinceuticals Metacell Renewal B3 40ml,2024-12-02,4454.49,266
Rodrigo Pinto,Colombia,First Aid Beauty Ultra Repair Tinted Moisturizer SPF 30 100ml,2022-05-28,7532.22,80
Pedro Santos,Japan,Kiehl's Midnight Recovery Concentrate 30g,2020-10-14,23133.54,213
Rafael Vieira,Indonesia,Skinceuticals A.G.E. Eye Complex 60ml,2020-08-22,1421.76,37
Maria Correia,Italy,Avène Cleanance Expert Emulsion 100ml,2021-06-19,8596.62,78
Laura Pereira,United States,Olay Total Effects 7-in-1 Moisturiser 15ml,2021-06-22,1545.9,36
Margarida Mendes,Italy,Pixi Glow Tonic 100ml,2020-10-24,2306.32,102
Inês Martins,Thailand,Olay Total Effects 7-in-1 Moisturiser 100ml,2024-01-31,15571.22,147
Martim Rodrigues,South Korea,Avène PhysioLift Night Smoothing Balm 15ml,2022-01-19,3765.61,69
Rafael Gomes,Mexico,Tatcha The Dewy Skin Cream 340g,2020-11-29,10869.6,312
Laura Soares,Mexico,Kiehl's Midnight Recovery Concentrate 340g,2022-07-13,7215.75,148
Margarida Cardoso,Germany,First Aid Beauty Ultra Repair Cream 30ml,2021-02-15,5985.35,80
Carolina Ferreira,Netherlands,REN Clean Skincare Clean Screen Mineral SPF30 30ml,2020-12-30,3210.7,38
Dinis Carvalho,United States,La Roche-Posay Effaclar Mat Moisturiser 20ml,2023-02-25,5877.55,112
Leonor Marques,Brazil,Kiehl's Rare Earth Deep Pore Cleansing Masque 30ml,2021-09-21,1247.12,43
Rodrigo Jesus,Philippines,Clinique All About Eyes Rich 150ml,2024-04-18,8793.66,183
Catarina Neves,Indonesia,The Ordinary AHA 30% + BHA 2% Peeling Solution 200ml,2023-04-21,14230.79,147
Rodrigo Teixeira,India,Tatcha The Eye Concentrate 125ml,2022-01-15,10124.57,133
Afonso Monteiro,Italy,COSRX Advanced Snail 92 All in One Cream 340g,2024-03-04,12251.11,109
Martim Silva,Canada,Neutrogena Hydro Boost Water Gel 50ml,2023-11-26,7623.48,77
Margarida Cardoso,India,Bioderma Sebium Pore Refiner 50ml,2024-09-24,13070.44,269
Sara Mendes,Argentina,Neutrogena Cellular Boost Concentrate Serum 40ml,2020-02-03,18253.22,251
Tiago Cardoso,Japan,First Aid Beauty Eye Duty Triple Remedy AM Gel Cream 60ml,2020-08-08,6498.56,70
Afonso Neves,Poland,Drunk Elephant Protini Polypeptide Cream 250ml,2021-05-08,9024.46,192
Tomás Neves,Poland,Pixi Hydrating Milky Serum 75ml,2023-03-05,9379.61,152
Rafael Gomes,Colombia,La Roche-Posay Toleriane Double Repair Moisturiser 30g,2023-11-10,19864.43,223
Miguel Martins,Japan,Neutrogena Norwegian Formula Face Cream 50ml,2021-01-07,3597.85,36
Tomás Rodrigues,Italy,Drunk Elephant F-Balm Electrolyte Waterbalm 20ml,2021-12-17,13230.84,122
Inês Ribeiro,Mexico,Pixi Glow Tonic 100ml,2021-03-28,1037.53,125
Sara Cruz,Germany,Murad AHA/BHA Exfoliating Cleanser 125ml,2021-08-14,2136.57,67
Rafael Vieira,Spain,Neutrogena Hydro Boost Water Gel 20ml,2023-11-24,1018.41,39
Inês Monteiro,Canada,Estée Lauder Micro Essence Skin Activating Treatment Lotion 20ml,2023-09-14,9927.4,143
Inês Cardoso,Indonesia,Kiehl's Clearly Corrective Dark Spot Solution 50ml,2023-01-10,3629.86,139
Martim Pinto,Mexico,First Aid Beauty Ultra Repair Tinted Moisturizer SPF 30 30ml,2023-07-05,2800.73,99
Mariana Neves,India,Tatcha The Essence Plump Skin Softener 250ml,2022-12-16,12521.9,186
Rafael Gomes,Netherlands,Murad Vita-C Glycolic Brightening Serum 250ml,2022-07-29,9215.08,100
Rafael Pereira,Thailand,Olay Retinol24 Night Moisturizer 56.7g,2020-01-03,8020.05,189
Sofia Nunes,Italy,CeraVe PM Facial Moisturising Lotion 125ml,2021-11-01,6776.9,64
Miguel Rocha,Spain,Pixi +C VIT Brightening Serum 75ml,2020-06-26,8832.85,97
Rodrigo Pinto,China,La Roche-Posay Anthelios Invisible Fluid SPF50+ 150ml,2021-08-17,5716.54,52
Laura Soares,Italy,Murad Brightening Booster 125ml,2022-05-08,1234.07,46
Inês Ribeiro,France,Avène Eau Thermale Spray 75ml,2023-09-20,17481.33,188
Rodrigo Teixeira,Poland,Paula's Choice SKIN RECOVERY Replenishing Moisturizer 40ml,2022-01-15,2324.84,34
Sara Fernandes,United Kingdom,REN Clean Skincare Vita Mineral Active 7 Eye Gel 30g,2023-05-07,8969.86,83
Joana Santos,Singapore,Sunday Riley Tidal Brightening Enzyme Water Cream 100ml,2021-09-30,11500.45,116
Mariana Neves,India,Kiehl's Rare Earth Deep Pore Cleansing Masque 60ml,2021-09-23,14219.59,127
Rodrigo Teixeira,Canada,Drunk Elephant C-Firma Fresh Day Serum 56.7g,2022-01-13,9616.24,112
Miguel Marques,Spain,Tatcha The Water Cream 30ml,2022-02-05,8577.48,81
Miguel Martins,Italy,COSRX Ultimate Moisturizing Honey Overnight Mask 60ml,2021-11-17,1108.27,73
Laura Soares,China,Sunday Riley Auto Correct Brightening and Depuffing Eye Contour Cream 100ml,2023-08-16,6000.41,55
Sofia Rodrigues,Canada,Neutrogena Hydro Boost Eye Gel-Cream 150ml,2024-01-31,10991.7,137
Dinis Carvalho,Singapore,Avène Eau Thermale Spray 200ml,2022-07-17,8436.45,80
Beatriz Cardoso,Italy,REN Clean Skincare Clean Screen Mineral SPF30 60ml,2020-10-20,1070.01,95
Dinis Monteiro,Spain,CeraVe Moisturising Cream 20ml,2024-09-05,36620.2,440
Rodrigo Coelho,India,Tatcha The Rice Polish Foaming Enzyme Powder 30g,2021-09-17,7709.55,209
Afonso Martins,India,Pixi Retinol Tonic 125ml,2023-09-15,8641.4,142
Laura Fernandes,Canada,REN Clean Skincare Clean Screen Mineral SPF30 340g,2020-07-13,7585.2,79
Afonso Martins,India,Avène Retrinal+ 0.1 Intensive Cream 15ml,2022-08-13,12249.04,127
Francisco Vieira,France,Neutrogena Rapid Wrinkle Repair Retinol Cream 250ml,2022-08-22,7236.22,78
Laura Ribeiro,India,Pixi Retinol Tonic 40ml,2022-06-05,2745.74,31
Francisco Jesus,France,Murad Rapid Resurgence Eye Lift 30ml,2020-02-12,1839.31,20
Miguel Ferreira,Singapore,Murad Rapid Resurgence Eye Lift 100ml,2024-03-03,3174.5,60
Carolina Jesus,Philippines,First Aid Beauty FAB Skin Lab Resurfacing Liquid 10% AHA 56.7g,2020-06-28,15773.38,170
Afonso Jesus,Netherlands,La Roche-Posay Anthelios Invisible Fluid SPF50+ 56.7g,2024-10-21,26788.68,236
Inês Nunes,Indonesia,Estée Lauder Perfectly Clean Multi-Action Foam Cleanser 30ml,2021-05-29,1125.1,71
Mariana Soares,China,Avène Antirougeurs Jour Redness Relief Cream 200ml,2024-01-20,1205.99,69
Leonor Marques,France,Kiehl's Calendula Serum-Infused Water Cream 30ml,2023-09-26,1748.42,36
Martim Silva,Germany,COSRX AHA/BHA Clarifying Treatment Toner 250ml,2020-02-28,2904.25,54
Inês Cruz,Japan,Pixi Retinol Tonic 30g,2023-10-01,1716.37,75
Afonso Jesus,United Kingdom,Neutrogena Ultra Sheer Dry-Touch Sunscreen SPF 50+ 340g,2021-01-28,13508.02,141
Clara Monteiro,India,Olay Regenerist Collagen Peptide24 Serum 40ml,2020-09-16,9698.4,120
Pedro Pereira,United Kingdom,First Aid Beauty Ultra Repair Firming Collagen Cream 250ml,2020-11-08,21702.85,202
Dinis Carvalho,Mexico,Kiehl's Rare Earth Deep Pore Cleansing Masque 100ml,2024-05-08,3352.44,96
Rodrigo Moreira,South Korea,Drunk Elephant Virgin Marula Luxury Face Oil 40ml,2023-10-04,11227.96,121
Sara Cruz,Philippines,Tatcha The Water Cream 75ml,2024-06-07,18153.47,230
Diogo Monteiro,Spain,Clinique Even Better Clinical Radical Dark Spot Corrector 50ml,2020-03-22,17555.13,207
Margarida Oliveira,Thailand,Bioderma Pigmentbio C-Concentrate Brightening Serum 15ml,2020-01-27,2109.78,49
Margarida Pereira,Poland,Olay Regenerist Micro-Sculpting Cream 20ml,2022-01-20,1978.9,26
Lucas Santos,India,Murad Brightening Booster 20ml,2022-11-11,1644.61,68
Rafael Martins,Thailand,Estée Lauder Perfectly Clean Multi-Action Foam Cleanser 50ml,2023-08-20,5134.21,65
Diogo Rodrigues,Sweden,La Roche-Posay Anthelios Invisible Fluid SPF50+ 40ml,2023-12-15,17687.52,165
Mariana Cruz,Spain,Kiehl's Rare Earth Deep Pore Cleansing Masque 60ml,2023-12-26,16441.59,231
Rafael Vieira,Netherlands,Paula's Choice CALM Redness Relief Moisturizer SPF 30 50ml,2023-11-22,4198.11,57
Dinis Carvalho,Chile,Drunk Elephant A-Passioni Retinol Cream 30ml,2021-11-11,13878.29,316
Inês Cardoso,Brazil,Olay Total Effects 7-in-1 Moisturiser 340g,2023-03-11,1420.89,132
Francisco Mendes,Mexico,Sunday Riley C.E.O. 15% Vitamin C Brightening Serum 200ml,2022-11-08,5069.47,47
Laura Fernandes,Japan,Kiehl's Super Multi-Corrective Anti-Aging Face & Neck Cream 250ml,2021-06-08,3137.08,91
Gonçalo Ferreira,Chile,Avène Retrinal+ 0.1 Intensive Cream 250ml,2023-07-02,5811.67,59
Rafael Martins,Brazil,Estée Lauder Re-Nutriv Ultimate Lift Age-Correcting Crème 40ml,2023-05-04,17967.87,220
Rafael Neves,Poland,Pixi Hydrating Milky Serum 15ml,2021-09-07,6819.46,76
Margarida Oliveira,Poland,Kiehl's Creamy Eye Treatment with Avocado 30g,2021-05-04,2631.44,122
Mariana Soares,Germany,Bioderma Sebium Pore Refiner 15ml,2023-12-09,20479.29,218
Gonçalo Almeida,France,REN Clean Skincare Radiance Perfection Serum 30ml,2021-09-16,7661.22,73
Inês Cruz,Mexico,First Aid Beauty Pure Skin Face Cleanser 50ml,2020-11-26,2772.69,56
Clara Gomes,France,Murad AHA/BHA Exfoliating Cleanser 20ml,2020-09-17,2837.27,64
Afonso Sousa,Spain,Paula's Choice BOOST 10% Niacinamide Booster 250ml,2024-01-16,7342.94,125
Matilde Teixeira,United States,Sunday Riley C.E.O. 15% Vitamin C Brightening Serum 100ml,2023-07-30,2733.81,92
Tiago Carvalho,Philippines,The Ordinary AHA 30% + BHA 2% Peeling Solution 56.7g,2022-06-14,1884.22,16
Maria Correia,South Korea,Neutrogena Rapid Wrinkle Repair Retinol Cream 50ml,2020-10-26,1643.7,29
Tiago Gomes,United Kingdom,Pixi Skintreats Rose Caviar Eye Cream 340g,2021-03-23,4540.97,133
Margarida Silva,South Korea,La Roche-Posay Toleriane Hydrating Gentle Cleanser 30ml,2024-07-14,3977.1,33
Diogo Ribeiro,Brazil,Bioderma Pigmentbio C-Concentrate Brightening Serum 125ml,2020-02-05,5642.48,264
Tomás Neves,Sweden,La Roche-Posay Retinol B3 Serum 40ml,2023-11-18,9967.69,128
Dinis Pereira,Argentina,Tatcha The Water Cream 75ml,2024-04-22,4487.2,53
Catarina Martins,Colombia,Avène Antirougeurs Jour Redness Relief Cream 75ml,2021-04-19,5964.31,56
Afonso Monteiro,India,Avène XeraCalm A.D Lipid-Replenishing Cream 56.7g,2020-11-20,749.74,115
Francisco Vieira,Thailand,Skinceuticals Metacell Renewal B3 150ml,2022-09-28,2776.71,57
Sara Fernandes,Netherlands,Kiehl's Creamy Eye Treatment with Avocado 125ml,2021-10-27,4650.2,145
Tomás Coelho,South Korea,Clinique Take The Day Off Cleansing Balm 30g,2024-07-17,4469.47,48
Sara Fernandes,China,Olay Luminous Whip Face Moisturiser 200ml,2021-04-23,9682.72,117
Afonso Monteiro,Indonesia,Tatcha The Dewy Skin Cream 30ml,2023-01-15,4505.83,228
Tomás Martins,Spain,Neutrogena Cellular Boost Concentrate Serum 30ml,2023-11-09,7896.91,70
Tomás Neves,Thailand,Sunday Riley Ice Ceramide Moisturizing Cream 50ml,2021-02-13,11896.25,168
Pedro Sousa,South Korea,Sunday Riley Luna Sleeping Night Oil 125ml,2024-10-20,6826.79,62
Maria Fernandes,France,Neutrogena Rapid Wrinkle Repair Retinol Cream 125ml,2024-01-27,17687.07,366
João Martins,Poland,Avène Retrinal+ 0.1 Intensive Cream 150ml,2024-02-20,6779.5,82
Afonso Pereira,Argentina,First Aid Beauty FAB Skin Lab Resurfacing Liquid 10% AHA 30g,2021-08-13,16075.8,143
Mariana Mendes,France,Clinique Turnaround Overnight Revitalizing Moisturizer 200ml,2023-01-04,994.62,32
Dinis Silva,Brazil,Neutrogena Norwegian Formula Face Cream 75ml,2020-01-20,32612.83,384
Clara Cardoso,Singapore,Clinique Dramatically Different Moisturising Lotion+ 60ml,2023-05-14,10070.54,232
Laura Ribeiro,Mexico,Pixi Hydrating Milky Serum 340g,2021-10-30,7123.67,91
Afonso Vieira,Indonesia,Avène Eau Thermale Spray 340g,2020-05-03,10797.84,131
Afonso Neves,Thailand,Paula's Choice EARTH SOURCED Antioxidant-Enriched Natural Moisturizer 125ml,2024-02-07,3347.97,38
Lucas Costa,China,Drunk Elephant Lala Retro Whipped Cream 40ml,2021-11-06,954.66,95
Martim Silva,China,La Roche-Posay Toleriane Double Repair Moisturiser 200ml,2023-09-13,10410.16,129
Margarida Silva,Japan,Bioderma Sebium Pore Refiner 100ml,2023-04-25,588.89,15
Carolina Ferreira,Germany,Tatcha The Indigo Overnight Repair Treatment 56.7g,2024-05-15,28341.09,251
Martim Teixeira,Italy,Skinceuticals Discoloration Defense Serum 250ml,2021-10-14,8846.91,139
Martim Ferreira,China,Neutrogena Ultra Sheer Dry-Touch Sunscreen SPF 50+ 50ml,2021-06-10,3008.89,161
Diogo Monteiro,Argentina,CeraVe PM Facial Moisturising Lotion 40ml,2022-06-28,8295.4,159
Afonso Martins,United States,Paula's Choice CALM Redness Relief Moisturizer SPF 30 20ml,2020-07-07,6336.78,111
Joana Teixeira,Brazil,Pixi Rose Ceramide Cream 200ml,2023-06-05,1873.33,237
Joana Santos,Poland,Pixi Skintreats Rose Caviar Eye Cream 30g,2022-03-25,3797.09,295
Carolina Coelho,United Kingdom,La Roche-Posay Toleriane Double Repair Moisturiser 100ml,2022-06-07,915.58,63
Tomás Rodrigues,Indonesia,Sunday Riley Ice Ceramide Moisturizing Cream 100ml,2022-01-20,11001.01,99
Maria Correia,Brazil,Estée Lauder Resilience Lift Firming & Sculpting Eye Cream 56.7g,2022-03-03,281.49,19
Carolina Pereira,France,Sunday Riley Auto Correct Brightening and Depuffing Eye Contour Cream 30ml,2022-06-19,10309.76,158
Afonso Rocha,Philippines,Drunk Elephant F-Balm Electrolyte Waterbalm 75ml,2024-01-31,1369.99,88
Pedro Ferreira,Philippines,Tatcha The Clarifying Clay Mask 50ml,2024-01-27,11323.39,214
Diogo Rodrigues,Argentina,Tatcha The Indigo Overnight Repair Treatment 30ml,2021-06-17,8057.97,117
Miguel Ferreira,United Kingdom,Drunk Elephant F-Balm Electrolyte Waterbalm 20ml,2022-01-31,3891.09,140
Gonçalo Fernandes,Argentina,COSRX Oil-Free Ultra-Moisturizing Lotion 30ml,2020-02-06,17749.11,349
Laura Pereira,Thailand,Kiehl's Ultra Facial Cream 60ml,2024-04-28,946.63,51
Margarida Marques,China,Avène Hydrance Rich Rehydrating Cream 30g,2021-04-11,738.47,18
Maria Moreira,Indonesia,Murad Oil-Control Mattifier SPF45 100ml,2021-02-08,4000.55,144
Maria Ferreira,Japan,The Ordinary Hyaluronic Acid 2% + B5 15ml,2021-12-18,7381.05,97
Pedro Pereira,United States,Sunday Riley UFO Ultra-Clarifying Face Oil 20ml,2022-07-27,649.53,103
Afonso Pereira,India,Kiehl's Calendula Serum-Infused Water Cream 30g,2023-11-18,5912.64,51
Ana Ferreira,China,Tatcha The Indigo Overnight Repair Treatment 30g,2024-02-27,3146.49,58
Maria Fernandes,United Kingdom,CeraVe Moisturising Cream 56.7g,2024-04-06,226.67,15
Martim Pinto,Netherlands,COSRX Full Fit Propolis Light Cream 40ml,2023-10-13,18420.57,200
Martim Cardoso,United Kingdom,La Roche-Posay Anthelios Invisible Fluid SPF50+ 340g,2023-08-09,3906.43,43
Tomás Rodrigues,Argentina,Tatcha The Indigo Overnight Repair Treatment 100ml,2024-08-21,17170.72,350
Miguel Rocha,Colombia,Tatcha The Silk Cream 20ml,2024-12-26,866.98,15
Afonso Almeida,Argentina,Neutrogena Hydro Boost Eye Gel-Cream 200ml,2022-05-29,28875.65,380
Leonor Pinto,China,Pixi Retinol Tonic 340g,2023-06-14,609.65,33
Laura Pereira,United Kingdom,Tatcha The Clarifying Clay Mask 200ml,2021-06-10,1428.18,137
Margarida Mendes,Brazil,Clinique Take The Day Off Cleansing Balm 100ml,2021-10-17,7534.25,75
Rafael Gomes,Sweden,Olay Vitamin C + Peptide 24 Face Moisturizer 30ml,2024-03-21,2883.38,66
Martim Teixeira,South Korea,Pixi Vitamin-C Juice Cleanser 15ml,2023-10-11,2422.51,101
Rafael Mendes,Poland,Avène Eau Thermale Spray 60ml,2021-08-17,3655.36,140
Laura Costa,Philippines,Pixi +C VIT Brightening Serum 30ml,2022-12-25,4333.49,121
Lucas Ribeiro,Thailand,CeraVe Healing Ointment 40ml,2021-12-07,1365.92,49
Laura Fernandes,Argentina,Bioderma Pigmentbio C-Concentrate Brightening Serum 100ml,2024-08-12,683.5,42
Miguel Marques,Netherlands,Drunk Elephant B-Hydra Intensive Hydration Serum 250ml,2021-12-31,3831.46,80
Ana Ferreira,Thailand,Estée Lauder Perfectly Clean Multi-Action Foam Cleanser 75ml,2022-07-17,5843.46,128
Laura Soares,Chile,First Aid Beauty KP Bump Eraser Body Scrub 60ml,2022-03-07,12952.91,138
Laura Soares,Mexico,Avène PhysioLift Night Smoothing Balm 125ml,2021-03-02,18844.14,313
Tiago Jesus,Singapore,Estée Lauder Advanced Night Repair Serum 150ml,2020-09-26,9363.15,107
Lucas Rodrigues,France,Drunk Elephant B-Hydra Intensive Hydration Serum 20ml,2022-11-23,14841.07,200
Catarina Jesus,Argentina,Skinceuticals C E Ferulic Serum 125ml,2024-08-24,5474.34,224
João Cardoso,Japan,REN Clean Skincare Perfect Canvas Clean Primer 340g,2023-10-08,46413.19,428
Margarida Pereira,Canada,Pixi Rose Ceramide Cream 100ml,2024-02-01,6941.95,117
Pedro Ferreira,Japan,Sunday Riley Auto Correct Brightening and Depuffing Eye Contour Cream 60ml,2020-02-14,184.39,31
Afonso Oliveira,Italy,Bioderma Pigmentbio C-Concentrate Brightening Serum 56.7g,2022-10-15,1919.01,125
Diogo Monteiro,United Kingdom,Bioderma Hydrabio Gel-Crème 150ml,2022-09-14,7105.82,98
Beatriz Marques,South Korea,REN Clean Skincare Vita Mineral Active 7 Eye Gel 250ml,2021-03-11,3195.39,29
Tiago Carvalho,India,Tatcha The Silk Cream 30g,2021-02-01,10952.8,117
Martim Marques,Spain,Estée Lauder Perfectly Clean Multi-Action Foam Cleanser 30g,2022-04-24,2297.03,233
Mariana Martins,Chile,CeraVe Hydrating Cleanser 50ml,2024-10-18,869.34,79
Mariana Soares,Singapore,La Roche-Posay Anthelios Invisible Fluid SPF50+ 15ml,2023-06-05,2116.76,26
Ana Ferreira,Indonesia,Murad Hydro-Dynamic Ultimate Moisture 100ml,2020-04-05,18615.87,380
Afonso Neves,Sweden,The Ordinary Glycolic Acid 7% Toning Solution 125ml,2023-11-27,13249.07,150
Rodrigo Soares,India,Estée Lauder Micro Essence Skin Activating Treatment Lotion 60ml,2023-05-02,4135.46,431
Pedro Santos,Philippines,Sunday Riley Auto Correct Brightening and Depuffing Eye Contour Cream 125ml,2024-01-11,1141.16,76
Joana Santos,France,Murad Vita-C Glycolic Brightening Serum 250ml,2023-02-18,9262.54,99
Inês Nunes,France,First Aid Beauty KP Bump Eraser Body Scrub 40ml,2020-07-14,10667.55,174
Lucas Costa,Japan,Kiehl's Super Multi-Corrective Anti-Aging Face & Neck Cream 150ml,2021-12-26,28696.23,285
Beatriz Jesus,Canada,Drunk Elephant T.L.C. Framboos Glycolic Night Serum 340g,2023-10-13,1976.12,122
Matilde Moreira,South Korea,La Roche-Posay Lipikar Balm AP+ 200ml,2021-02-24,6704.04,122
Sofia Rodrigues,United States,Avène Retrinal+ 0.1 Intensive Cream 200ml,2021-06-15,9035.39,102
Diogo Costa,China,Clinique Even Better Clinical Radical Dark Spot Corrector 100ml,2024-07-01,9603.2,250
Joana Santos,Chile,Bioderma Sebium Pore Refiner 340g,2024-01-16,5661.91,125
Tomás Martins,South Korea,Avène Cicalfate+ Restorative Protective Cream 125ml,2021-04-01,1187.02,31
Rodrigo Pereira,Netherlands,Bioderma Hydrabio Gel-Crème 60ml,2023-05-27,1163.83,14
Clara Cardoso,India,First Aid Beauty Ultra Repair Firming Collagen Cream 50ml,2022-12-13,6457.47,73
Beatriz Cardoso,Germany,La Roche-Posay Retinol B3 Serum 56.7g,2020-11-02,3870.23,44
Rafael Pereira,South Korea,CeraVe Hydrating Cleanser 56.7g,2021-10-27,5297.78,85
Dinis Pereira,Canada,COSRX AHA/BHA Clarifying Treatment Toner 100ml,2020-09-18,3650.26,138
Tiago Carvalho,Mexico,CeraVe Skin Renewing Night Cream 40ml,2021-01-06,2477.09,37
Pedro Cruz,Poland,COSRX Advanced Snail 92 All in One Cream 60ml,2024-11-20,259.96,10
Rodrigo Cruz,Spain,Kiehl's Powerful-Strength Line-Reducing Concentrate 30g,2022-09-29,1293.82,133
Clara Ferreira,Italy,Murad Oil-Control Mattifier SPF45 60ml,2024-01-08,9913.98,177
Sara Cruz,Canada,Clinique Even Better Clinical Radical Dark Spot Corrector 15ml,2021-04-11,2331.6,30
Diogo Rocha,Thailand,Drunk Elephant Virgin Marula Luxury Face Oil 15ml,2021-11-24,6401.47,88
Guilherme Neves,Germany,Clinique All About Eyes Rich 250ml,2022-11-24,6316.62,143
Lucas Rodrigues,Singapore,COSRX Full Fit Propolis Light Cream 250ml,2023-04-30,217.63,27
Sofia Nunes,United Kingdom,La Roche-Posay Effaclar Mat Moisturiser 60ml,2022-04-18,4831.71,109
Dinis Monteiro,Netherlands,Paula's Choice CALM Redness Relief Moisturizer SPF 30 30g,2022-09-27,13159.54,310
Matilde Moreira,Singapore,Sunday Riley Auto Correct Brightening and Depuffing Eye Contour Cream 30g,2024-09-29,4436.47,54
Diogo Cardoso,France,Skinceuticals Triple Lipid Restore 2:4:2 20ml,2023-01-17,5918.78,109
Gonçalo Rodrigues,Germany,The Ordinary Glycolic Acid 7% Toning Solution 56.7g,2023-07-29,9679.68,87
Margarida Teixeira,India,Skinceuticals A.G.E. Eye Complex 75ml,2023-10-17,958.69,11
Maria Correia,China,Murad Hydro-Dynamic Ultimate Moisture 150ml,2022-02-13,12792.42,130
Laura Mendes,Indonesia,Drunk Elephant B-Hydra Intensive Hydration Serum 75ml,2024-11-11,2981.28,83
Afonso Martins,India,Avène PhysioLift Night Smoothing Balm 30g,2024-06-08,14945.64,154
Afonso Martins,Poland,Pixi Overnight Glow Serum 60ml,2021-02-15,14105.1,149
Francisco Mendes,United Kingdom,Estée Lauder Revitalizing Supreme+ Moisturizer 30ml,2020-05-26,17457.97,241
João Cardoso,Netherlands,Estée Lauder Advanced Night Repair Serum 150ml,2021-01-28,6791.66,133
Tiago Cardoso,Brazil,Paula's Choice CLINICAL 1% Retinol Treatment 200ml,2023-02-19,8055.15,83
Martim Pinto,Indonesia,Olay Vitamin C + Peptide 24 Face Moisturizer 100ml,2023-04-02,2383.67,28
Tomás Ribeiro,Sweden,Murad Brightening Booster 250ml,2023-04-26,16937.0,253
Afonso Jesus,Argentina,Neutrogena Ultra Sheer Dry-Touch Sunscreen SPF 50+ 250ml,2021-10-08,8993.24,134
Gonçalo Rodrigues,Singapore,Skinceuticals B5 Gel Hydrating Serum 15ml,2021-08-07,7965.74,91
Maria Moreira,Singapore,Kiehl's Ultra Facial Cream 56.7g,2023-02-21,8309.15,107
Maria Ferreira,India,First Aid Beauty FAB Skin Lab Resurfacing Liquid 10% AHA 125ml,2020-04-11,26066.85,391
Mariana Neves,Colombia,CeraVe Renewing SA Cream 100ml,2023-05-15,7785.99,68
Tiago Almeida,France,Olay Regenerist Micro-Sculpting Cream 30g,2021-02-23,30138.02,268
Maria Correia,Germany,Estée Lauder Perfectly Clean Multi-Action Foam Cleanser 150ml,2022-07-17,2379.04,131
Rafael Neves,Chile,Drunk Elephant C-Firma Fresh Day Serum 56.7g,2022-07-22,4308.96,113
Ana Ferreira,Spain,Paula's Choice SKIN PERFECTING 2% BHA Liquid Exfoliant 340g,2021-10-27,4055.35,47
Sara Almeida,Brazil,REN Clean Skincare Evercalm Global Protection Day Cream 60ml,2021-07-18,28921.1,263
Francisco Coelho,Indonesia,La Roche-Posay Toleriane Double Repair Moisturiser 200ml,2020-11-21,11455.46,114
Matilde Moreira,Poland,Neutrogena Cellular Boost Concentrate Serum 100ml,2023-05-24,130.47,30
João Mendes,United States,Pixi Glow Tonic 56.7g,2020-12-01,10397.29,133
Martim Rodrigues,India,The Ordinary Glycolic Acid 7% Toning Solution 125ml,2023-02-11,7454.13,115
Inês Cruz,Sweden,Drunk Elephant C-Firma Fresh Day Serum 340g,2020-07-02,3038.7,124
Margarida Mendes,Italy,Estée Lauder Re-Nutriv Ultimate Lift Age-Correcting Crème 75ml,2024-02-05,3079.03,141
Joana Teixeira,Colombia,Paula's Choice SKIN RECOVERY Replenishing Moisturizer 56.7g,2020-12-06,2810.01,49
João Costa,Mexico,Drunk Elephant Protini Polypeptide Cream 40ml,2021-03-01,2246.87,130
Rodrigo Pinto,Singapore,Estée Lauder DayWear Multi-Protection Anti-Oxidant 24H Moisturizer SPF15 30ml,2024-06-03,6508.66,149
Mariana Soares,China,Estée Lauder Micro Essence Skin Activating Treatment Lotion 15ml,2024-09-22,240.75,11
Ana Vieira,South Korea,Paula's Choice SKIN RECOVERY Replenishing Moisturizer 40ml,2022-12-02,1143.02,97
Martim Marques,France,Pixi Hydrating Milky Serum 20ml,2020-07-13,26778.67,245
Joana Santos,United States,Bioderma Cicabio Arnica+ Repairing Cream 200ml,2023-05-21,9952.67,94
Laura Carvalho,France,Pixi Hydrating Milky Serum 75ml,2022-11-26,4632.01,71
Carolina Ferreira,Philippines,Paula's Choice BOOST 10% Niacinamide Booster 250ml,2023-11-04,1834.06,84
Rodrigo Jesus,Indonesia,Clinique All About Eyes Rich 125ml,2023-04-25,15296.45,131
Joana Santos,Spain,Neutrogena Norwegian Formula Face Cream 250ml,2024-05-23,19320.58,343
Dinis Pereira,Poland,Skinceuticals B5 Gel Hydrating Serum 75ml,2024-01-25,605.66,12
Martim Rodrigues,Germany,Clinique Take The Day Off Cleansing Balm 40ml,2021-07-27,1353.07,29
Laura Costa,Canada,The Ordinary Glycolic Acid 7% Toning Solution 30g,2021-09-22,5110.99,49
Mariana Mendes,China,REN Clean Skincare Clean Screen Mineral SPF30 125ml,2024-03-15,10540.01,111
Sara Mendes,Singapore,CeraVe PM Facial Moisturising Lotion 75ml,2021-11-04,32287.44,356
Clara Ferreira,France,Paula's Choice EARTH SOURCED Antioxidant-Enriched Natural Moisturizer 100ml,2021-11-25,917.61,19
João Nunes,Canada,Neutrogena Hydro Boost Water Gel 75ml,2022-07-06,1713.29,124
Carolina Silva,Indonesia,Drunk Elephant A-Passioni Retinol Cream 56.7g,2024-05-20,9497.74,94
Martim Marques,Philippines,Skinceuticals Physical Fusion UV Defense SPF 50 125ml,2022-03-19,5783.66,53
Dinis Monteiro,Thailand,Tatcha The Indigo Overnight Repair Treatment 100ml,2023-03-26,45242.76,430
Ana Monteiro,United States,Pixi +C VIT Brightening Serum 200ml,2024-07-24,3946.14,149
Carolina Marques,Colombia,Neutrogena Hydro Boost Water Gel 20ml,2020-04-30,4150.46,38
Joana Santos,South Korea,Drunk Elephant Virgin Marula Luxury Face Oil 30g,2021-04-11,7523.24,83
Sofia Gomes,United Kingdom,Avène PhysioLift Night Smoothing Balm 200ml,2022-05-19,3973.88,89
Joana Oliveira,Chile,Clinique All About Eyes Rich 200ml,2022-06-08,1776.45,45
Inês Monteiro,Argentina,Skinceuticals Discoloration Defense Serum 340g,2021-08-20,15113.51,129
Mariana Martins,Sweden,First Aid Beauty Ultra Repair Firming Collagen Cream 50ml,2020-07-11,31724.31,327
Sofia Nunes,Philippines,REN Clean Skincare Clean Screen Mineral SPF30 340g,2020-10-05,33775.24,335
Joana Oliveira,South Korea,Murad Rapid Resurgence Eye Lift 100ml,2024-04-18,4333.08,99
Rafael Pereira,United Kingdom,CeraVe Healing Ointment 340g,2022-09-20,5817.3,107
Margarida Pereira,Indonesia,Pixi Retinol Tonic 30g,2023-01-16,10301.68,155
Sara Almeida,Thailand,Sunday Riley C.E.O. 15% Vitamin C Brightening Serum 250ml,2022-06-10,12944.57,131
Inês Nunes,France,Estée Lauder Re-Nutriv Ultimate Lift Age-Correcting Crème 60ml,2022-05-23,1541.74,20
Afonso Sousa,United States,Bioderma Nodé Detox Shampoo 75ml,2021-07-05,2387.49,26
Tomás Correia,Sweden,Drunk Elephant T.L.C. Framboos Glycolic Night Serum 125ml,2024-07-23,4608.43,273
Pedro Ferreira,Brazil,REN Clean Skincare Vita Mineral Active 7 Eye Gel 15ml,2022-08-04,1648.55,23
Inês Cardoso,Brazil,Pixi Glow Tonic 125ml,2020-06-14,10528.09,127
Inês Ferreira,Italy,Avène Hydrance Rich Rehydrating Cream 340g,2022-11-19,10446.3,146
Carolina Silva,France,REN Clean Skincare Overnight Glow Dark Spot Sleeping Cream 200ml,2023-06-04,7205.94,93
Sara Fernandes,Netherlands,Sunday Riley UFO Ultra-Clarifying Face Oil 75ml,2022-10-08,1663.64,45
Maria Moreira,Canada,The Ordinary Natural Moisturising Factors + HA 50ml,2022-09-07,1606.55,94
Carolina Jesus,Argentina,REN Clean Skincare Radiance Perfection Serum 340g,2023-07-22,7273.02,85
Dinis Ferreira,Mexico,Skinceuticals Physical Fusion UV Defense SPF 50 50ml,2024-06-16,1200.46,110
Laura Carvalho,Singapore,Tatcha The Silk Cream 100ml,2020-04-20,9822.92,223
Rodrigo Pereira,China,Estée Lauder Nutritious Super-Pomegranate Radiant Energy Eye Jelly 340g,2023-12-29,93.81,10
Miguel Martins,Germany,REN Clean Skincare V-Cense Revitalising Eye Cream 100ml,2024-12-31,12683.39,135
Afonso Monteiro,Spain,REN Clean Skincare V-Cense Revitalising Eye Cream 50ml,2021-07-02,2116.75,36
Inês Ribeiro,Japan,Skinceuticals Physical Fusion UV Defense SPF 50 100ml,2023-02-25,5675.03,199
Sara Cruz,United States,REN Clean Skincare Clean Screen Mineral SPF30 100ml,2020-12-16,5525.04,67
Leonor Rodrigues,Thailand,First Aid Beauty Pure Skin Face Cleanser 75ml,2023-02-04,5777.67,62
Diogo Costa,Netherlands,COSRX AHA/BHA Clarifying Treatment Toner 340g,2024-04-30,2345.72,65
Leonor Coelho,Netherlands,Skinceuticals Phyto Corrective Gel 30ml,2024-05-25,4475.12,63
João Mendes,Netherlands,Bioderma Nodé Detox Shampoo 150ml,2024-10-01,14063.58,127
Rodrigo Jesus,Netherlands,Kiehl's Super Multi-Corrective Anti-Aging Face & Neck Cream 56.7g,2020-07-21,8726.85,116
João Mendes,Japan,Avène Retrinal+ 0.1 Intensive Cream 56.7g,2022-08-23,804.98,13
Francisco Coelho,Singapore,COSRX AHA/BHA Clarifying Treatment Toner 20ml,2022-12-20,5783.81,62
Diogo Martins,Sweden,Neutrogena Ultra Sheer Dry-Touch Sunscreen SPF 50+ 150ml,2022-04-10,5488.95,99
Beatriz Ferreira,Mexico,Paula's Choice EARTH SOURCED Antioxidant-Enriched Natural Moisturizer 250ml,2024-02-25,11188.96,148
Martim Pinto,Argentina,Skinceuticals Discoloration Defense Serum 100ml,2021-02-10,9592.6,121
Clara Ferreira,Canada,Clinique Dramatically Different Moisturising Lotion+ 15ml,2022-07-25,19645.78,191
Ana Monteiro,Indonesia,La Roche-Posay Lipikar Balm AP+ 30g,2023-10-09,13857.24,264
Inês Martins,Canada,Skinceuticals B5 Gel Hydrating Serum 150ml,2023-02-26,3617.6,198
João Neves,Philippines,CeraVe AM Facial Moisturising Lotion SPF25 60ml,2021-04-24,2917.23,27
Rodrigo Jesus,Argentina,Clinique Smart Night Custom-Repair Moisturiser 60ml,2022-11-13,13003.83,144
Afonso Monteiro,Poland,Avène XeraCalm A.D Lipid-Replenishing Cream 340g,2021-12-01,24483.1,274
Carolina Pereira,United States,Neutrogena Norwegian Formula Face Cream 30ml,2020-08-22,7338.74,119
Margarida Teixeira,Canada,Skinceuticals Metacell Renewal B3 100ml,2023-10-22,10412.08,272
Inês Cardoso,Netherlands,REN Clean Skincare V-Cense Revitalising Eye Cream 75ml,2022-04-25,8566.91,117
Laura Pereira,India,Estée Lauder Nutritious Super-Pomegranate Radiant Energy Eye Jelly 75ml,2023-04-20,13478.04,149
Tiago Jesus,Chile,Olay Retinol24 Night Moisturizer 100ml,2024-02-23,290.45,20
Rafael Pereira,Mexico,CeraVe Renewing SA Cream 56.7g,2024-11-15,2478.5,41
Leonor Coelho,United Kingdom,Sunday Riley UFO Ultra-Clarifying Face Oil 250ml,2024-09-12,2811.98,108
Leonor Rodrigues,Netherlands,Olay Regenerist Collagen Peptide24 Serum 50ml,2023-06-02,7467.82,274
Tomás Rodrigues,Japan,Neutrogena Bright Boost Gel Cream 50ml,2024-11-01,6131.94,124
Clara Ferreira,Canada,Sunday Riley Auto Correct Brightening and Depuffing Eye Contour Cream 40ml,2022-10-21,14541.76,147
Carolina Ferreira,Germany,La Roche-Posay Cicaplast Baume B5 125ml,2024-09-01,2762.44,102
Clara Monteiro,France,Kiehl's Ultra Facial Cream 150ml,2021-05-13,12817.36,339
Maria Moreira,United States,Estée Lauder Revitalizing Supreme+ Moisturizer 340g,2024-12-31,4754.16,144
João Martins,Colombia,Drunk Elephant A-Passioni Retinol Cream 56.7g,2023-10-14,2668.04,26
Inês Monteiro,Colombia,Murad Retinol Youth Renewal Serum 40ml,2021-01-08,7069.26,62
Margarida Marques,India,Murad Brightening Booster 40ml,2024-11-28,5985.57,127
Francisco Fernandes,India,Kiehl's Calendula Serum-Infused Water Cream 30g,2022-08-12,8533.32,97
Francisco Mendes,Germany,La Roche-Posay Toleriane Double Repair Moisturiser 60ml,2020-07-04,1036.22,100
Gonçalo Ribeiro,Canada,First Aid Beauty FAB Skin Lab Resurfacing Liquid 10% AHA 56.7g,2020-09-15,663.99,10
Catarina Correia,Brazil,Kiehl's Ultra Facial Cream 40ml,2024-02-15,1047.21,96
Tiago Almeida,United Kingdom,Kiehl's Rare Earth Deep Pore Cleansing Masque 60ml,2023-05-24,13424.48,137
Martim Pinto,Chile,Drunk Elephant C-Firma Fresh Day Serum 40ml,2024-04-02,477.51,66
Matilde Cruz,Singapore,Sunday Riley Saturn Sulfur Acne Treatment Mask 15ml,2023-07-02,657.07,12
Pedro Ferreira,Mexico,CeraVe AM Facial Moisturising Lotion SPF25 100ml,2024-11-16,2465.87,73
Francisco Almeida,United States,Tatcha The Clarifying Clay Mask 30g,2023-03-03,2088.7,71
Beatriz Jesus,South Korea,Sunday Riley Auto Correct Brightening and Depuffing Eye Contour Cream 30g,2022-03-08,903.54,46
Catarina Correia,Colombia,Olay Regenerist Collagen Peptide24 Serum 250ml,2022-03-21,2006.87,18
Margarida Marques,United Kingdom,Skinceuticals Physical Fusion UV Defense SPF 50 200ml,2020-01-03,7954.66,131
Tomás Martins,Singapore,Clinique Smart Night Custom-Repair Moisturiser 60ml,2020-10-23,4424.84,60
Lucas Costa,Japan,Bioderma Atoderm Intensive Baume 40ml,2021-12-31,11718.76,117
Ana Nunes,Japan,Bioderma Atoderm Intensive Baume 150ml,2024-01-30,36133.75,305
Martim Cardoso,Netherlands,Paula's Choice DEFENSE Antioxidant Pore Purifier 30g,2023-04-25,15237.84,138
Diogo Oliveira,Argentina,Skinceuticals Physical Fusion UV Defense SPF 50 50ml,2020-08-05,6335.36,60
Martim Ferreira,United States,Murad Cellular Hydration Barrier Repair Cream 250ml,2023-08-28,1206.13,142
Sofia Carvalho,Germany,First Aid Beauty Ultra Repair Firming Collagen Cream 40ml,2021-03-04,7421.83,87
Francisco Mendes,Indonesia,Pixi Retinol Tonic 20ml,2024-02-01,3990.68,68
Tiago Cardoso,France,Murad Vita-C Glycolic Brightening Serum 30ml,2024-12-12,1128.42,15
Mariana Soares,China,Tatcha The Water Cream 100ml,2024-03-29,564.03,25
Francisco Jesus,Spain,Pixi Glow Tonic 200ml,2021-04-12,403.23,78
Laura Mendes,United States,Avène Cleanance Expert Emulsion 20ml,2024-05-05,6645.84,91
Afonso Rocha,Brazil,The Ordinary Buffet Multi-Technology Peptide Serum 150ml,2022-04-01,15169.26,148
Carolina Marques,Poland,Tatcha The Indigo Overnight Repair Treatment 200ml,2024-09-25,7413.63,141
Tiago Carvalho,Netherlands,First Aid Beauty KP Bump Eraser Body Scrub 40ml,2024-06-09,5815.59,58
Pedro Santos,Mexico,Estée Lauder Resilience Lift Firming & Sculpting Eye Cream 340g,2021-06-23,4912.45,73
Matilde Moreira,Singapore,The Ordinary Hyaluronic Acid 2% + B5 200ml,2022-05-05,5851.25,58
Lucas Costa,Mexico,Clinique Dramatically Different Moisturising Lotion+ 150ml,2022-02-05,15609.15,177
Guilherme Costa,Philippines,Paula's Choice SKIN PERFECTING 2% BHA Liquid Exfoliant 50ml,2021-10-14,8277.63,91
Laura Ribeiro,Japan,Kiehl's Ultra Facial Cream 340g,2022-08-31,8562.6,100
Afonso Rocha,Singapore,Sunday Riley Saturn Sulfur Acne Treatment Mask 150ml,2022-06-18,2087.03,37
Martim Rodrigues,South Korea,Kiehl's Rare Earth Deep Pore Cleansing Masque 30g,2020-04-15,9814.42,249
Afonso Pereira,France,Avène XeraCalm A.D Lipid-Replenishing Cream 100ml,2024-11-02,532.9,49
Lucas Coelho,Brazil,CeraVe Healing Ointment 30g,2022-03-10,3522.58,191
Inês Martins,Sweden,Bioderma Sensibio H2O Micellar Water 125ml,2024-08-07,5289.1,55
Maria Ferreira,Indonesia,Avène Eau Thermale Spray 100ml,2024-05-20,7218.52,129
Afonso Martins,South Korea,Paula's Choice CALM Redness Relief Moisturizer SPF 30 75ml,2020-03-01,1601.05,115
Guilherme Neves,Japan,The Ordinary AHA 30% + BHA 2% Peeling Solution 200ml,2023-02-22,5481.18,65
Mariana Soares,Mexico,Neutrogena Rapid Wrinkle Repair Retinol Cream 75ml,2020-01-21,10716.96,108
Dinis Carvalho,Canada,First Aid Beauty Hello FAB Coconut Skin Smoothie Priming Moisturizer 150ml,2022-01-22,3468.81,317
Carolina Silva,Poland,Avène Antirougeurs Jour Redness Relief Cream 150ml,2024-06-09,5369.15,53
Lucas Costa,Italy,Pixi Vitamin-C Juice Cleanser 75ml,2024-03-16,1907.28,129
Laura Fernandes,Singapore,Murad AHA/BHA Exfoliating Cleanser 56.7g,2024-06-01,160.52,24
Pedro Sousa,Mexico,Neutrogena Ultra Sheer Dry-Touch Sunscreen SPF 50+ 40ml,2024-10-02,42211.82,362
Margarida Teixeira,Mexico,Avène PhysioLift Night Smoothing Balm 15ml,2021-11-12,6391.74,226
Rafael Vieira,Canada,Bioderma Sebium Pore Refiner 40ml,2022-01-23,10103.44,124
Leonor Rodrigues,Spain,CeraVe Hydrating Cleanser 30g,2022-03-24,2813.82,48
Carolina Vieira,Brazil,Clinique Smart Night Custom-Repair Moisturiser 200ml,2020-05-29,15700.28,505
Lucas Ribeiro,Sweden,Neutrogena Hydro Boost Water Gel 75ml,2020-07-07,1284.71,107
Sofia Martins,India,COSRX Ultimate Moisturizing Honey Overnight Mask 30ml,2020-07-23,585.89,30
Lucas Ribeiro,China,Murad Retinol Youth Renewal Serum 150ml,2023-04-10,6554.87,112
Sara Ferreira,Chile,Kiehl's Calendula Serum-Infused Water Cream 150ml,2024-12-18,1147.02,36
Pedro Santos,Spain,Neutrogena Rapid Wrinkle Repair Retinol Cream 100ml,2023-02-11,6235.7,73
Ana Teixeira,Japan,Drunk Elephant A-Passioni Retinol Cream 200ml,2021-02-26,16048.16,189
Mariana Soares,Brazil,Olay Total Effects 7-in-1 Moisturiser 100ml,2022-09-27,3848.62,74
Gonçalo Ferreira,Poland,Skinceuticals Discoloration Defense Serum 30ml,2021-01-04,1444.06,101
Dinis Monteiro,Spain,Estée Lauder DayWear Multi-Protection Anti-Oxidant 24H Moisturizer SPF15 250ml,2023-01-29,4286.46,73
Rafael Pereira,Brazil,Kiehl's Ultra Facial Cream 20ml,2024-08-18,6306.85,75
Miguel Ferreira,India,Kiehl's Creamy Eye Treatment with Avocado 50ml,2024-01-04,12831.64,304
Guilherme Neves,Poland,The Ordinary Salicylic Acid 2% Solution 340g,2023-11-28,2024.62,71
Sofia Jesus,Sweden,REN Clean Skincare Clean Screen Mineral SPF30 30g,2020-10-23,7815.58,194
Matilde Moreira,Spain,CeraVe PM Facial Moisturising Lotion 60ml,2022-07-17,1938.78,181
Joana Costa,Canada,Paula's Choice BOOST 10% Niacinamide Booster 15ml,2022-11-27,27884.67,283
João Mendes,Spain,Bioderma Atoderm Intensive Baume 50ml,2020-11-18,2046.72,54
Mariana Soares,South Korea,Estée Lauder Perfectly Clean Multi-Action Foam Cleanser 100ml,2024-06-01,4828.42,266
Sofia Rodrigues,Colombia,First Aid Beauty KP Bump Eraser Body Scrub 250ml,2022-08-28,8229.68,263
Lucas Rodrigues,Argentina,Sunday Riley Auto Correct Brightening and Depuffing Eye Contour Cream 20ml,2020-08-24,18987.77,180
Guilherme Costa,Thailand,Tatcha The Indigo Overnight Repair Treatment 250ml,2022-11-05,3280.12,114
Margarida Marques,Argentina,CeraVe AM Facial Moisturising Lotion SPF25 40ml,2024-07-16,1204.22,74
Inês Martins,Philippines,REN Clean Skincare Ready Steady Glow Daily AHA Tonic 50ml,2024-05-02,6063.16,53
Sara Ferreira,United States,Avène PhysioLift Night Smoothing Balm 125ml,2024-09-19,9823.83,327
Clara Cardoso,Spain,Kiehl's Ultra Facial Cream 30g,2020-07-24,5839.31,54
Margarida Marques,Singapore,REN Clean Skincare Radiance Perfection Serum 100ml,2021-05-18,444.99,43
Afonso Martins,China,Olay Vitamin C + Peptide 24 Face Moisturizer 56.7g,2024-02-18,455.14,53
Catarina Martins,Singapore,La Roche-Posay Effaclar Mat Moisturiser 40ml,2023-09-16,972.13,82
Carolina Ferreira,Indonesia,First Aid Beauty Hello FAB Coconut Skin Smoothie Priming Moisturizer 30g,2023-10-01,9385.9,95
Catarina Monteiro,Spain,The Ordinary Natural Moisturising Factors + HA 75ml,2024-01-01,7377.03,91
Joana Santos,Canada,Pixi Overnight Glow Serum 30ml,2021-05-19,17205.35,148
Martim Marques,United States,Drunk Elephant A-Passioni Retinol Cream 20ml,2023-03-02,119.08,39
Rafael Pereira,India,Clinique Smart Night Custom-Repair Moisturiser 125ml,2021-04-27,11962.23,109
Afonso Vieira,Spain,Paula's Choice EARTH SOURCED Antioxidant-Enriched Natural Moisturizer 50ml,2022-02-09,10924.72,102
Afonso Neves,India,CeraVe AM Facial Moisturising Lotion SPF25 200ml,2024-02-23,2692.61,47
Rafael Gomes,France,Kiehl's Ultra Facial Cream 15ml,2024-07-19,1127.05,55
João Mendes,Argentina,The Ordinary AHA 30% + BHA 2% Peeling Solution 125ml,2024-08-06,4432.21,89
Guilherme Costa,Philippines,Drunk Elephant F-Balm Electrolyte Waterbalm 60ml,2020-01-24,2585.54,86
Mariana Soares,Spain,Drunk Elephant A-Passioni Retinol Cream 15ml,2020-05-03,12577.59,139
Pedro Santos,Brazil,Skinceuticals Triple Lipid Restore 2:4:2 340g,2022-11-19,10623.47,134
Clara Monteiro,Argentina,Sunday Riley Good Genes All-In-One Lactic Acid Treatment 75ml,2020-10-31,13352.65,451
Mariana Soares,Argentina,COSRX Advanced Snail 92 All in One Cream 340g,2022-01-27,11942.72,138
Inês Cardoso,Thailand,Skinceuticals Metacell Renewal B3 15ml,2024-10-04,2262.09,135
Pedro Ferreira,United States,Neutrogena Bright Boost Gel Cream 56.7g,2023-06-18,29450.37,287
Joana Santos,China,Murad Retinol Youth Renewal Serum 56.7g,2020-01-31,14522.95,142
Catarina Monteiro,Thailand,Estée Lauder Re-Nutriv Ultimate Lift Age-Correcting Crème 75ml,2023-10-29,5393.2,150
Lucas Santos,Sweden,REN Clean Skincare Clean Screen Mineral SPF30 250ml,2022-08-26,31933.19,354
Gonçalo Fernandes,France,Pixi Overnight Glow Serum 30ml,2021-02-17,10465.93,147
Sara Ferreira,Poland,CeraVe Healing Ointment 250ml,2020-05-04,20431.78,213
Afonso Rocha,Spain,Kiehl's Midnight Recovery Concentrate 60ml,2022-04-22,2637.9,59
Diogo Neves,Singapore,Neutrogena Cellular Boost Concentrate Serum 60ml,2023-02-25,9298.08,113
Rafael Pereira,United Kingdom,Tatcha The Essence Plump Skin Softener 340g,2024-12-19,5531.72,128
Rafael Martins,Canada,REN Clean Skincare Vita Mineral Active 7 Eye Gel 75ml,2023-11-21,8405.8,230
Afonso Jesus,Chile,Sunday Riley Auto Correct Brightening and Depuffing Eye Contour Cream 56.7g,2023-06-04,23338.56,307
Tiago Carvalho,India,Clinique Repairwear Laser Focus Eye Cream 30g,2023-03-01,5003.46,136
Rafael Mendes,Sweden,Clinique Moisture Surge 100H Auto-Replenishing Hydrator 340g,2021-09-09,657.36,69
Margarida Marques,Spain,Olay Regenerist Micro-Sculpting Cream 15ml,2024-10-21,2669.18,45
Clara Cardoso,Brazil,Avène Cleanance Expert Emulsion 20ml,2022-07-29,2247.52,130
Rodrigo Jesus,United Kingdom,Estée Lauder Revitalizing Supreme+ Moisturizer 125ml,2024-12-23,2454.02,43
Laura Costa,Colombia,The Ordinary Niacinamide 10% + Zinc 1% 200ml,2022-09-28,245.6,66
Joana Fernandes,Thailand,COSRX Full Fit Propolis Light Cream 30ml,2024-11-26,15629.1,217
Sara Cruz,China,Skinceuticals Physical Fusion UV Defense SPF 50 20ml,2024-03-19,503.63,40
Tomás Ribeiro,France,La Roche-Posay Effaclar Mat Moisturiser 56.7g,2020-11-14,271.95,92
Catarina Jesus,Indonesia,Estée Lauder Nutritious Super-Pomegranate Radiant Energy Eye Jelly 250ml,2020-05-10,32422.75,301
Leonor Jesus,Canada,Clinique All About Eyes Rich 56.7g,2023-04-07,2352.91,313
Guilherme Costa,Canada,Clinique All About Eyes Rich 100ml,2022-06-13,3158.89,140
Tomás Rodrigues,United States,Drunk Elephant Protini Polypeptide Cream 200ml,2022-12-04,5429.85,66
Maria Ferreira,Thailand,The Ordinary Hyaluronic Acid 2% + B5 15ml,2023-12-07,11207.12,105
Pedro Cruz,Thailand,The Ordinary Retinol 0.5% in Squalane 30g,2020-05-04,3731.13,59
Diogo Ribeiro,Italy,Sunday Riley UFO Ultra-Clarifying Face Oil 60ml,2023-08-25,11206.68,110
Martim Silva,Argentina,The Ordinary Hyaluronic Acid 2% + B5 250ml,2023-03-18,5935.16,78
Carolina Jesus,India,Sunday Riley Auto Correct Brightening and Depuffing Eye Contour Cream 60ml,2020-09-24,28785.07,254
Sofia Carvalho,Italy,Neutrogena Oil-Free Acne Wash 15ml,2024-12-04,17115.84,149
Guilherme Costa,Germany,Skinceuticals Metacell Renewal B3 50ml,2021-12-15,9440.38,136
Afonso Monteiro,China,First Aid Beauty Ultra Repair Firming Collagen Cream 60ml,2024-03-20,2967.03,34
Rafael Neves,Italy,Neutrogena Bright Boost Gel Cream 150ml,2021-03-31,28741.94,298
Rodrigo Teixeira,Germany,Kiehl's Super Multi-Corrective Anti-Aging Face & Neck Cream 340g,2022-11-24,1553.19,74
Mariana Teixeira,Sweden,Drunk Elephant T.L.C. Framboos Glycolic Night Serum 15ml,2020-12-18,9445.03,120
João Martins,Chile,Avène Antirougeurs Jour Redness Relief Cream 200ml,2020-06-19,13005.96,157
Carolina Jesus,Indonesia,CeraVe Moisturising Cream 56.7g,2021-06-20,19455.52,314
Diogo Monteiro,Thailand,Pixi Retinol Tonic 75ml,2023-07-14,2517.07,87
Afonso Rocha,Spain,Neutrogena Cellular Boost Concentrate Serum 30g,2024-11-10,1355.13,74
Mariana Cruz,Poland,Sunday Riley Ice Ceramide Moisturizing Cream 150ml,2023-01-26,15013.33,150
Lucas Costa,Argentina,Murad AHA/BHA Exfoliating Cleanser 125ml,2022-03-09,8416.01,79
Ana Monteiro,Indonesia,Neutrogena Oil-Free Acne Wash 15ml,2024-06-25,9293.71,124
Ana Ferreira,Chile,Clinique Moisture Surge 100H Auto-Replenishing Hydrator 20ml,2024-01-11,13365.86,132
Carolina Silva,Colombia,Murad Brightening Booster 50ml,2024-02-08,4519.64,98
Catarina Neves,France,Paula's Choice SKIN PERFECTING 2% BHA Liquid Exfoliant 250ml,2020-02-08,9488.61,128
Laura Costa,Singapore,Paula's Choice BOOST 10% Niacinamide Booster 75ml,2023-02-23,2357.97,24
Francisco Fernandes,Japan,La Roche-Posay Lipikar Balm AP+ 200ml,2024-03-19,12367.39,150
Dinis Pereira,Poland,La Roche-Posay Effaclar Mat Moisturiser 15ml,2024-03-31,6599.27,138
João Neves,Singapore,COSRX AHA/BHA Clarifying Treatment Toner 200ml,2023-02-01,11555.0,125
Matilde Moreira,South Korea,Neutrogena Norwegian Formula Face Cream 30ml,2023-08-03,332.38,18
Leonor Rodrigues,United States,Bioderma Sensibio H2O Micellar Water 125ml,2023-03-02,3565.13,131
Rafael Martins,Mexico,Drunk Elephant F-Balm Electrolyte Waterbalm 20ml,2023-11-17,10777.27,123
Carolina Vieira,Chile,The Ordinary Hyaluronic Acid 2% + B5 125ml,2024-05-07,6838.43,70
Tiago Jesus,Japan,COSRX Advanced Snail 96 Mucin Power Essence 56.7g,2024-01-01,2130.0,148
Inês Cruz,Singapore,Murad Oil-Control Mattifier SPF45 20ml,2020-12-16,2166.75,73
Beatriz Ferreira,Chile,Neutrogena Oil-Free Acne Wash 340g,2022-05-13,2015.88,33
Carolina Ferreira,Mexico,Paula's Choice EARTH SOURCED Antioxidant-Enriched Natural Moisturizer 340g,2023-03-30,50.01,16
Rodrigo Teixeira,Thailand,Skinceuticals Physical Fusion UV Defense SPF 50 30ml,2024-07-11,1282.95,12
Joana Santos,Colombia,La Roche-Posay Toleriane Double Repair Moisturiser 20ml,2023-12-09,4530.84,238
Rodrigo Cruz,South Korea,La Roche-Posay Toleriane Double Repair Moisturiser 60ml,2021-02-01,610.55,80
Afonso Vieira,Mexico,Avène Hydrance Rich Rehydrating Cream 30g,2024-03-01,6213.48,198
Beatriz Cardoso,South Korea,Sunday Riley Luna Sleeping Night Oil 20ml,2023-03-13,10363.47,119
Maria Moreira,United Kingdom,Olay Luminous Whip Face Moisturiser 200ml,2024-07-06,590.77,93
Pedro Pereira,Spain,Estée Lauder Re-Nutriv Ultimate Lift Age-Correcting Crème 60ml,2020-03-13,32049.31,282
Diogo Martins,Japan,Kiehl's Creamy Eye Treatment with Avocado 20ml,2021-06-26,5554.4,64
Rafael Pereira,Netherlands,CeraVe AM Facial Moisturising Lotion SPF25 150ml,2022-01-18,7836.83,72
Laura Fernandes,Italy,Bioderma Cicabio Arnica+ Repairing Cream 340g,2020-12-22,3378.87,31
Laura Pereira,France,COSRX Full Fit Propolis Light Cream 30ml,2023-11-10,1617.86,19
Tiago Gomes,China,The Ordinary Buffet Multi-Technology Peptide Serum 15ml,2021-08-29,3860.63,87
Tiago Carvalho,United Kingdom,Skinceuticals Phyto Corrective Gel 20ml,2022-11-30,10717.11,136
Carolina Ferreira,India,Skinceuticals B5 Gel Hydrating Serum 30ml,2024-10-30,763.54,30
Leonor Rodrigues,Thailand,Avène Eau Thermale Spray 30g,2021-09-05,1193.67,115
Rodrigo Cruz,Brazil,Skinceuticals Phyto Corrective Gel 30g,2023-01-28,7316.13,80
Margarida Teixeira,Japan,Tatcha The Indigo Overnight Repair Treatment 60ml,2020-02-09,16769.01,212
Carolina Coelho,Philippines,Paula's Choice RESIST Anti-Aging Clear Skin Hydrator 250ml,2021-04-30,3123.5,32
Sara Ferreira,Thailand,Clinique All About Eyes Rich 200ml,2022-06-04,1477.99,24
Maria Fernandes,France,Drunk Elephant Protini Polypeptide Cream 40ml,2020-09-01,2845.66,152
Dinis Pereira,China,CeraVe Renewing SA Cream 30g,2024-05-07,838.41,39
Catarina Correia,South Korea,Murad Brightening Booster 20ml,2020-04-30,8639.23,89
Tiago Cardoso,Thailand,CeraVe Renewing SA Cream 30ml,2021-07-22,2055.78,130
Dinis Cardoso,United Kingdom,Neutrogena Hydro Boost Water Gel 340g,2024-08-08,6918.35,107
Inês Cruz,Thailand,CeraVe Moisturising Cream 100ml,2022-01-16,9540.37,131
Clara Monteiro,Indonesia,Tatcha The Clarifying Clay Mask 75ml,2022-05-13,3567.34,118
Sara Almeida,Singapore,COSRX AC Collection Lightweight Soothing Moisturizer 56.7g,2023-07-14,4221.59,136
Rafael Mendes,United Kingdom,Olay Vitamin C + Peptide 24 Face Moisturizer 60ml,2021-04-20,1648.62,57
Mariana Mendes,Mexico,Drunk Elephant T.L.C. Framboos Glycolic Night Serum 15ml,2020-07-19,9060.72,153
Sofia Nunes,Spain,Avène Hydrance Rich Rehydrating Cream 50ml,2022-04-23,1418.18,14
Sofia Jesus,India,Drunk Elephant Virgin Marula Luxury Face Oil 100ml,2022-03-18,1589.93,33
Rodrigo Teixeira,United Kingdom,Bioderma Nodé Detox Shampoo 150ml,2020-11-09,4043.49,73
Laura Pereira,China,Olay Eyes Ultimate Eye Cream 200ml,2023-09-06,1748.76,17
Afonso Oliveira,United States,REN Clean Skincare Perfect Canvas Clean Primer 60ml,2024-08-07,1875.51,43
Joana Teixeira,United Kingdom,La Roche-Posay Cicaplast Baume B5 50ml,2020-05-30,3324.44,106
Martim Cardoso,Germany,COSRX Ultimate Moisturizing Honey Overnight Mask 56.7g,2022-07-01,10377.3,113
Margarida Pereira,Netherlands,Olay Regenerist Micro-Sculpting Cream 50ml,2024-03-03,3641.62,32
Laura Fernandes,Mexico,First Aid Beauty FAB Skin Lab Resurfacing Liquid 10% AHA 200ml,2022-06-13,5230.89,86
João Nunes,Indonesia,Neutrogena Hydro Boost Water Gel 60ml,2023-10-27,27604.32,264
Tiago Gomes,Chile,Sunday Riley Auto Correct Brightening and Depuffing Eye Contour Cream 56.7g,2020-09-22,8328.97,150
Joana Santos,Singapore,Clinique Smart Night Custom-Repair Moisturiser 50ml,2022-05-15,1516.88,52
Inês Ferreira,Spain,La Roche-Posay Toleriane Hydrating Gentle Cleanser 50ml,2023-08-25,6188.81,138
Mariana Mendes,United States,Drunk Elephant F-Balm Electrolyte Waterbalm 60ml,2023-02-16,6583.7,115
Afonso Monteiro,Thailand,Neutrogena Oil-Free Acne Wash 50ml,2022-12-03,2548.08,26
Sofia Rodrigues,Indonesia,La Roche-Posay Anthelios Invisible Fluid SPF50+ 56.7g,2024-11-27,6009.72,84
Inês Cruz,France,First Aid Beauty FAB Skin Lab Resurfacing Liquid 10% AHA 20ml,2020-08-30,1171.18,15
Carolina Vieira,Sweden,Clinique Even Better Clinical Radical Dark Spot Corrector 15ml,2022-07-07,14175.17,149
Francisco Jesus,Singapore,Olay Vitamin C + Peptide 24 Face Moisturizer 75ml,2022-04-13,4060.72,69
Margarida Teixeira,Canada,Drunk Elephant T.L.C. Framboos Glycolic Night Serum 30ml,2022-01-20,801.19,71
Maria Correia,Chile,The Ordinary Buffet Multi-Technology Peptide Serum 56.7g,2024-08-11,8007.27,226
Carolina Ferreira,South Korea,Sunday Riley Tidal Brightening Enzyme Water Cream 125ml,2023-08-18,13539.46,356
João Vieira,Sweden,Paula's Choice CLINICAL 1% Retinol Treatment 50ml,2020-03-01,6854.66,59
Carolina Ferreira,United States,Pixi Hydrating Milky Serum 20ml,2020-08-16,14024.21,131
Francisco Mendes,Mexico,Clinique Dramatically Different Moisturising Lotion+ 40ml,2021-01-13,21494.24,222
Dinis Silva,Italy,Drunk Elephant Lala Retro Whipped Cream 340g,2020-10-02,7790.68,70
Margarida Cardoso,France,Neutrogena Ultra Sheer Dry-Touch Sunscreen SPF 50+ 125ml,2020-11-25,3597.2,40
Rodrigo Pereira,Sweden,Clinique Repairwear Laser Focus Eye Cream 56.7g,2023-07-19,2415.22,88
Miguel Marques,United States,Clinique Turnaround Overnight Revitalizing Moisturizer 56.7g,2021-05-11,25292.3,432
Inês Ribeiro,Brazil,Paula's Choice BOOST 10% Niacinamide Booster 50ml,2024-08-16,10172.74,223
Laura Mendes,Italy,First Aid Beauty KP Bump Eraser Body Scrub 125ml,2020-02-29,6451.97,118
Inês Ferreira,United Kingdom,COSRX Advanced Snail 96 Mucin Power Essence 50ml,2021-05-15,7972.41,145
Carolina Silva,Japan,Olay Vitamin C + Peptide 24 Face Moisturizer 30ml,2024-06-28,1291.08,141
Clara Monteiro,Chile,The Ordinary Retinol 0.5% in Squalane 30ml,2020-03-18,850.66,25
Tiago Almeida,India,Paula's Choice CLINICAL 1% Retinol Treatment 200ml,2023-02-23,25895.97,257
Clara Mendes,China,Skinceuticals Physical Fusion UV Defense SPF 50 40ml,2024-12-23,1558.19,91
João Martins,Indonesia,Murad Oil-Control Mattifier SPF45 40ml,2020-11-11,25979.22,347
Sofia Jesus,Colombia,Olay Retinol24 Night Moisturizer 20ml,2024-11-30,6769.87,244
João Mendes,Chile,Sunday Riley C.E.O. 15% Vitamin C Brightening Serum 100ml,2020-07-26,23743.72,317
Laura Costa,Singapore,Murad Rapid Resurgence Eye Lift 20ml,2022-01-31,5076.39,89
Guilherme Neves,Philippines,CeraVe Hydrating Cleanser 56.7g,2020-09-18,7544.64,88
João Vieira,Philippines,First Aid Beauty Eye Duty Triple Remedy AM Gel Cream 125ml,2023-02-06,41214.65,353
Rodrigo Moreira,Colombia,Olay Regenerist Collagen Peptide24 Serum 30ml,2024-07-02,1400.99,102
João Martins,Sweden,COSRX Advanced Snail 92 All in One Cream 15ml,2022-06-02,3145.98,32
Clara Ferreira,Chile,Bioderma Cicabio Arnica+ Repairing Cream 30ml,2024-02-25,10529.95,105
João Nunes,Indonesia,COSRX Advanced Snail 92 All in One Cream 15ml,2021-06-26,1254.87,13
Diogo Costa,Brazil,Estée Lauder DayWear Multi-Protection Anti-Oxidant 24H Moisturizer SPF15 40ml,2022-03-06,3696.68,173
Martim Cardoso,South Korea,La Roche-Posay Lipikar Balm AP+ 200ml,2022-01-08,11468.76,102
Diogo Cardoso,Colombia,First Aid Beauty Eye Duty Triple Remedy AM Gel Cream 60ml,2022-11-08,13989.97,253
Francisco Almeida,Singapore,Avène Eau Thermale Spray 40ml,2024-12-19,9532.25,88
Tiago Jesus,Philippines,Neutrogena Cellular Boost Concentrate Serum 30ml,2023-03-26,5043.11,51
Francisco Vieira,Mexico,First Aid Beauty Eye Duty Triple Remedy AM Gel Cream 75ml,2022-09-21,941.14,61
Dinis Monteiro,India,Bioderma Hydrabio Gel-Crème 60ml,2022-06-17,5548.75,101
Diogo Monteiro,Argentina,The Ordinary Niacinamide 10% + Zinc 1% 20ml,2022-02-26,1543.88,37
Leonor Jesus,India,First Aid Beauty Ultra Repair Tinted Moisturizer SPF 30 20ml,2023-09-15,19041.02,232
Inês Nunes,United Kingdom,Pixi Hydrating Milky Serum 200ml,2020-10-02,2864.87,42
Diogo Monteiro,Sweden,Clinique Moisture Surge 100H Auto-Replenishing Hydrator 40ml,2023-06-20,16364.57,417
Francisco Almeida,Mexico,Olay Total Effects 7-in-1 Moisturiser 200ml,2024-12-02,9883.5,206
Gonçalo Rodrigues,Germany,Pixi Rose Ceramide Cream 60ml,2022-05-01,2374.41,35
Matilde Cruz,Brazil,Clinique Dramatically Different Moisturising Lotion+ 56.7g,2021-06-20,3047.98,119
Leonor Marques,Brazil,Olay Total Effects 7-in-1 Moisturiser 50ml,2023-09-09,894.99,27
Rodrigo Jesus,Netherlands,Neutrogena Oil-Free Acne Wash 15ml,2023-06-15,2893.35,73
Joana Fernandes,Italy,CeraVe PM Facial Moisturising Lotion 200ml,2021-04-08,9816.29,121
Afonso Martins,United Kingdom,First Aid Beauty KP Bump Eraser Body Scrub 56.7g,2020-10-16,15354.69,148
Ana Nunes,Canada,Skinceuticals Physical Fusion UV Defense SPF 50 125ml,2024-02-26,4502.81,133
Gonçalo Rodrigues,Thailand,Drunk Elephant Virgin Marula Luxury Face Oil 60ml,2021-08-19,719.01,53
Tiago Almeida,Canada,Murad AHA/BHA Exfoliating Cleanser 125ml,2022-07-23,7694.26,193
Diogo Costa,Spain,Pixi Skintreats Rose Caviar Eye Cream 20ml,2024-03-18,7487.31,98
Leonor Jesus,Italy,Estée Lauder Resilience Lift Firming & Sculpting Eye Cream 40ml,2020-08-14,5345.86,111
Rodrigo Coelho,Singapore,Bioderma Cicabio Arnica+ Repairing Cream 75ml,2020-06-02,3861.65,60
Francisco Jesus,Thailand,Paula's Choice SKIN RECOVERY Replenishing Moisturizer 56.7g,2021-12-06,460.58,106
Inês Cruz,Brazil,Bioderma Pigmentbio C-Concentrate Brightening Serum 40ml,2024-12-21,1749.88,16
Ana Moreira,Sweden,Skinceuticals Metacell Renewal B3 200ml,2021-07-04,2469.74,42
Mariana Soares,Italy,COSRX Advanced Snail 92 All in One Cream 200ml,2022-10-05,2981.16,148
Leonor Martins,Mexico,La Roche-Posay Toleriane Hydrating Gentle Cleanser 20ml,2023-12-26,934.93,104
Tiago Jesus,United States,First Aid Beauty Ultra Repair Cream 250ml,2020-01-16,26168.25,392
Francisco Mendes,Sweden,Kiehl's Super Multi-Corrective Anti-Aging Face & Neck Cream 125ml,2023-10-02,3878.73,78
Dinis Carvalho,Argentina,Avène PhysioLift Night Smoothing Balm 125ml,2023-10-14,5486.33,221
Inês Ferreira,Thailand,Pixi +C VIT Brightening Serum 50ml,2020-03-08,7644.01,66
Francisco Coelho,Chile,Murad Retinol Youth Renewal Serum 30g,2024-03-07,1946.96,28
Pedro Pereira,Singapore,Bioderma Atoderm Intensive Baume 56.7g,2023-06-26,13045.03,229
Martim Silva,China,Paula's Choice DEFENSE Antioxidant Pore Purifier 250ml,2023-12-15,10407.05,244
Afonso Sousa,India,First Aid Beauty Ultra Repair Tinted Moisturizer SPF 30 40ml,2020-07-26,3036.17,92
Afonso Monteiro,Brazil,Estée Lauder Perfectly Clean Multi-Action Foam Cleanser 30ml,2021-06-14,43546.51,383
Joana Santos,Argentina,Neutrogena Hydro Boost Water Gel 50ml,2022-08-01,13267.76,148
Sofia Carvalho,France,Estée Lauder Revitalizing Supreme+ Moisturizer 20ml,2023-09-25,2862.49,33
Maria Coelho,China,Tatcha The Eye Concentrate 15ml,2020-06-16,3410.41,63
Clara Mendes,Poland,Neutrogena Bright Boost Gel Cream 15ml,2022-07-27,813.3,21
Rodrigo Cruz,Argentina,CeraVe Eye Repair Cream 100ml,2024-12-08,11695.1,133
João Cardoso,Italy,Kiehl's Ultra Facial Cream 200ml,2021-11-09,1302.08,34
Mariana Martins,United States,Paula's Choice EARTH SOURCED Antioxidant-Enriched Natural Moisturizer 40ml,2022-10-01,18197.26,466
Mariana Neves,Chile,First Aid Beauty Hello FAB Coconut Skin Smoothie Priming Moisturizer 15ml,2023-04-06,8254.51,136
Rodrigo Teixeira,China,The Ordinary Hyaluronic Acid 2% + B5 60ml,2020-04-18,3153.1,52
Rafael Martins,China,CeraVe Skin Renewing Night Cream 50ml,2023-05-20,2977.7,37
Sofia Martins,Argentina,Neutrogena Cellular Boost Concentrate Serum 60ml,2022-01-03,13422.42,129
Joana Santos,Singapore,Neutrogena Rapid Wrinkle Repair Retinol Cream 60ml,2024-05-18,9568.11,82
Sofia Gomes,Brazil,Tatcha The Clarifying Clay Mask 60ml,2023-08-13,2496.3,69
Rafael Pereira,Chile,Neutrogena Hydro Boost Eye Gel-Cream 250ml,2020-11-24,7832.06,129
Francisco Mendes,Singapore,REN Clean Skincare Radiance Perfection Serum 100ml,2020-06-29,28136.49,343
Sofia Gomes,Sweden,Tatcha The Dewy Skin Cream 50ml,2021-03-16,954.92,34
Tomás Almeida,Thailand,Pixi Overnight Glow Serum 15ml,2022-12-07,4807.47,80
Rafael Martins,Netherlands,Olay Eyes Ultimate Eye Cream 100ml,2024-01-27,772.86,23
Sofia Carvalho,South Korea,Avène Eau Thermale Spray 30g,2020-01-15,2013.65,36
Clara Monteiro,Singapore,REN Clean Skincare Ready Steady Glow Daily AHA Tonic 50ml,2021-11-14,348.28,87
Rodrigo Pereira,South Korea,First Aid Beauty FAB Skin Lab Resurfacing Liquid 10% AHA 150ml,2020-01-04,9819.86,225
Inês Cardoso,United Kingdom,COSRX Advanced Snail 92 All in One Cream 340g,2020-09-18,15286.87,144
Laura Soares,Singapore,First Aid Beauty Pure Skin Face Cleanser 75ml,2024-04-20,5275.79,78
Inês Ribeiro,Indonesia,Tatcha The Water Cream 40ml,2020-04-20,8258.47,76
Inês Monteiro,Mexico,The Ordinary Natural Moisturising Factors + HA 125ml,2020-06-16,6879.92,83
Laura Soares,Argentina,Estée Lauder Advanced Night Repair Serum 15ml,2024-05-04,372.45,108
Tomás Almeida,Thailand,Bioderma Atoderm Intensive Baume 20ml,2024-08-18,7315.25,86
Pedro Pereira,United Kingdom,Estée Lauder Resilience Lift Firming & Sculpting Eye Cream 15ml,2024-08-21,16025.07,177
Sara Mendes,India,CeraVe Hydrating Cleanser 100ml,2021-11-26,986.02,46
Rodrigo Cruz,Philippines,Drunk Elephant Protini Polypeptide Cream 20ml,2021-09-03,2842.07,71
Martim Rodrigues,Chile,Drunk Elephant Virgin Marula Luxury Face Oil 250ml,2023-11-25,1477.33,64
Mariana Cruz,France,COSRX Advanced Snail 96 Mucin Power Essence 150ml,2024-03-14,13648.05,162
Carolina Marques,Sweden,Murad Hydro-Dynamic Ultimate Moisture 30g,2024-06-30,6820.17,311
Diogo Ribeiro,Colombia,Paula's Choice SKIN RECOVERY Replenishing Moisturizer 75ml,2024-02-27,425.54,10
Matilde Moreira,Indonesia,Skinceuticals Discoloration Defense Serum 250ml,2023-06-15,29699.35,378
Lucas Santos,Indonesia,Kiehl's Midnight Recovery Concentrate 30g,2023-12-23,1868.34,94
Sara Mendes,South Korea,Sunday Riley Tidal Brightening Enzyme Water Cream 60ml,2021-05-23,7045.23,110
Tomás Almeida,Indonesia,Avène Cleanance Expert Emulsion 50ml,2024-07-20,2724.71,147
Dinis Cardoso,Canada,Avène Eau Thermale Spray 40ml,2021-06-24,10538.49,134
Rodrigo Cruz,United Kingdom,Olay Luminous Whip Face Moisturiser 60ml,2020-08-01,3184.25,59
João Martins,Italy,REN Clean Skincare Evercalm Global Protection Day Cream 50ml,2023-08-04,932.58,42
Tomás Correia,Colombia,First Aid Beauty FAB Skin Lab Resurfacing Liquid 10% AHA 20ml,2022-03-20,1288.99,128
Sara Mendes,Italy,Paula's Choice EARTH SOURCED Antioxidant-Enriched Natural Moisturizer 340g,2024-10-26,10207.11,109
Catarina Jesus,India,Avène PhysioLift Night Smoothing Balm 150ml,2023-06-03,8222.89,117
Margarida Cardoso,Poland,The Ordinary AHA 30% + BHA 2% Peeling Solution 250ml,2022-04-12,4499.53,59
Carolina Vieira,Brazil,REN Clean Skincare V-Cense Revitalising Eye Cream 125ml,2021-01-09,6090.9,108
Leonor Coelho,Argentina,Kiehl's Ultra Facial Cream 60ml,2024-01-20,12365.78,134
Afonso Neves,Spain,Avène XeraCalm A.D Lipid-Replenishing Cream 50ml,2020-12-17,7249.47,230
Laura Soares,Canada,Pixi Overnight Glow Serum 200ml,2023-03-11,3226.17,137
João Martins,South Korea,Drunk Elephant C-Firma Fresh Day Serum 150ml,2020-08-08,3291.2,106
Sofia Martins,Poland,Olay Eyes Ultimate Eye Cream 125ml,2024-07-26,3640.84,141
Catarina Jesus,Mexico,Drunk Elephant C-Firma Fresh Day Serum 50ml,2020-08-22,9171.92,132
Diogo Oliveira,Germany,First Aid Beauty Pure Skin Face Cleanser 30g,2020-08-05,6571.75,103
Gonçalo Ferreira,United States,The Ordinary Retinol 0.5% in Squalane 30g,2021-04-22,9917.87,123
Maria Coelho,United Kingdom,CeraVe AM Facial Moisturising Lotion SPF25 200ml,2020-05-24,22375.26,251
Rodrigo Pinto,South Korea,REN Clean Skincare Perfect Canvas Clean Primer 30g,2023-02-02,10204.88,278
Leonor Pinto,Spain,Bioderma Cicabio Arnica+ Repairing Cream 75ml,2024-02-28,28273.33,480
Sofia Rodrigues,Japan,First Aid Beauty Eye Duty Triple Remedy AM Gel Cream 200ml,2022-06-11,2082.0,72
Maria Ferreira,Germany,REN Clean Skincare Vita Mineral Active 7 Eye Gel 150ml,2022-07-22,731.82,34
Carolina Vieira,Singapore,Avène Eau Thermale Spray 250ml,2021-01-14,852.84,16
Beatriz Ferreira,Poland,First Aid Beauty KP Bump Eraser Body Scrub 60ml,2023-11-08,2543.05,98
Matilde Moreira,Italy,Drunk Elephant Virgin Marula Luxury Face Oil 56.7g,2020-08-12,4143.1,102
Inês Nunes,France,Clinique Moisture Surge 100H Auto-Replenishing Hydrator 50ml,2021-11-23,2003.19,66
Afonso Rocha,China,La Roche-Posay Anthelios Invisible Fluid SPF50+ 75ml,2020-12-05,50031.98,540
Miguel Marques,Thailand,First Aid Beauty KP Bump Eraser Body Scrub 15ml,2024-12-09,2800.86,66
Sara Fernandes,China,Avène PhysioLift Night Smoothing Balm 30ml,2021-08-07,6580.92,94
Tiago Cardoso,Argentina,REN Clean Skincare Ready Steady Glow Daily AHA Tonic 40ml,2024-01-12,892.52,64
Margarida Teixeira,Poland,Neutrogena Rapid Wrinkle Repair Retinol Cream 40ml,2024-01-28,846.3,15
Gonçalo Ribeiro,Singapore,Neutrogena Norwegian Formula Face Cream 200ml,2023-02-08,2868.14,71
Rafael Martins,India,First Aid Beauty Hello FAB Coconut Skin Smoothie Priming Moisturizer 340g,2023-04-18,2266.23,55
Mariana Cruz,United Kingdom,Sunday Riley Tidal Brightening Enzyme Water Cream 75ml,2023-10-11,7474.25,63
Inês Cruz,Germany,Skinceuticals Phyto Corrective Gel 60ml,2021-02-06,3466.49,254
Leonor Marques,Colombia,Estée Lauder Micro Essence Skin Activating Treatment Lotion 60ml,2020-11-22,13257.93,146
Carolina Pereira,United States,The Ordinary Buffet Multi-Technology Peptide Serum 30ml,2024-07-08,5537.98,56
Afonso Monteiro,Brazil,First Aid Beauty Ultra Repair Firming Collagen Cream 40ml,2021-12-04,5231.08,132
Sara Cruz,United Kingdom,Murad Rapid Resurgence Eye Lift 40ml,2021-11-05,5857.21,103
Mariana Soares,China,First Aid Beauty FAB Skin Lab Resurfacing Liquid 10% AHA 100ml,2020-07-02,868.33,74
Rafael Mendes,Thailand,Paula's Choice CLINICAL 1% Retinol Treatment 150ml,2024-07-26,7265.89,70
Tiago Gomes,Philippines,Olay Super Serum 5-in-1 56.7g,2023-09-10,3125.41,41
Matilde Carvalho,Canada,Olay Eyes Ultimate Eye Cream 340g,2022-10-31,994.88,28
Mariana Martins,India,Tatcha The Dewy Skin Cream 200ml,2023-05-08,36851.46,353
João Mendes,Indonesia,REN Clean Skincare Perfect Canvas Clean Primer 30ml,2022-09-07,5469.19,84
Rafael Mendes,United States,Clinique Repairwear Laser Focus Eye Cream 40ml,2023-04-23,5331.46,56
Carolina Ferreira,Netherlands,Paula's Choice SKIN RECOVERY Replenishing Moisturizer 340g,2021-07-29,15957.56,215
Catarina Jesus,Thailand,Neutrogena Norwegian Formula Face Cream 30g,2020-07-17,197.95,26
Pedro Cruz,France,Murad Vita-C Glycolic Brightening Serum 250ml,2023-08-07,1460.1,19
Rodrigo Coelho,United Kingdom,Drunk Elephant Lala Retro Whipped Cream 125ml,2021-08-26,4540.99,244
Tomás Neves,Poland,First Aid Beauty FAB Skin Lab Resurfacing Liquid 10% AHA 15ml,2024-09-11,8373.47,132
Mariana Martins,Netherlands,Paula's Choice SKIN RECOVERY Replenishing Moisturizer 30ml,2022-04-10,419.97,16
Beatriz Ferreira,Netherlands,Clinique Moisture Surge 100H Auto-Replenishing Hydrator 30g,2020-09-05,1095.83,30
Francisco Mendes,Indonesia,Clinique Smart Night Custom-Repair Moisturiser 40ml,2023-05-13,5391.98,352
Margarida Pereira,Canada,Skinceuticals Phyto Corrective Gel 30g,2021-11-04,6286.6,104
Mariana Cruz,Brazil,Tatcha The Clarifying Clay Mask 125ml,2024-10-03,7257.71,72
Matilde Moreira,Chile,Drunk Elephant B-Hydra Intensive Hydration Serum 75ml,2020-07-06,8911.87,108
Tiago Almeida,South Korea,REN Clean Skincare Ready Steady Glow Daily AHA Tonic 30g,2020-10-14,2745.08,59
Leonor Coelho,Japan,Skinceuticals Physical Fusion UV Defense SPF 50 56.7g,2020-09-27,696.96,148
Margarida Mendes,Philippines,Murad Vita-C Glycolic Brightening Serum 56.7g,2021-10-30,3322.38,39
Tomás Correia,Canada,Bioderma Sensibio Light Soothing Cream 40ml,2020-03-28,9921.35,273
Maria Ferreira,Indonesia,Skinceuticals Discoloration Defense Serum 40ml,2021-05-10,4100.15,62
Francisco Almeida,Thailand,Clinique Smart Night Custom-Repair Moisturiser 150ml,2022-03-27,31580.65,451
Carolina Pereira,South Korea,First Aid Beauty KP Bump Eraser Body Scrub 20ml,2021-09-26,11112.42,138
Miguel Marques,Argentina,Olay Regenerist Collagen Peptide24 Serum 15ml,2023-07-24,1248.16,47
Afonso Oliveira,Netherlands,Olay Super Serum 5-in-1 60ml,2021-11-18,4771.29,110
Joana Costa,Mexico,Murad Retinol Youth Renewal Serum 15ml,2024-05-10,6437.47,255
Lucas Costa,France,The Ordinary Glycolic Acid 7% Toning Solution 56.7g,2021-04-29,14408.74,240
Maria Coelho,United States,La Roche-Posay Effaclar Mat Moisturiser 150ml,2023-05-29,6189.48,65
Rodrigo Pereira,Spain,Murad AHA/BHA Exfoliating Cleanser 60ml,2021-12-22,9446.9,111
Afonso Martins,United Kingdom,Sunday Riley Tidal Brightening Enzyme Water Cream 125ml,2024-09-11,10528.57,116
Sofia Carvalho,Sweden,REN Clean Skincare Overnight Glow Dark Spot Sleeping Cream 250ml,2024-10-10,2567.57,58
Margarida Silva,United Kingdom,Olay Vitamin C + Peptide 24 Face Moisturizer 75ml,2023-11-25,8376.61,128
Afonso Sousa,South Korea,Kiehl's Creamy Eye Treatment with Avocado 15ml,2022-02-20,15418.82,246
Francisco Almeida,China,Estée Lauder Micro Essence Skin Activating Treatment Lotion 60ml,2020-03-11,3400.88,59
Afonso Neves,Spain,Neutrogena Cellular Boost Concentrate Serum 40ml,2020-05-19,8619.5,83
Mariana Soares,Chile,Skinceuticals Discoloration Defense Serum 30ml,2024-03-23,5903.51,122
Tomás Coelho,Brazil,Tatcha The Indigo Overnight Repair Treatment 100ml,2021-01-12,21293.51,380
Rafael Vieira,Netherlands,Skinceuticals Discoloration Defense Serum 100ml,2020-05-02,11224.63,104
Rodrigo Teixeira,Canada,Skinceuticals Triple Lipid Restore 2:4:2 100ml,2021-01-12,9078.56,122
Laura Costa,Germany,Olay Vitamin C + Peptide 24 Face Moisturizer 30g,2020-11-01,4727.44,62
Miguel Ferreira,Japan,Clinique Smart Night Custom-Repair Moisturiser 30g,2021-04-28,1231.15,92
Pedro Santos,China,Pixi Rose Ceramide Cream 75ml,2021-10-31,16881.43,279
Mariana Mendes,China,Sunday Riley Saturn Sulfur Acne Treatment Mask 250ml,2024-12-17,12946.9,127
Rafael Mendes,Japan,First Aid Beauty KP Bump Eraser Body Scrub 30g,2020-09-07,24252.1,209
Carolina Jesus,South Korea,Estée Lauder Revitalizing Supreme+ Moisturizer 40ml,2024-04-01,10791.52,104
Mariana Cruz,South Korea,Sunday Riley Auto Correct Brightening and Depuffing Eye Contour Cream 56.7g,2022-07-28,8674.05,106
Dinis Cardoso,Spain,Avène Retrinal+ 0.1 Intensive Cream 56.7g,2024-01-10,5077.18,55
Ana Teixeira,Sweden,Tatcha The Silk Cream 75ml,2023-06-18,512.68,55
Rodrigo Teixeira,Argentina,Olay Vitamin C + Peptide 24 Face Moisturizer 30ml,2020-07-12,3199.28,123
Tomás Neves,Thailand,Clinique Dramatically Different Moisturising Lotion+ 150ml,2023-08-30,8351.0,107
Tomás Almeida,Chile,REN Clean Skincare Clean Screen Mineral SPF30 250ml,2020-10-18,3563.5,61
Diogo Rodrigues,France,CeraVe Healing Ointment 125ml,2022-08-23,27041.53,277
Gonçalo Ribeiro,Japan,REN Clean Skincare Radiance Perfection Serum 75ml,2020-01-01,13968.84,140
Leonor Jesus,United States,Avène XeraCalm A.D Lipid-Replenishing Cream 30ml,2020-11-04,16383.93,173
Rafael Pereira,Canada,COSRX Oil-Free Ultra-Moisturizing Lotion 75ml,2024-09-29,3726.59,40
Tomás Correia,Philippines,Estée Lauder Perfectly Clean Multi-Action Foam Cleanser 200ml,2020-03-20,2909.93,141
Lucas Coelho,United States,Olay Total Effects 7-in-1 Moisturiser 56.7g,2022-03-25,4570.88,81
Rodrigo Pereira,Germany,Murad Rapid Resurgence Eye Lift 125ml,2021-12-05,7028.83,98
Miguel Marques,India,First Aid Beauty FAB Skin Lab Resurfacing Liquid 10% AHA 30ml,2023-11-15,12698.9,291
Rodrigo Coelho,Canada,Bioderma Pigmentbio C-Concentrate Brightening Serum 50ml,2020-12-07,30324.71,247
Tiago Jesus,United States,COSRX AHA/BHA Clarifying Treatment Toner 200ml,2021-07-06,7279.2,71
Rafael Martins,Poland,Pixi Retinol Tonic 15ml,2023-08-16,8022.9,71
Guilherme Costa,France,Kiehl's Creamy Eye Treatment with Avocado 30ml,2024-01-16,2049.46,48
Carolina Marques,Argentina,La Roche-Posay Anthelios Invisible Fluid SPF50+ 20ml,2021-09-15,1572.12,20
Sofia Martins,Thailand,Estée Lauder Perfectly Clean Multi-Action Foam Cleanser 150ml,2024-08-11,9181.47,185
Lucas Costa,Germany,Bioderma Nodé Detox Shampoo 250ml,2023-04-27,6889.32,150
João Mendes,Poland,Neutrogena Hydro Boost Eye Gel-Cream 340g,2023-01-10,7486.98,108
Dinis Pereira,Colombia,REN Clean Skincare Evercalm Global Protection Day Cream 40ml,2024-07-11,33602.28,441
Martim Teixeira,Argentina,Skinceuticals Discoloration Defense Serum 50ml,2020-03-19,1631.7,77
Rodrigo Soares,Philippines,CeraVe Healing Ointment 150ml,2023-11-02,9116.44,93
Mariana Martins,Colombia,First Aid Beauty Pure Skin Face Cleanser 100ml,2023-12-29,1647.92,17
Laura Soares,India,COSRX Oil-Free Ultra-Moisturizing Lotion 15ml,2023-01-27,5311.36,143
Afonso Oliveira,Mexico,COSRX Advanced Snail 92 All in One Cream 60ml,2023-01-09,9628.69,104
Mariana Soares,Colombia,REN Clean Skincare Perfect Canvas Clean Primer 20ml,2023-03-31,4675.34,112
Pedro Pereira,Colombia,La Roche-Posay Hyalu B5 Serum 200ml,2022-06-21,5222.21,123
Inês Ribeiro,India,Clinique Even Better Clinical Radical Dark Spot Corrector 125ml,2023-04-25,3723.98,374
Leonor Coelho,France,Tatcha The Indigo Overnight Repair Treatment 30ml,2024-04-11,8001.25,81
Leonor Marques,Argentina,Paula's Choice SKIN PERFECTING 2% BHA Liquid Exfoliant 125ml,2021-11-02,9111.05,295
Dinis Ferreira,Chile,Pixi Hydrating Milky Serum 340g,2020-10-05,3582.69,55
Rafael Neves,Italy,Sunday Riley UFO Ultra-Clarifying Face Oil 30ml,2021-12-17,7665.68,293
Martim Pinto,Sweden,Estée Lauder Revitalizing Supreme+ Moisturizer 30ml,2023-12-10,7612.16,135
Tomás Rodrigues,China,The Ordinary AHA 30% + BHA 2% Peeling Solution 340g,2020-07-22,2754.88,108
Ana Moreira,South Korea,Avène XeraCalm A.D Lipid-Replenishing Cream 30g,2021-02-06,2093.85,227
Miguel Ferreira,Philippines,First Aid Beauty Hello FAB Coconut Skin Smoothie Priming Moisturizer 50ml,2021-12-05,10161.25,91
Francisco Mendes,India,Clinique Even Better Clinical Radical Dark Spot Corrector 60ml,2024-02-19,9019.88,113
Diogo Costa,Argentina,Estée Lauder Micro Essence Skin Activating Treatment Lotion 20ml,2024-03-17,2789.11,53
João Vieira,France,Drunk Elephant C-Firma Fresh Day Serum 100ml,2020-06-14,1309.9,70
Pedro Ferreira,India,Sunday Riley Luna Sleeping Night Oil 250ml,2020-06-29,6957.12,79
Tomás Coelho,Philippines,Drunk Elephant Protini Polypeptide Cream 250ml,2023-08-14,35818.64,390
Clara Ferreira,Netherlands,Murad Oil-Control Mattifier SPF45 200ml,2021-12-15,599.23,46
Mariana Mendes,Spain,Estée Lauder Revitalizing Supreme+ Moisturizer 340g,2022-03-20,10581.42,108
Miguel Marques,Germany,First Aid Beauty FAB Skin Lab Resurfacing Liquid 10% AHA 56.7g,2022-05-10,2059.88,36
Joana Costa,Italy,La Roche-Posay Toleriane Hydrating Gentle Cleanser 200ml,2022-03-04,3492.25,110
Clara Ferreira,Germany,COSRX Ultimate Moisturizing Honey Overnight Mask 56.7g,2023-01-16,7456.76,93
Rodrigo Pinto,Brazil,Clinique Repairwear Laser Focus Eye Cream 340g,2023-09-28,11663.16,137
Laura Ribeiro,Canada,CeraVe Hydrating Cleanser 50ml,2021-10-17,14570.46,129
Matilde Cruz,Colombia,Pixi Glow Tonic 75ml,2020-12-16,2044.3,298
Margarida Mendes,Colombia,La Roche-Posay Toleriane Hydrating Gentle Cleanser 20ml,2023-08-22,2590.27,112
Gonçalo Coelho,United States,Kiehl's Rare Earth Deep Pore Cleansing Masque 40ml,2024-08-17,1507.64,20
Diogo Ribeiro,Brazil,Murad AHA/BHA Exfoliating Cleanser 40ml,2020-12-16,296.56,67
Afonso Martins,Germany,Paula's Choice SKIN PERFECTING 2% BHA Liquid Exfoliant 40ml,2024-10-12,2767.96,262
Leonor Marques,United States,Skinceuticals B5 Gel Hydrating Serum 75ml,2021-06-04,9375.72,88
Martim Cardoso,Thailand,Tatcha The Water Cream 200ml,2021-02-14,5406.85,91
Francisco Mendes,Germany,Drunk Elephant Lala Retro Whipped Cream 56.7g,2024-11-17,5862.0,128
Lucas Coelho,France,CeraVe Eye Repair Cream 60ml,2023-07-25,12393.71,120
Clara Mendes,Sweden,Olay Retinol24 Night Moisturizer 50ml,2021-09-17,4397.62,136
Sofia Rodrigues,Germany,Tatcha The Water Cream 40ml,2024-05-18,30821.94,277
Francisco Vieira,Colombia,Kiehl's Powerful-Strength Line-Reducing Concentrate 15ml,2021-04-23,5611.08,59
Carolina Ferreira,South Korea,Tatcha The Dewy Skin Cream 56.7g,2024-02-23,8519.24,87
João Nunes,Mexico,CeraVe Eye Repair Cream 250ml,2024-03-30,8409.67,84
Sara Mendes,Canada,Neutrogena Hydro Boost Eye Gel-Cream 15ml,2023-10-30,6473.91,116
Dinis Ferreira,Philippines,REN Clean Skincare Overnight Glow Dark Spot Sleeping Cream 30ml,2023-07-15,13250.92,150
Rafael Pereira,Chile,CeraVe AM Facial Moisturising Lotion SPF25 75ml,2021-03-28,3269.49,365
Diogo Oliveira,Spain,REN Clean Skincare Ready Steady Glow Daily AHA Tonic 250ml,2020-05-03,4165.47,36
Sara Ferreira,France,Murad Retinol Youth Renewal Serum 40ml,2022-03-18,362.2,62
Rodrigo Teixeira,India,Avène Hydrance Rich Rehydrating Cream 30g,2021-09-06,8880.02,125
Rodrigo Moreira,Mexico,Avène XeraCalm A.D Lipid-Replenishing Cream 56.7g,2023-06-27,1875.45,52
Sofia Gomes,Chile,Murad Retinol Youth Renewal Serum 125ml,2022-12-29,12119.98,135
Diogo Costa,France,Paula's Choice SKIN RECOVERY Replenishing Moisturizer 56.7g,2020-07-23,316.22,74
Ana Nunes,Chile,The Ordinary Buffet Multi-Technology Peptide Serum 56.7g,2024-03-09,1039.41,11
Catarina Neves,France,Estée Lauder Revitalizing Supreme+ Moisturizer 30g,2021-01-02,4879.7,71
Afonso Monteiro,Argentina,Drunk Elephant T.L.C. Framboos Glycolic Night Serum 56.7g,2022-10-06,5757.17,57
Leonor Pinto,South Korea,Skinceuticals B5 Gel Hydrating Serum 100ml,2021-12-06,28939.34,304
Tomás Ribeiro,Italy,Neutrogena Ultra Sheer Dry-Touch Sunscreen SPF 50+ 150ml,2024-03-11,426.87,54
Francisco Jesus,India,Drunk Elephant B-Hydra Intensive Hydration Serum 200ml,2020-01-02,12611.14,144
Dinis Monteiro,Italy,Clinique Repairwear Laser Focus Eye Cream 75ml,2021-08-03,6904.88,248
Maria Correia,Argentina,Kiehl's Powerful-Strength Line-Reducing Concentrate 50ml,2020-04-09,8452.41,221
Lucas Costa,Germany,Paula's Choice DEFENSE Antioxidant Pore Purifier 150ml,2024-05-25,1828.36,39
Tiago Jesus,South Korea,Sunday Riley Luna Sleeping Night Oil 30g,2022-01-26,10111.52,103
Carolina Jesus,Mexico,First Aid Beauty Pure Skin Face Cleanser 340g,2023-06-12,6195.21,261
Beatriz Jesus,Brazil,La Roche-Posay Toleriane Hydrating Gentle Cleanser 15ml,2024-10-04,3788.08,121
Gonçalo Almeida,Mexico,Murad Brightening Booster 200ml,2024-07-10,508.18,18
Ana Moreira,China,CeraVe PM Facial Moisturising Lotion 56.7g,2021-07-02,6345.04,99
Martim Teixeira,Chile,Skinceuticals Physical Fusion UV Defense SPF 50 40ml,2021-10-08,761.54,38
Inês Cruz,Germany,Avène Cleanance Expert Emulsion 125ml,2020-08-18,10347.77,131
Laura Mendes,Chile,Avène Antirougeurs Jour Redness Relief Cream 15ml,2020-01-06,2892.33,75
Diogo Martins,Canada,Skinceuticals C E Ferulic Serum 40ml,2022-06-03,6583.89,132
Diogo Rodrigues,Germany,Murad Retinol Youth Renewal Serum 15ml,2023-04-01,3637.56,107
Joana Fernandes,United States,Olay Retinol24 Night Moisturizer 150ml,2020-08-21,1242.49,84
Margarida Teixeira,South Korea,First Aid Beauty Eye Duty Triple Remedy AM Gel Cream 20ml,2023-12-07,6640.74,74
Inês Nunes,Indonesia,Paula's Choice CLINICAL 1% Retinol Treatment 100ml,2022-11-27,3561.39,76
Pedro Cruz,Singapore,Paula's Choice CALM Redness Relief Moisturizer SPF 30 15ml,2024-08-09,4607.75,170
João Martins,Netherlands,Tatcha The Water Cream 100ml,2024-07-22,3847.84,71
Afonso Monteiro,Philippines,Paula's Choice SKIN RECOVERY Replenishing Moisturizer 340g,2024-10-10,68.73,15
Maria Fernandes,Brazil,Bioderma Sensibio H2O Micellar Water 50ml,2022-10-03,2921.68,114
Guilherme Neves,South Korea,Olay Vitamin C + Peptide 24 Face Moisturizer 340g,2023-10-26,5144.98,100
Maria Moreira,Brazil,Tatcha The Essence Plump Skin Softener 50ml,2021-07-21,5819.19,59
Rafael Pereira,Germany,Avène Antirougeurs Jour Redness Relief Cream 30g,2020-01-31,2201.14,78
Ana Ferreira,Germany,Pixi Glow Tonic 20ml,2021-10-18,5115.1,110
Lucas Santos,Colombia,Tatcha The Water Cream 20ml,2023-07-02,5530.65,80
Joana Teixeira,Colombia,Avène PhysioLift Night Smoothing Balm 40ml,2024-05-15,2475.11,23
Pedro Pereira,Philippines,Sunday Riley Ice Ceramide Moisturizing Cream 100ml,2022-01-02,18827.24,516
Leonor Rodrigues,Japan,Drunk Elephant Protini Polypeptide Cream 200ml,2024-03-18,11592.98,487
Lucas Costa,Philippines,Olay Regenerist Micro-Sculpting Cream 50ml,2023-07-20,21553.01,200
Matilde Carvalho,Germany,Avène Cleanance Expert Emulsion 125ml,2024-03-21,9080.93,145
Afonso Martins,Chile,REN Clean Skincare Evercalm Global Protection Day Cream 250ml,2023-02-25,12501.1,148
Margarida Cardoso,Sweden,Skinceuticals Phyto Corrective Gel 75ml,2020-08-27,8689.77,88
Rodrigo Teixeira,United Kingdom,Avène PhysioLift Night Smoothing Balm 75ml,2023-01-15,15479.61,398
Afonso Almeida,United States,Paula's Choice BOOST 10% Niacinamide Booster 15ml,2023-12-08,1451.3,134
Margarida Cardoso,United States,La Roche-Posay Retinol B3 Serum 56.7g,2021-04-27,4281.11,79
Miguel Marques,Brazil,COSRX Full Fit Propolis Light Cream 250ml,2022-07-23,555.54,73
Carolina Jesus,Colombia,La Roche-Posay Cicaplast Baume B5 200ml,2020-01-20,11792.88,134
Sara Mendes,China,Pixi Skintreats Rose Caviar Eye Cream 75ml,2022-11-24,2349.99,84
João Nunes,Netherlands,Skinceuticals Physical Fusion UV Defense SPF 50 40ml,2024-12-31,638.32,13
Beatriz Marques,France,Sunday Riley C.E.O. 15% Vitamin C Brightening Serum 75ml,2023-05-14,1908.84,82
Guilherme Neves,China,Neutrogena Ultra Sheer Dry-Touch Sunscreen SPF 50+ 75ml,2021-11-02,515.03,15
Tiago Gomes,South Korea,Olay Luminous Whip Face Moisturiser 340g,2023-06-05,6935.86,340
Tomás Almeida,India,Avène Cicalfate+ Restorative Protective Cream 60ml,2022-01-31,10118.58,106
João Neves,Singapore,Skinceuticals Metacell Renewal B3 75ml,2022-02-25,255.82,32
Matilde Moreira,Indonesia,Avène Cleanance Expert Emulsion 100ml,2020-10-03,9079.99,88
Diogo Neves,Sweden,Olay Eyes Ultimate Eye Cream 15ml,2024-03-06,3320.63,29
Rafael Pereira,Poland,Avène XeraCalm A.D Lipid-Replenishing Cream 50ml,2022-07-30,1365.57,37
Martim Silva,United Kingdom,REN Clean Skincare Evercalm Global Protection Day Cream 340g,2022-12-08,12537.48,246
Diogo Cardoso,United States,Drunk Elephant T.L.C. Framboos Glycolic Night Serum 50ml,2023-01-05,741.19,22
Diogo Costa,Philippines,Kiehl's Super Multi-Corrective Anti-Aging Face & Neck Cream 15ml,2021-03-15,6326.32,70
Rafael Vieira,Thailand,Pixi Rose Ceramide Cream 150ml,2020-01-19,2150.11,39
Margarida Silva,China,Murad Brightening Booster 20ml,2021-04-15,663.61,18
Rafael Pereira,Italy,Avène Hydrance Rich Rehydrating Cream 56.7g,2024-01-15,1980.22,150
Inês Monteiro,Thailand,The Ordinary Natural Moisturising Factors + HA 125ml,2022-05-24,21491.15,347
Diogo Ribeiro,Thailand,Clinique Moisture Surge 100H Auto-Replenishing Hydrator 60ml,2021-02-18,667.69,12
Martim Cardoso,Poland,La Roche-Posay Effaclar Mat Moisturiser 150ml,2020-09-30,8001.62,91
Miguel Martins,Germany,The Ordinary Hyaluronic Acid 2% + B5 56.7g,2022-07-17,6539.07,102
Martim Ferreira,United States,Murad AHA/BHA Exfoliating Cleanser 30ml,2022-12-19,1261.35,48
Gonçalo Almeida,Mexico,Skinceuticals Physical Fusion UV Defense SPF 50 125ml,2023-07-03,6224.65,218
Rafael Mendes,United States,Clinique Repairwear Laser Focus Eye Cream 20ml,2024-10-13,7204.28,106
Martim Ferreira,Singapore,CeraVe Skin Renewing Night Cream 20ml,2020-01-03,6606.68,378
Mariana Soares,Japan,Estée Lauder Advanced Night Repair Serum 20ml,2024-04-05,11322.99,137
Ana Moreira,Singapore,The Ordinary Glycolic Acid 7% Toning Solution 75ml,2022-11-11,703.29,126
Carolina Silva,Argentina,First Aid Beauty Ultra Repair Cream 30g,2020-10-21,5458.55,98
Sara Fernandes,United States,Paula's Choice SKIN PERFECTING 2% BHA Liquid Exfoliant 100ml,2024-09-19,626.35,37
Maria Coelho,France,Clinique Repairwear Laser Focus Eye Cream 75ml,2021-08-05,5812.43,55
Francisco Almeida,South Korea,Clinique All About Eyes Rich 50ml,2024-08-02,5972.97,408
Gonçalo Rodrigues,United States,Estée Lauder Perfectly Clean Multi-Action Foam Cleanser 100ml,2022-10-28,3284.45,92
Dinis Carvalho,South Korea,Drunk Elephant Protini Polypeptide Cream 30ml,2024-12-10,8638.13,82
Leonor Coelho,Mexico,Kiehl's Powerful-Strength Line-Reducing Concentrate 125ml,2024-05-07,1309.13,55
Tiago Carvalho,Thailand,Pixi Vitamin-C Juice Cleanser 40ml,2021-10-24,33322.17,424
Afonso Almeida,Spain,Sunday Riley Tidal Brightening Enzyme Water Cream 100ml,2021-06-21,24251.66,256
Leonor Jesus,China,Bioderma Sebium Pore Refiner 30g,2021-07-21,3093.07,64
Sofia Mendes,South Korea,The Ordinary Buffet Multi-Technology Peptide Serum 125ml,2024-03-11,4763.84,77
João Martins,Indonesia,La Roche-Posay Anthelios Invisible Fluid SPF50+ 200ml,2023-06-21,14258.93,141
Carolina Pereira,Philippines,Clinique Moisture Surge 100H Auto-Replenishing Hydrator 250ml,2023-03-17,6620.18,105
Francisco Vieira,France,Kiehl's Midnight Recovery Concentrate 250ml,2024-12-04,2366.92,85
Gonçalo Rodrigues,France,Murad Retinol Youth Renewal Serum 30ml,2022-11-06,1709.0,37
Rodrigo Pereira,Singapore,Bioderma Cicabio Arnica+ Repairing Cream 340g,2020-07-16,8551.61,288
Margarida Marques,Mexico,The Ordinary Niacinamide 10% + Zinc 1% 56.7g,2020-03-07,5742.82,56
Sofia Nunes,South Korea,Drunk Elephant C-Firma Fresh Day Serum 100ml,2022-06-26,15066.98,263
Gonçalo Rodrigues,Colombia,Bioderma Pigmentbio C-Concentrate Brightening Serum 200ml,2020-09-15,29777.0,341
Catarina Martins,Indonesia,Neutrogena Cellular Boost Concentrate Serum 125ml,2021-07-07,2868.2,144
Rodrigo Teixeira,Sweden,First Aid Beauty FAB Skin Lab Resurfacing Liquid 10% AHA 150ml,2022-12-06,9806.43,142
Mariana Martins,Indonesia,La Roche-Posay Lipikar Balm AP+ 30g,2022-04-02,3398.25,34
Ana Ferreira,Poland,Paula's Choice EARTH SOURCED Antioxidant-Enriched Natural Moisturizer 60ml,2020-05-26,18148.65,203
Matilde Moreira,Brazil,Estée Lauder Micro Essence Skin Activating Treatment Lotion 340g,2024-07-23,10172.97,148
João Martins,United States,La Roche-Posay Anthelios Invisible Fluid SPF50+ 60ml,2021-06-25,10622.79,102
Diogo Oliveira,Singapore,Estée Lauder Micro Essence Skin Activating Treatment Lotion 250ml,2022-07-13,17546.5,218
Clara Cardoso,Chile,CeraVe Healing Ointment 40ml,2023-06-21,1447.4,17
Rafael Martins,Japan,Estée Lauder Perfectly Clean Multi-Action Foam Cleanser 100ml,2022-03-11,10780.26,139
Joana Teixeira,South Korea,Bioderma Pigmentbio C-Concentrate Brightening Serum 150ml,2022-05-15,4285.27,336
Catarina Correia,Netherlands,Kiehl's Rare Earth Deep Pore Cleansing Masque 250ml,2024-05-14,32631.6,304
Inês Ferreira,Singapore,Neutrogena Cellular Boost Concentrate Serum 50ml,2020-08-11,1158.32,60
Sara Ferreira,Argentina,Estée Lauder Advanced Night Repair Serum 30g,2023-04-14,7062.57,134
Catarina Martins,Thailand,Murad Oil-Control Mattifier SPF45 340g,2024-04-25,2013.92,104
Miguel Martins,Indonesia,Pixi Vitamin-C Juice Cleanser 340g,2021-09-29,12741.92,130
Lucas Coelho,India,Avène Hydrance Rich Rehydrating Cream 150ml,2022-08-05,1694.53,18
Pedro Santos,Germany,Bioderma Cicabio Arnica+ Repairing Cream 340g,2024-10-16,8930.52,131
Catarina Martins,Netherlands,Bioderma Nodé Detox Shampoo 15ml,2024-12-24,37441.76,325
Tomás Almeida,Japan,La Roche-Posay Cicaplast Baume B5 50ml,2024-11-09,4955.42,136
Sara Almeida,China,Murad Rapid Resurgence Eye Lift 60ml,2022-08-16,5137.27,44
Dinis Cardoso,Japan,The Ordinary AHA 30% + BHA 2% Peeling Solution 150ml,2023-08-28,5152.46,66
Rafael Martins,India,Pixi Vitamin-C Juice Cleanser 20ml,2023-02-15,6612.03,169
Tomás Martins,Germany,Neutrogena Norwegian Formula Face Cream 125ml,2020-04-17,2487.01,97
Diogo Martins,Singapore,The Ordinary Hyaluronic Acid 2% + B5 56.7g,2022-08-26,1082.99,75
Rodrigo Pinto,Brazil,First Aid Beauty FAB Skin Lab Resurfacing Liquid 10% AHA 200ml,2021-04-27,39575.15,401
Lucas Rodrigues,United Kingdom,Drunk Elephant C-Firma Fresh Day Serum 200ml,2024-04-29,9764.26,107
Francisco Fernandes,India,Olay Total Effects 7-in-1 Moisturiser 340g,2024-07-15,3361.92,49
Joana Costa,Germany,Kiehl's Creamy Eye Treatment with Avocado 340g,2024-05-05,29347.5,250
Francisco Almeida,China,Estée Lauder DayWear Multi-Protection Anti-Oxidant 24H Moisturizer SPF15 200ml,2022-02-28,1427.31,17
Carolina Pereira,Spain,Skinceuticals Physical Fusion UV Defense SPF 50 20ml,2021-01-26,4757.18,64
Sofia Gomes,Japan,Bioderma Sensibio Light Soothing Cream 50ml,2020-10-06,8016.78,141
Clara Cardoso,Mexico,Avène PhysioLift Night Smoothing Balm 125ml,2020-03-05,6063.61,103
Laura Pereira,Indonesia,Avène Hydrance Rich Rehydrating Cream 100ml,2022-05-24,5952.6,106
Tomás Neves,Indonesia,Olay Retinol24 Night Moisturizer 125ml,2021-04-02,4947.2,61
Afonso Monteiro,Italy,Olay Luminous Whip Face Moisturiser 40ml,2023-04-12,5083.65,47
Mariana Martins,India,REN Clean Skincare Evercalm Global Protection Day Cream 56.7g,2021-02-19,3021.11,40
Carolina Pereira,Sweden,Estée Lauder Re-Nutriv Ultimate Lift Age-Correcting Crème 75ml,2024-09-19,2286.04,99
Rafael Martins,Colombia,Paula's Choice CLINICAL 1% Retinol Treatment 20ml,2021-03-07,11999.32,306
Tomás Almeida,Germany,Murad Hydro-Dynamic Ultimate Moisture 40ml,2022-12-09,3897.39,39
Maria Fernandes,Mexico,Pixi Rose Ceramide Cream 56.7g,2024-03-28,3770.41,53
Mariana Mendes,Brazil,La Roche-Posay Lipikar Balm AP+ 150ml,2021-03-08,4165.64,54
Pedro Cruz,Canada,First Aid Beauty KP Bump Eraser Body Scrub 250ml,2020-09-05,2229.39,80
Afonso Martins,Canada,The Ordinary Salicylic Acid 2% Solution 75ml,2020-03-31,362.98,127
Ana Teixeira,Spain,Avène Retrinal+ 0.1 Intensive Cream 50ml,2024-01-01,8679.59,127
Sara Almeida,Mexico,Bioderma Pigmentbio C-Concentrate Brightening Serum 250ml,2020-06-21,7227.96,120
Ana Nunes,Netherlands,Murad Retinol Youth Renewal Serum 40ml,2021-11-30,875.62,41
Laura Soares,South Korea,Skinceuticals A.G.E. Eye Complex 15ml,2023-10-12,443.03,45
Sofia Nunes,Mexico,Olay Total Effects 7-in-1 Moisturiser 30g,2022-04-30,8382.28,113
Pedro Ferreira,Thailand,The Ordinary Natural Moisturising Factors + HA 75ml,2023-02-15,11378.74,124
Diogo Martins,Poland,Bioderma Sensibio Light Soothing Cream 30ml,2020-08-26,2496.16,148
Sofia Rodrigues,Germany,Avène Antirougeurs Jour Redness Relief Cream 340g,2021-12-18,230.75,34
Pedro Cruz,Colombia,Kiehl's Rare Earth Deep Pore Cleansing Masque 30g,2021-04-06,18409.72,446
Maria Fernandes,Italy,Sunday Riley C.E.O. 15% Vitamin C Brightening Serum 340g,2021-09-04,4238.14,44
Rodrigo Pinto,Mexico,CeraVe AM Facial Moisturising Lotion SPF25 30g,2022-04-15,16235.03,418
Sofia Jesus,Netherlands,Avène Antirougeurs Jour Redness Relief Cream 20ml,2023-06-17,6150.82,150
Mariana Martins,Singapore,Estée Lauder Resilience Lift Firming & Sculpting Eye Cream 125ml,2020-11-14,20474.37,214
Afonso Jesus,United States,Bioderma Pigmentbio C-Concentrate Brightening Serum 15ml,2020-08-07,9416.83,222
Afonso Pereira,Canada,COSRX Ultimate Moisturizing Honey Overnight Mask 75ml,2020-02-14,19342.35,185
Laura Soares,United Kingdom,Neutrogena Hydro Boost Water Gel 50ml,2024-06-13,8584.33,77
Inês Monteiro,Chile,Kiehl's Calendula Serum-Infused Water Cream 20ml,2022-09-25,5857.59,148
Gonçalo Ferreira,India,First Aid Beauty Ultra Repair Cream 75ml,2022-08-28,4522.73,96
Dinis Monteiro,Japan,Skinceuticals C E Ferulic Serum 20ml,2024-06-19,920.09,29
Tomás Martins,Sweden,Avène Hydrance Rich Rehydrating Cream 15ml,2022-01-20,1798.06,54
Mariana Martins,France,Sunday Riley Saturn Sulfur Acne Treatment Mask 30g,2020-08-31,9507.03,127
Carolina Marques,Italy,CeraVe Renewing SA Cream 340g,2021-08-09,5025.86,143
Sofia Jesus,Germany,Skinceuticals Physical Fusion UV Defense SPF 50 250ml,2020-08-26,3048.08,47
João Mendes,Netherlands,Pixi Overnight Glow Serum 40ml,2020-03-20,8162.59,73
Rafael Gomes,France,Sunday Riley Saturn Sulfur Acne Treatment Mask 30g,2020-11-17,8029.46,88
Carolina Jesus,Spain,REN Clean Skincare V-Cense Revitalising Eye Cream 30g,2021-10-17,4633.2,87
Leonor Coelho,Canada,Neutrogena Norwegian Formula Face Cream 60ml,2020-01-03,8880.98,85
Laura Soares,Singapore,Clinique Dramatically Different Moisturising Lotion+ 340g,2022-08-20,3230.4,75
Pedro Santos,Japan,La Roche-Posay Lipikar Balm AP+ 150ml,2020-03-15,3840.2,294
Dinis Monteiro,Singapore,First Aid Beauty Eye Duty Triple Remedy AM Gel Cream 60ml,2022-07-04,4096.92,146
Tiago Carvalho,China,Estée Lauder Nutritious Super-Pomegranate Radiant Energy Eye Jelly 30ml,2021-03-29,1515.11,37
Francisco Jesus,Sweden,Paula's Choice DEFENSE Antioxidant Pore Purifier 40ml,2024-06-26,4249.75,55
Margarida Mendes,India,Neutrogena Hydro Boost Eye Gel-Cream 30g,2024-02-07,6609.4,113
Diogo Rodrigues,Sweden,First Aid Beauty Ultra Repair Firming Collagen Cream 30ml,2022-02-15,769.17,12
Margarida Marques,Canada,CeraVe Moisturising Cream 125ml,2021-12-24,2817.33,57
Dinis Silva,Indonesia,Neutrogena Cellular Boost Concentrate Serum 200ml,2022-08-06,25493.75,347
Ana Teixeira,Colombia,Estée Lauder Revitalizing Supreme+ Moisturizer 56.7g,2021-03-10,13355.79,144
Beatriz Marques,Poland,The Ordinary Glycolic Acid 7% Toning Solution 75ml,2023-12-13,2910.1,294
Martim Rodrigues,Japan,First Aid Beauty Ultra Repair Firming Collagen Cream 50ml,2023-10-31,6261.21,146
Margarida Teixeira,China,Pixi Overnight Glow Serum 75ml,2020-03-16,1586.97,102
Matilde Carvalho,India,Sunday Riley Good Genes All-In-One Lactic Acid Treatment 30ml,2020-06-19,6427.82,132
Joana Santos,Brazil,Drunk Elephant C-Firma Fresh Day Serum 20ml,2023-12-22,10740.72,124
Laura Fernandes,Thailand,The Ordinary Natural Moisturising Factors + HA 75ml,2022-01-30,33936.95,425
Carolina Jesus,Singapore,The Ordinary Niacinamide 10% + Zinc 1% 150ml,2024-02-05,13204.18,131
Pedro Cruz,Japan,Pixi Vitamin-C Juice Cleanser 100ml,2024-02-15,2703.96,29
Catarina Martins,India,Bioderma Pigmentbio C-Concentrate Brightening Serum 150ml,2023-03-06,6021.91,65
Gonçalo Coelho,South Korea,Bioderma Sebium Pore Refiner 100ml,2022-04-22,1896.53,16
Sofia Martins,Colombia,Kiehl's Super Multi-Corrective Anti-Aging Face & Neck Cream 125ml,2024-04-24,1719.96,44
Clara Ferreira,Chile,Tatcha The Water Cream 250ml,2023-05-21,7510.84,196
Diogo Costa,Germany,Pixi Skintreats Rose Caviar Eye Cream 30g,2021-05-06,6929.3,134
Guilherme Neves,Thailand,Bioderma Sensibio Light Soothing Cream 340g,2024-09-08,2564.76,58
Rodrigo Coelho,Indonesia,Clinique Smart Night Custom-Repair Moisturiser 40ml,2021-02-13,1345.3,230
Miguel Marques,Netherlands,La Roche-Posay Toleriane Double Repair Moisturiser 30g,2023-02-14,10030.38,116
Rafael Neves,Japan,Neutrogena Bright Boost Gel Cream 15ml,2022-05-08,1285.36,39
Catarina Martins,Thailand,Neutrogena Ultra Sheer Dry-Touch Sunscreen SPF 50+ 15ml,2023-04-11,1138.67,43
João Mendes,Brazil,Olay Regenerist Collagen Peptide24 Serum 40ml,2021-11-05,2874.67,48
Carolina Silva,Japan,REN Clean Skincare Vita Mineral Active 7 Eye Gel 125ml,2023-08-21,41516.29,480
Martim Pinto,Netherlands,La Roche-Posay Lipikar Balm AP+ 50ml,2020-04-23,6396.3,71
João Neves,Colombia,REN Clean Skincare Evercalm Global Protection Day Cream 15ml,2020-08-19,17863.42,166
Francisco Almeida,Philippines,Kiehl's Super Multi-Corrective Anti-Aging Face & Neck Cream 60ml,2022-01-02,9247.45,113
Rodrigo Moreira,United Kingdom,Sunday Riley UFO Ultra-Clarifying Face Oil 250ml,2024-02-21,7547.11,79
Rafael Martins,India,Neutrogena Cellular Boost Concentrate Serum 50ml,2023-03-14,338.2,11
Afonso Monteiro,United States,Olay Retinol24 Night Moisturizer 100ml,2020-10-07,553.18,34
Martim Cardoso,Colombia,Murad Rapid Resurgence Eye Lift 150ml,2024-02-25,8392.34,132
Afonso Monteiro,France,Avène Retrinal+ 0.1 Intensive Cream 30g,2024-03-18,118.39,20
Laura Pereira,South Korea,REN Clean Skincare Perfect Canvas Clean Primer 30g,2024-05-31,3692.59,52
Rodrigo Teixeira,Canada,Olay Vitamin C + Peptide 24 Face Moisturizer 125ml,2024-04-29,5288.35,85
Gonçalo Rodrigues,Singapore,Paula's Choice CALM Redness Relief Moisturizer SPF 30 56.7g,2021-10-28,1225.94,56
Mariana Soares,Japan,Paula's Choice BOOST 10% Niacinamide Booster 30ml,2020-11-01,4265.96,40
Martim Marques,United States,Estée Lauder Resilience Lift Firming & Sculpting Eye Cream 30g,2022-09-07,1670.13,105
Catarina Correia,Chile,First Aid Beauty Pure Skin Face Cleanser 56.7g,2024-09-11,12126.0,150
Martim Cardoso,Germany,REN Clean Skincare Clean Screen Mineral SPF30 50ml,2023-06-02,827.99,19
Mariana Teixeira,Chile,Avène Eau Thermale Spray 50ml,2023-01-31,12189.57,308
Sofia Carvalho,Argentina,Pixi Rose Ceramide Cream 125ml,2022-02-04,20388.78,281
Guilherme Costa,Canada,Olay Retinol24 Night Moisturizer 100ml,2022-11-01,8932.88,135
Sara Cruz,Netherlands,Estée Lauder Revitalizing Supreme+ Moisturizer 50ml,2021-08-10,2936.1,30
Martim Marques,China,The Ordinary Hyaluronic Acid 2% + B5 125ml,2021-12-05,36563.85,404
Maria Correia,Germany,Kiehl's Super Multi-Corrective Anti-Aging Face & Neck Cream 150ml,2021-12-02,4552.27,87
Afonso Oliveira,Argentina,Tatcha The Indigo Overnight Repair Treatment 50ml,2022-10-05,16927.47,299
Leonor Marques,Mexico,Murad Cellular Hydration Barrier Repair Cream 150ml,2024-12-31,5998.22,76
Gonçalo Fernandes,Japan,Estée Lauder Perfectly Clean Multi-Action Foam Cleanser 40ml,2021-07-13,349.25,75
João Nunes,France,First Aid Beauty Ultra Repair Firming Collagen Cream 200ml,2022-12-19,19499.49,376
Inês Ribeiro,India,COSRX Balancium B5 Biome Comfort Cream 40ml,2020-09-10,2438.61,150
Ana Ferreira,Singapore,The Ordinary Hyaluronic Acid 2% + B5 15ml,2020-07-05,14917.32,137
Afonso Martins,Spain,Paula's Choice CALM Redness Relief Moisturizer SPF 30 56.7g,2021-07-21,7026.66,132
Maria Coelho,Netherlands,Skinceuticals Metacell Renewal B3 250ml,2020-10-08,1540.72,28
Rodrigo Jesus,Argentina,La Roche-Posay Toleriane Double Repair Moisturiser 40ml,2024-02-07,4652.1,99
Sofia Jesus,Colombia,Bioderma Cicabio Arnica+ Repairing Cream 100ml,2024-05-13,10313.66,111
Tiago Gomes,Italy,Kiehl's Powerful-Strength Line-Reducing Concentrate 60ml,2020-05-25,6753.69,80
Diogo Martins,Mexico,Neutrogena Bright Boost Gel Cream 75ml,2022-05-04,6803.24,138
Matilde Moreira,United States,Estée Lauder Revitalizing Supreme+ Moisturizer 250ml,2024-03-27,8065.43,98
Carolina Silva,Argentina,COSRX Full Fit Propolis Light Cream 125ml,2021-04-25,6954.77,108
Carolina Coelho,Poland,Pixi Overnight Glow Serum 200ml,2022-02-17,2470.65,193
Francisco Jesus,Sweden,Drunk Elephant C-Firma Fresh Day Serum 30ml,2023-08-13,991.38,144
Afonso Neves,Japan,Olay Eyes Ultimate Eye Cream 125ml,2020-11-12,15491.66,238
Mariana Martins,South Korea,Neutrogena Ultra Sheer Dry-Touch Sunscreen SPF 50+ 60ml,2022-07-17,5892.76,65
Sara Mendes,Philippines,Olay Regenerist Micro-Sculpting Cream 340g,2020-04-26,1625.54,73
Laura Pereira,Sweden,Paula's Choice SKIN RECOVERY Replenishing Moisturizer 125ml,2023-09-22,5655.82,64
Catarina Neves,Philippines,Pixi Skintreats Rose Caviar Eye Cream 40ml,2022-04-08,1762.81,68
Sofia Carvalho,Indonesia,La Roche-Posay Toleriane Double Repair Moisturiser 56.7g,2020-01-10,577.83,87
Lucas Rodrigues,Germany,Pixi Retinol Tonic 15ml,2021-07-02,24119.84,387
Inês Martins,Argentina,Clinique Turnaround Overnight Revitalizing Moisturizer 340g,2021-01-11,588.69,30
Clara Gomes,Poland,Sunday Riley C.E.O. 15% Vitamin C Brightening Serum 30g,2024-11-15,1005.35,104
Tiago Gomes,Mexico,REN Clean Skincare Vita Mineral Active 7 Eye Gel 75ml,2021-04-21,1397.5,13
Rafael Gomes,Canada,Avène Eau Thermale Spray 340g,2024-09-25,7035.07,112
Gonçalo Fernandes,Spain,CeraVe Moisturising Cream 30ml,2020-12-04,196.18,23
Miguel Martins,United Kingdom,Pixi +C VIT Brightening Serum 100ml,2024-08-04,4036.07,78
Clara Cardoso,Poland,Bioderma Cicabio Arnica+ Repairing Cream 56.7g,2022-02-20,15917.45,194
Joana Fernandes,Thailand,Drunk Elephant T.L.C. Framboos Glycolic Night Serum 150ml,2022-06-14,9874.74,107
Maria Coelho,Indonesia,Estée Lauder DayWear Multi-Protection Anti-Oxidant 24H Moisturizer SPF15 200ml,2021-12-07,20971.02,317
Leonor Rodrigues,Mexico,Avène Cicalfate+ Restorative Protective Cream 60ml,2021-02-14,3540.35,87
Joana Santos,China,COSRX Ultimate Moisturizing Honey Overnight Mask 56.7g,2023-03-16,3694.86,73
Carolina Vieira,South Korea,Tatcha The Eye Concentrate 15ml,2024-11-04,1713.78,24
João Nunes,Singapore,Murad Vita-C Glycolic Brightening Serum 56.7g,2023-02-16,384.45,23
João Mendes,Philippines,CeraVe Eye Repair Cream 150ml,2023-10-05,1167.87,15
Catarina Correia,India,Murad Oil-Control Mattifier SPF45 125ml,2020-08-23,5496.52,130
Rafael Mendes,Brazil,Drunk Elephant F-Balm Electrolyte Waterbalm 60ml,2024-02-22,20878.18,180
Carolina Jesus,South Korea,Paula's Choice BOOST 10% Niacinamide Booster 30g,2024-10-28,31060.43,333
Margarida Teixeira,Poland,Pixi Vitamin-C Juice Cleanser 56.7g,2022-11-20,2764.47,396
Joana Santos,Japan,Tatcha The Rice Polish Foaming Enzyme Powder 125ml,2024-10-05,10929.51,133
Mariana Cruz,Singapore,Tatcha The Silk Cream 30g,2021-09-05,18619.6,263
Leonor Pinto,Singapore,Skinceuticals Discoloration Defense Serum 30ml,2023-12-25,1610.4,400
Sofia Mendes,Mexico,COSRX Advanced Snail 96 Mucin Power Essence 340g,2021-10-25,2540.6,109
Martim Pinto,Colombia,Paula's Choice SKIN RECOVERY Replenishing Moisturizer 20ml,2021-04-03,1617.72,141
Margarida Silva,Philippines,La Roche-Posay Toleriane Hydrating Gentle Cleanser 20ml,2023-10-10,1471.21,127
Martim Ferreira,Indonesia,Skinceuticals Discoloration Defense Serum 20ml,2021-09-04,20352.28,348
Laura Soares,South Korea,Avène XeraCalm A.D Lipid-Replenishing Cream 150ml,2022-04-10,974.97,142
Tiago Almeida,China,COSRX Oil-Free Ultra-Moisturizing Lotion 30ml,2022-12-17,4122.29,69
Rafael Pereira,Poland,Murad Oil-Control Mattifier SPF45 56.7g,2020-08-06,2883.42,62
Afonso Jesus,Indonesia,Tatcha The Rice Polish Foaming Enzyme Powder 30ml,2024-02-06,2523.45,47
Laura Mendes,China,COSRX AC Collection Lightweight Soothing Moisturizer 125ml,2023-01-19,4510.9,142
Carolina Silva,Mexico,Tatcha The Rice Polish Foaming Enzyme Powder 30ml,2022-10-28,9259.1,135
Pedro Santos,United Kingdom,Clinique Smart Night Custom-Repair Moisturiser 30g,2023-11-04,5347.77,59
Mariana Mendes,Thailand,Avène PhysioLift Night Smoothing Balm 30ml,2024-11-02,12134.85,220
Carolina Jesus,Poland,Sunday Riley Ice Ceramide Moisturizing Cream 56.7g,2024-03-26,9755.63,147
Rafael Pereira,Poland,Kiehl's Powerful-Strength Line-Reducing Concentrate 125ml,2022-07-23,31001.71,330
Maria Coelho,Indonesia,Clinique Turnaround Overnight Revitalizing Moisturizer 20ml,2020-02-11,2249.12,41
Sofia Rodrigues,Singapore,CeraVe PM Facial Moisturising Lotion 125ml,2024-10-27,567.82,64
Miguel Marques,United States,Estée Lauder Perfectly Clean Multi-Action Foam Cleanser 60ml,2020-12-21,2014.2,39
João Vieira,Poland,Kiehl's Rare Earth Deep Pore Cleansing Masque 20ml,2021-04-26,2163.46,76
Francisco Coelho,Singapore,La Roche-Posay Hyalu B5 Serum 50ml,2020-04-21,1879.95,77
Francisco Almeida,Sweden,Skinceuticals B5 Gel Hydrating Serum 56.7g,2023-01-19,4173.4,421
Miguel Marques,Italy,CeraVe Moisturising Cream 100ml,2024-07-05,9014.84,92
Tomás Neves,Colombia,Clinique All About Eyes Rich 250ml,2023-05-12,3458.54,39
Diogo Monteiro,Japan,La Roche-Posay Effaclar Mat Moisturiser 30g,2021-04-28,5077.13,48
Clara Monteiro,Japan,La Roche-Posay Toleriane Double Repair Moisturiser 125ml,2020-10-29,7525.34,135
Tomás Coelho,Poland,Murad Cellular Hydration Barrier Repair Cream 75ml,2021-09-14,13881.11,134
Laura Fernandes,United States,La Roche-Posay Lipikar Balm AP+ 56.7g,2021-12-13,1003.07,21
Afonso Vieira,Thailand,Pixi Rose Ceramide Cream 15ml,2024-07-05,1999.72,74
Catarina Jesus,United States,Clinique Dramatically Different Moisturising Lotion+ 20ml,2020-09-19,491.97,61
Lucas Costa,Colombia,The Ordinary AHA 30% + BHA 2% Peeling Solution 200ml,2024-11-29,2073.65,65
Margarida Teixeira,Netherlands,Neutrogena Oil-Free Acne Wash 40ml,2021-06-02,43107.2,450
Pedro Sousa,Netherlands,Avène Retrinal+ 0.1 Intensive Cream 56.7g,2021-11-09,5773.81,160
Carolina Pereira,South Korea,Pixi Rose Ceramide Cream 56.7g,2024-03-20,15115.59,381
Carolina Marques,Japan,COSRX Advanced Snail 96 Mucin Power Essence 200ml,2021-07-17,1685.0,112
Margarida Silva,Thailand,Avène Eau Thermale Spray 125ml,2022-07-21,5174.36,67
Inês Cruz,China,Avène Retrinal+ 0.1 Intensive Cream 60ml,2021-02-16,1935.21,33
Afonso Martins,Thailand,CeraVe Moisturising Cream 60ml,2021-01-04,2555.84,70
Martim Pinto,India,Avène Antirougeurs Jour Redness Relief Cream 125ml,2024-03-13,2410.22,29
Rafael Pereira,China,Skinceuticals Metacell Renewal B3 50ml,2024-07-23,12874.3,375
Afonso Martins,Poland,Bioderma Atoderm Intensive Baume 40ml,2023-05-01,33307.43,321
Clara Gomes,Argentina,Avène Cicalfate+ Restorative Protective Cream 150ml,2024-06-13,2341.97,45
Maria Moreira,Germany,Clinique Take The Day Off Cleansing Balm 75ml,2020-06-24,9629.92,366
Diogo Cardoso,Thailand,Neutrogena Oil-Free Acne Wash 75ml,2021-01-09,38218.98,495
Inês Monteiro,Thailand,The Ordinary Hyaluronic Acid 2% + B5 30ml,2023-01-01,770.55,38
Inês Cardoso,Italy,Bioderma Cicabio Arnica+ Repairing Cream 20ml,2020-02-24,2826.7,67
Sofia Rodrigues,France,COSRX AHA/BHA Clarifying Treatment Toner 40ml,2020-08-04,2418.98,35
Sofia Martins,India,Pixi Vitamin-C Juice Cleanser 250ml,2022-02-05,2213.21,145
Mariana Teixeira,United States,CeraVe Eye Repair Cream 15ml,2024-04-22,5098.14,56
João Cardoso,Thailand,Sunday Riley Tidal Brightening Enzyme Water Cream 30ml,2020-01-19,5105.75,135
Francisco Coelho,South Korea,Clinique Moisture Surge 100H Auto-Replenishing Hydrator 15ml,2023-03-13,1281.64,25
Dinis Monteiro,France,Olay Super Serum 5-in-1 150ml,2022-10-21,476.78,39
Ana Ferreira,United Kingdom,Tatcha The Rice Polish Foaming Enzyme Powder 75ml,2021-02-06,4734.56,44
Pedro Ferreira,South Korea,Drunk Elephant F-Balm Electrolyte Waterbalm 50ml,2023-11-10,3673.15,56
Joana Teixeira,Mexico,Sunday Riley UFO Ultra-Clarifying Face Oil 40ml,2024-11-01,3379.21,44
Diogo Rodrigues,India,REN Clean Skincare Perfect Canvas Clean Primer 200ml,2024-12-04,892.63,29
Inês Cruz,Mexico,Avène XeraCalm A.D Lipid-Replenishing Cream 100ml,2022-05-28,9655.67,116
Tomás Correia,United Kingdom,Neutrogena Cellular Boost Concentrate Serum 60ml,2020-12-24,2446.4,79
Rodrigo Pinto,Netherlands,Kiehl's Creamy Eye Treatment with Avocado 30ml,2022-10-20,5876.5,60
Afonso Pereira,Singapore,Drunk Elephant Lala Retro Whipped Cream 40ml,2020-11-13,3169.73,37
Miguel Ferreira,Sweden,Olay Regenerist Collagen Peptide24 Serum 60ml,2021-04-28,3373.19,58
Joana Oliveira,Argentina,Olay Super Serum 5-in-1 200ml,2020-08-16,596.52,24
João Mendes,China,Bioderma Sensibio H2O Micellar Water 200ml,2022-04-16,1675.05,104
Afonso Monteiro,Colombia,Estée Lauder Re-Nutriv Ultimate Lift Age-Correcting Crème 30g,2023-07-30,2317.67,53
Carolina Marques,Thailand,COSRX Oil-Free Ultra-Moisturizing Lotion 60ml,2023-06-10,5763.15,104
Laura Soares,Mexico,COSRX Oil-Free Ultra-Moisturizing Lotion 250ml,2023-10-10,20004.08,366
Diogo Rocha,Italy,Skinceuticals B5 Gel Hydrating Serum 150ml,2021-10-16,2221.84,40
Dinis Pereira,France,First Aid Beauty Hello FAB Coconut Skin Smoothie Priming Moisturizer 15ml,2024-09-24,396.65,27
Beatriz Marques,France,First Aid Beauty KP Bump Eraser Body Scrub 60ml,2023-10-18,31987.14,473
Afonso Monteiro,Philippines,CeraVe AM Facial Moisturising Lotion SPF25 60ml,2024-01-25,2861.59,88
Miguel Rocha,Germany,Skinceuticals Physical Fusion UV Defense SPF 50 40ml,2023-03-24,3436.84,180
Pedro Cruz,China,CeraVe AM Facial Moisturising Lotion SPF25 30g,2022-02-03,12590.71,208
Rafael Gomes,Canada,REN Clean Skincare Perfect Canvas Clean Primer 50ml,2023-03-08,30789.46,277
Rafael Martins,Germany,Clinique Turnaround Overnight Revitalizing Moisturizer 100ml,2024-07-08,7339.59,121
Martim Teixeira,India,Murad Hydro-Dynamic Ultimate Moisture 15ml,2023-04-10,3598.85,234
Ana Monteiro,Thailand,The Ordinary Retinol 0.5% in Squalane 40ml,2022-02-20,1940.2,26
Laura Costa,Germany,Bioderma Sebium Pore Refiner 200ml,2021-07-24,16780.94,150
Martim Pinto,Philippines,Clinique Smart Night Custom-Repair Moisturiser 100ml,2020-05-24,279.84,67
Leonor Rodrigues,United States,Olay Eyes Ultimate Eye Cream 20ml,2022-09-10,2319.5,103
Joana Costa,Chile,Paula's Choice DEFENSE Antioxidant Pore Purifier 40ml,2020-04-28,6661.9,77
Sofia Carvalho,Japan,COSRX Ultimate Moisturizing Honey Overnight Mask 100ml,2023-05-12,313.33,34
Gonçalo Fernandes,Brazil,Olay Regenerist Collagen Peptide24 Serum 40ml,2021-12-10,11301.16,121
Laura Soares,France,Drunk Elephant Virgin Marula Luxury Face Oil 40ml,2024-01-23,8655.16,82
Clara Monteiro,Singapore,Tatcha The Dewy Skin Cream 40ml,2020-11-03,4627.42,50
Diogo Monteiro,Indonesia,CeraVe PM Facial Moisturising Lotion 75ml,2021-04-29,14840.39,205
Miguel Marques,Indonesia,Avène Cicalfate+ Restorative Protective Cream 340g,2021-09-15,3896.95,41
Margarida Cardoso,India,Paula's Choice BOOST 10% Niacinamide Booster 30ml,2020-08-18,1506.31,33
Joana Costa,Spain,The Ordinary Glycolic Acid 7% Toning Solution 100ml,2022-03-12,8425.85,85
Pedro Pereira,South Korea,Neutrogena Norwegian Formula Face Cream 60ml,2020-10-29,49526.27,429
Carolina Jesus,Sweden,REN Clean Skincare Evercalm Global Protection Day Cream 20ml,2021-01-26,375.02,81
Maria Moreira,China,Bioderma Cicabio Arnica+ Repairing Cream 20ml,2022-11-24,4133.48,99
Joana Fernandes,Colombia,Bioderma Cicabio Arnica+ Repairing Cream 30g,2022-02-26,3639.7,40
Sofia Martins,Thailand,Pixi Vitamin-C Juice Cleanser 125ml,2024-11-11,7880.76,160
Mariana Cruz,Brazil,Paula's Choice EARTH SOURCED Antioxidant-Enriched Natural Moisturizer 75ml,2023-07-27,9711.31,106
Diogo Martins,Germany,Neutrogena Cellular Boost Concentrate Serum 30ml,2020-02-23,39834.12,353
João Neves,Thailand,La Roche-Posay Toleriane Double Repair Moisturiser 50ml,2023-02-12,5731.48,116
João Mendes,Philippines,Avène Retrinal+ 0.1 Intensive Cream 250ml,2020-10-22,20198.25,233
Beatriz Ferreira,Chile,Neutrogena Ultra Sheer Dry-Touch Sunscreen SPF 50+ 56.7g,2022-06-04,4304.48,212
Rodrigo Moreira,Argentina,CeraVe PM Facial Moisturising Lotion 100ml,2023-09-28,1176.29,95
Carolina Ferreira,Argentina,Olay Regenerist Collagen Peptide24 Serum 125ml,2022-02-27,1936.54,33
Rafael Gomes,Netherlands,La Roche-Posay Cicaplast Baume B5 125ml,2020-08-06,2774.96,36
Rafael Martins,Mexico,Skinceuticals Discoloration Defense Serum 150ml,2022-04-23,6292.04,144
Rafael Martins,Philippines,REN Clean Skincare Ready Steady Glow Daily AHA Tonic 150ml,2023-08-13,10435.39,144
Joana Santos,Spain,La Roche-Posay Cicaplast Baume B5 200ml,2023-05-07,10051.05,110
Beatriz Marques,Japan,The Ordinary Natural Moisturising Factors + HA 30ml,2023-03-29,7948.95,313
Gonçalo Almeida,Sweden,Drunk Elephant A-Passioni Retinol Cream 75ml,2023-04-26,1643.56,105
Dinis Cardoso,South Korea,Estée Lauder Re-Nutriv Ultimate Lift Age-Correcting Crème 15ml,2022-06-18,4817.8,62
Ana Vieira,Germany,Estée Lauder Re-Nutriv Ultimate Lift Age-Correcting Crème 250ml,2021-12-04,1687.79,38
Dinis Pereira,Philippines,Kiehl's Clearly Corrective Dark Spot Solution 125ml,2020-05-03,17091.67,246
Sofia Mendes,Singapore,Bioderma Sensibio H2O Micellar Water 50ml,2022-03-11,16246.54,324
Maria Moreira,Germany,Avène Eau Thermale Spray 200ml,2021-08-10,1214.85,60
Miguel Ferreira,Italy,La Roche-Posay Retinol B3 Serum 250ml,2020-06-07,2268.05,86
Beatriz Marques,Philippines,Drunk Elephant A-Passioni Retinol Cream 30ml,2024-06-21,3979.2,93
Rodrigo Jesus,Spain,The Ordinary Buffet Multi-Technology Peptide Serum 340g,2024-01-13,5836.13,134
Diogo Rocha,Philippines,La Roche-Posay Toleriane Hydrating Gentle Cleanser 340g,2020-11-23,934.36,308
Carolina Jesus,China,COSRX Advanced Snail 96 Mucin Power Essence 20ml,2022-05-04,11103.3,308
Rafael Neves,Netherlands,Drunk Elephant C-Firma Fresh Day Serum 30ml,2022-09-29,1415.83,78
Mariana Mendes,Italy,COSRX Ultimate Moisturizing Honey Overnight Mask 50ml,2021-07-26,31475.48,305
Clara Gomes,Mexico,First Aid Beauty Eye Duty Triple Remedy AM Gel Cream 50ml,2020-09-18,6025.89,176
Laura Ribeiro,United Kingdom,Olay Regenerist Collagen Peptide24 Serum 150ml,2020-11-22,951.79,45
Tomás Rodrigues,France,Olay Total Effects 7-in-1 Moisturiser 250ml,2023-01-30,4566.83,54
Carolina Jesus,South Korea,Clinique Moisture Surge 100H Auto-Replenishing Hydrator 200ml,2020-11-12,8145.51,140
Maria Moreira,United Kingdom,Avène Hydrance Rich Rehydrating Cream 15ml,2021-12-06,2973.25,44
Lucas Coelho,France,Paula's Choice SKIN PERFECTING 2% BHA Liquid Exfoliant 20ml,2021-08-08,33738.04,309
Guilherme Neves,France,Neutrogena Norwegian Formula Face Cream 75ml,2020-08-25,3253.21,58
Guilherme Costa,India,Estée Lauder Perfectly Clean Multi-Action Foam Cleanser 250ml,2021-03-08,897.85,197
Maria Correia,United Kingdom,Pixi Rose Ceramide Cream 56.7g,2020-06-28,1624.38,24
Carolina Vieira,Italy,The Ordinary Buffet Multi-Technology Peptide Serum 340g,2021-06-10,1249.1,56
Dinis Pereira,Germany,Olay Luminous Whip Face Moisturiser 15ml,2022-12-22,3884.75,63
Ana Nunes,Italy,Kiehl's Creamy Eye Treatment with Avocado 30g,2023-08-27,193.77,10
Mariana Soares,Germany,Tatcha The Silk Cream 125ml,2023-12-04,4007.91,58
Francisco Mendes,Brazil,Kiehl's Rare Earth Deep Pore Cleansing Masque 20ml,2024-08-23,8496.44,116
Rafael Pereira,Poland,Tatcha The Eye Concentrate 125ml,2021-07-21,11399.23,150
Mariana Cruz,India,Drunk Elephant Lala Retro Whipped Cream 30g,2022-12-16,8374.34,80
Lucas Rodrigues,South Korea,Clinique Even Better Clinical Radical Dark Spot Corrector 100ml,2020-07-07,6295.51,78
Sara Ferreira,United States,COSRX Advanced Snail 96 Mucin Power Essence 56.7g,2024-08-06,37576.05,314
Leonor Coelho,Netherlands,CeraVe Renewing SA Cream 15ml,2020-10-11,6156.64,59
Afonso Martins,Poland,Paula's Choice EARTH SOURCED Antioxidant-Enriched Natural Moisturizer 75ml,2020-01-18,20967.61,353
Dinis Silva,South Korea,Neutrogena Hydro Boost Eye Gel-Cream 20ml,2024-07-24,3465.25,83
Afonso Vieira,Chile,COSRX Balancium B5 Biome Comfort Cream 100ml,2024-03-24,31066.08,332
Leonor Coelho,China,Skinceuticals B5 Gel Hydrating Serum 250ml,2021-03-20,6839.27,102
Tiago Jesus,United Kingdom,Avène XeraCalm A.D Lipid-Replenishing Cream 125ml,2020-03-31,4550.29,202
Tiago Cardoso,South Korea,Sunday Riley C.E.O. 15% Vitamin C Brightening Serum 200ml,2020-12-23,1272.16,102
Margarida Marques,France,COSRX Oil-Free Ultra-Moisturizing Lotion 75ml,2023-05-01,10154.26,392
Margarida Oliveira,Italy,Clinique Smart Night Custom-Repair Moisturiser 100ml,2022-05-13,8266.46,128
Carolina Jesus,Colombia,REN Clean Skincare Radiance Perfection Serum 200ml,2020-12-31,18105.33,392
Ana Teixeira,India,Skinceuticals Triple Lipid Restore 2:4:2 30g,2022-07-25,931.38,37
Ana Ferreira,Argentina,The Ordinary Salicylic Acid 2% Solution 340g,2023-10-29,2648.17,255
Miguel Rocha,Colombia,COSRX Oil-Free Ultra-Moisturizing Lotion 200ml,2020-07-26,4230.28,112
Maria Correia,Netherlands,Clinique Turnaround Overnight Revitalizing Moisturizer 200ml,2022-05-19,11232.04,121
João Cardoso,United States,Neutrogena Bright Boost Gel Cream 56.7g,2023-12-15,1865.47,20
João Nunes,South Korea,Avène Antirougeurs Jour Redness Relief Cream 56.7g,2023-05-03,1774.18,17
Francisco Jesus,India,Kiehl's Powerful-Strength Line-Reducing Concentrate 20ml,2020-12-06,13346.28,164
Tomás Martins,Brazil,CeraVe Renewing SA Cream 75ml,2020-05-11,2132.88,98
Ana Teixeira,Thailand,Clinique Turnaround Overnight Revitalizing Moisturizer 200ml,2023-08-11,1630.67,27
Rafael Martins,United States,Paula's Choice EARTH SOURCED Antioxidant-Enriched Natural Moisturizer 30g,2023-08-11,7663.96,66
Laura Carvalho,Indonesia,REN Clean Skincare Evercalm Global Protection Day Cream 150ml,2021-02-25,3522.4,40
João Costa,Argentina,Pixi Skintreats Rose Caviar Eye Cream 250ml,2021-03-08,5405.99,148
Afonso Oliveira,Netherlands,Olay Super Serum 5-in-1 30g,2024-08-02,1552.94,402
Francisco Mendes,India,REN Clean Skincare V-Cense Revitalising Eye Cream 150ml,2022-05-25,14895.2,147
Dinis Silva,Canada,Drunk Elephant B-Hydra Intensive Hydration Serum 30ml,2020-05-28,2180.24,31
Afonso Monteiro,United States,COSRX Advanced Snail 92 All in One Cream 100ml,2022-10-14,6915.43,93
Beatriz Ferreira,Mexico,Murad Oil-Control Mattifier SPF45 50ml,2020-05-23,24640.71,290
Ana Teixeira,Germany,Estée Lauder Revitalizing Supreme+ Moisturizer 200ml,2021-06-08,11655.29,129
Lucas Ribeiro,Singapore,CeraVe AM Facial Moisturising Lotion SPF25 15ml,2022-03-24,1200.56,13
Ana Monteiro,Argentina,Murad Vita-C Glycolic Brightening Serum 75ml,2024-01-04,9818.62,257
Lucas Rodrigues,Chile,First Aid Beauty KP Bump Eraser Body Scrub 20ml,2023-01-12,105.29,10
Mariana Cruz,Netherlands,Olay Eyes Ultimate Eye Cream 40ml,2022-07-13,1297.4,63
Carolina Silva,France,Tatcha The Indigo Overnight Repair Treatment 340g,2020-08-14,1994.6,133
Ana Monteiro,Thailand,Estée Lauder Micro Essence Skin Activating Treatment Lotion 250ml,2024-05-31,3956.97,82
Sofia Gomes,Philippines,COSRX AHA/BHA Clarifying Treatment Toner 100ml,2024-09-19,2630.38,86
Tiago Cardoso,Colombia,CeraVe Skin Renewing Night Cream 200ml,2021-11-09,1684.57,104
Margarida Oliveira,Italy,Skinceuticals Physical Fusion UV Defense SPF 50 250ml,2020-01-17,6725.22,67
Laura Ribeiro,France,La Roche-Posay Toleriane Hydrating Gentle Cleanser 60ml,2021-06-08,2697.1,63
Mariana Neves,Singapore,Drunk Elephant Lala Retro Whipped Cream 30ml,2023-02-23,834.27,119
Afonso Pereira,Poland,The Ordinary Natural Moisturising Factors + HA 20ml,2024-02-03,4494.21,261
Francisco Fernandes,Netherlands,The Ordinary AHA 30% + BHA 2% Peeling Solution 20ml,2020-11-26,9688.16,113
João Costa,France,COSRX AHA/BHA Clarifying Treatment Toner 75ml,2022-05-02,2749.51,115
Pedro Pereira,China,Estée Lauder Re-Nutriv Ultimate Lift Age-Correcting Crème 200ml,2020-11-24,11453.19,259
Afonso Oliveira,Italy,COSRX AC Collection Lightweight Soothing Moisturizer 20ml,2020-04-19,539.18,39
Sofia Martins,Philippines,Clinique Dramatically Different Moisturising Lotion+ 250ml,2020-11-07,532.16,21
Francisco Fernandes,Italy,Kiehl's Midnight Recovery Concentrate 100ml,2022-04-24,8539.66,77
Rodrigo Soares,South Korea,Pixi Hydrating Milky Serum 60ml,2022-11-22,1398.69,14
Clara Monteiro,Japan,Murad Retinol Youth Renewal Serum 56.7g,2023-10-03,3784.55,39
Sofia Martins,Indonesia,La Roche-Posay Anthelios Invisible Fluid SPF50+ 75ml,2024-10-24,10873.39,178
Ana Teixeira,India,The Ordinary Natural Moisturising Factors + HA 50ml,2024-07-24,1406.67,34
Tomás Martins,Singapore,Paula's Choice RESIST Anti-Aging Clear Skin Hydrator 150ml,2022-08-09,2752.9,31
Joana Costa,Canada,Avène Cleanance Expert Emulsion 250ml,2020-03-06,9601.19,141
Afonso Monteiro,Colombia,REN Clean Skincare Evercalm Global Protection Day Cream 250ml,2020-05-13,6369.02,56
Sofia Carvalho,France,Neutrogena Ultra Sheer Dry-Touch Sunscreen SPF 50+ 125ml,2022-12-03,2888.24,74
Dinis Cardoso,Spain,Murad AHA/BHA Exfoliating Cleanser 100ml,2022-06-19,3694.69,43
Maria Fernandes,Chile,Tatcha The Dewy Skin Cream 150ml,2023-05-28,382.46,35
Mariana Soares,Mexico,Tatcha The Silk Cream 200ml,2023-08-26,9490.44,82
Maria Coelho,Germany,REN Clean Skincare Evercalm Global Protection Day Cream 60ml,2021-05-02,11257.55,107
Catarina Martins,United States,Sunday Riley Tidal Brightening Enzyme Water Cream 340g,2021-01-13,3139.52,98
Margarida Cardoso,Italy,Clinique Even Better Clinical Radical Dark Spot Corrector 150ml,2020-11-08,6096.98,91
Catarina Monteiro,United Kingdom,Sunday Riley Auto Correct Brightening and Depuffing Eye Contour Cream 150ml,2024-08-29,39536.62,345
Tiago Gomes,Mexico,COSRX Ultimate Moisturizing Honey Overnight Mask 200ml,2020-11-04,11569.43,110
Lucas Coelho,Sweden,Avène Cicalfate+ Restorative Protective Cream 60ml,2020-12-25,6057.58,82
Joana Santos,Indonesia,Drunk Elephant C-Firma Fresh Day Serum 340g,2024-06-24,3552.2,127
Laura Carvalho,Germany,La Roche-Posay Cicaplast Baume B5 56.7g,2023-06-20,4583.02,140
Afonso Oliveira,Argentina,Drunk Elephant Virgin Marula Luxury Face Oil 100ml,2021-09-17,4835.97,41
Rafael Pereira,Colombia,Tatcha The Essence Plump Skin Softener 125ml,2022-12-09,8758.48,110
Leonor Martins,Japan,Drunk Elephant Protini Polypeptide Cream 30ml,2020-08-27,5121.96,67
Gonçalo Rodrigues,Spain,Neutrogena Bright Boost Gel Cream 60ml,2024-06-26,10291.61,99
Pedro Cruz,Netherlands,Pixi Overnight Glow Serum 150ml,2020-01-06,10587.27,137
Leonor Coelho,India,Pixi Skintreats Rose Caviar Eye Cream 56.7g,2024-04-15,618.78,11
Pedro Pereira,Colombia,Bioderma Nodé Detox Shampoo 20ml,2021-01-01,5697.77,101
Mariana Soares,United States,Skinceuticals A.G.E. Eye Complex 200ml,2024-11-16,6597.75,59
Rodrigo Cruz,Singapore,CeraVe Eye Repair Cream 75ml,2024-04-17,267.79,39
Inês Nunes,South Korea,The Ordinary Natural Moisturising Factors + HA 60ml,2022-10-31,8331.59,145
Laura Fernandes,Indonesia,Tatcha The Rice Polish Foaming Enzyme Powder 15ml,2021-01-05,1219.28,35
Laura Costa,Netherlands,Kiehl's Powerful-Strength Line-Reducing Concentrate 250ml,2024-04-16,2308.95,100
Francisco Coelho,Mexico,Murad Rapid Resurgence Eye Lift 125ml,2020-09-25,11729.17,168
Sofia Mendes,Italy,First Aid Beauty FAB Skin Lab Resurfacing Liquid 10% AHA 30ml,2023-07-21,3096.75,95
Catarina Correia,Philippines,Kiehl's Creamy Eye Treatment with Avocado 50ml,2024-10-28,33404.97,376
Tomás Martins,United Kingdom,CeraVe Hydrating Cleanser 30g,2023-10-12,7222.9,86
Diogo Cardoso,France,Avène XeraCalm A.D Lipid-Replenishing Cream 56.7g,2021-03-18,666.21,89
Martim Rodrigues,Germany,Tatcha The Indigo Overnight Repair Treatment 40ml,2022-11-10,17280.37,294
Mariana Soares,Sweden,Murad AHA/BHA Exfoliating Cleanser 20ml,2021-11-11,9071.24,106
Afonso Oliveira,United States,First Aid Beauty Ultra Repair Cream 30ml,2022-09-18,4947.88,65
Clara Gomes,Thailand,Tatcha The Essence Plump Skin Softener 20ml,2024-08-10,5900.37,147
Beatriz Ferreira,Brazil,Clinique All About Eyes Rich 125ml,2020-10-08,1484.03,66
Ana Teixeira,United Kingdom,The Ordinary AHA 30% + BHA 2% Peeling Solution 20ml,2023-08-31,3865.58,251
Martim Teixeira,Colombia,Kiehl's Clearly Corrective Dark Spot Solution 150ml,2022-09-04,2007.34,138
Laura Soares,India,Pixi Overnight Glow Serum 30g,2022-09-02,21858.56,244
Rafael Vieira,Italy,Clinique Dramatically Different Moisturising Lotion+ 56.7g,2023-01-25,6872.75,58
Rodrigo Pereira,Chile,Estée Lauder DayWear Multi-Protection Anti-Oxidant 24H Moisturizer SPF15 30ml,2024-07-25,3701.01,73
Ana Vieira,Argentina,REN Clean Skincare Vita Mineral Active 7 Eye Gel 30g,2022-04-14,39696.28,370
Afonso Vieira,Italy,Sunday Riley Ice Ceramide Moisturizing Cream 30ml,2020-02-25,3657.44,107
Rafael Pereira,Philippines,Estée Lauder Resilience Lift Firming & Sculpting Eye Cream 30ml,2021-02-26,3279.89,91
Rafael Martins,Spain,Tatcha The Indigo Overnight Repair Treatment 30ml,2020-03-13,2366.96,33
Sara Cruz,Spain,Tatcha The Essence Plump Skin Softener 75ml,2022-07-13,24677.34,312
Gonçalo Coelho,Japan,Clinique All About Eyes Rich 30g,2021-04-22,16492.59,297
Rafael Mendes,Canada,Pixi Rose Ceramide Cream 340g,2023-08-19,4875.71,134
Tomás Coelho,Indonesia,Avène Cicalfate+ Restorative Protective Cream 15ml,2023-03-11,5995.79,139
Margarida Silva,Philippines,Kiehl's Creamy Eye Treatment with Avocado 30ml,2021-02-25,19134.86,189
Rafael Martins,Japan,Pixi Rose Ceramide Cream 200ml,2021-02-16,14205.61,126
Ana Moreira,Spain,Murad Vita-C Glycolic Brightening Serum 30ml,2023-03-01,217.62,32
Joana Fernandes,United States,Bioderma Atoderm Intensive Baume 30g,2022-12-20,3105.03,126
Carolina Silva,Singapore,Tatcha The Clarifying Clay Mask 60ml,2023-05-29,1210.72,119
Sara Almeida,Germany,Neutrogena Ultra Sheer Dry-Touch Sunscreen SPF 50+ 30ml,2021-01-26,3230.91,175
Beatriz Jesus,China,COSRX Oil-Free Ultra-Moisturizing Lotion 50ml,2021-03-03,7714.81,304
Dinis Monteiro,Singapore,Bioderma Hydrabio Gel-Crème 30ml,2022-06-12,12683.18,129
Mariana Soares,Mexico,Bioderma Cicabio Arnica+ Repairing Cream 150ml,2024-09-04,10140.07,114
Beatriz Jesus,Japan,Pixi Rose Ceramide Cream 30g,2022-12-26,154.5,44
Ana Moreira,Netherlands,Clinique Smart Night Custom-Repair Moisturiser 100ml,2020-03-12,1805.3,95
Miguel Marques,France,Avène Eau Thermale Spray 340g,2020-10-30,6001.7,150
Guilherme Costa,Argentina,Olay Regenerist Collagen Peptide24 Serum 100ml,2023-01-09,1245.31,17
Maria Moreira,Indonesia,The Ordinary Retinol 0.5% in Squalane 30ml,2024-09-22,7986.91,72
Joana Costa,Mexico,Drunk Elephant T.L.C. Framboos Glycolic Night Serum 30ml,2020-11-28,21587.92,354
Carolina Vieira,Poland,Skinceuticals B5 Gel Hydrating Serum 56.7g,2024-09-21,3893.85,108
Dinis Monteiro,United States,Sunday Riley Ice Ceramide Moisturizing Cream 150ml,2023-03-28,6223.48,91
Laura Soares,Germany,Pixi Hydrating Milky Serum 125ml,2021-08-02,2588.02,132
Catarina Martins,Germany,Bioderma Sebium Pore Refiner 200ml,2021-12-24,11421.09,113
Martim Cardoso,United States,Kiehl's Ultra Facial Cream 60ml,2024-11-09,413.69,82
Afonso Neves,China,COSRX Advanced Snail 96 Mucin Power Essence 60ml,2020-09-18,11742.33,128
Tomás Martins,Indonesia,Avène Antirougeurs Jour Redness Relief Cream 125ml,2021-11-15,3018.24,59
Laura Mendes,Singapore,Bioderma Sensibio Light Soothing Cream 75ml,2020-11-04,6185.68,52
Inês Monteiro,Indonesia,First Aid Beauty Ultra Repair Firming Collagen Cream 20ml,2021-04-10,757.99,123
Lucas Costa,United States,Neutrogena Bright Boost Gel Cream 40ml,2021-07-17,4744.46,75
Inês Monteiro,Netherlands,Avène PhysioLift Night Smoothing Balm 56.7g,2022-08-11,4731.86,120
João Cardoso,Thailand,Bioderma Sensibio H2O Micellar Water 30g,2023-11-09,5145.58,161
Matilde Cruz,Spain,REN Clean Skincare Clean Screen Mineral SPF30 40ml,2021-09-14,17805.13,355
Margarida Cardoso,Philippines,Murad Vita-C Glycolic Brightening Serum 56.7g,2024-03-06,31794.44,315
Ana Monteiro,Italy,Drunk Elephant B-Hydra Intensive Hydration Serum 150ml,2023-05-05,3995.7,45
Mariana Soares,Mexico,Sunday Riley Luna Sleeping Night Oil 56.7g,2020-07-31,4644.77,125
Carolina Ferreira,India,Kiehl's Clearly Corrective Dark Spot Solution 40ml,2022-08-04,5934.91,100
Francisco Fernandes,Thailand,Bioderma Nodé Detox Shampoo 50ml,2024-03-23,652.14,224
João Neves,Brazil,Paula's Choice SKIN RECOVERY Replenishing Moisturizer 250ml,2023-05-11,2968.17,83
Joana Oliveira,Colombia,Drunk Elephant A-Passioni Retinol Cream 30g,2022-03-12,46269.88,448
Francisco Almeida,Chile,Murad Cellular Hydration Barrier Repair Cream 20ml,2024-05-18,9992.63,143
Afonso Martins,Netherlands,COSRX Full Fit Propolis Light Cream 150ml,2021-02-08,5868.38,91
Catarina Neves,France,Neutrogena Cellular Boost Concentrate Serum 30ml,2024-04-22,1661.47,31
Martim Cardoso,France,Neutrogena Cellular Boost Concentrate Serum 100ml,2024-12-28,1833.68,148
Mariana Cruz,Spain,Skinceuticals B5 Gel Hydrating Serum 30g,2022-10-12,20098.53,203
Beatriz Jesus,Mexico,Neutrogena Norwegian Formula Face Cream 20ml,2024-10-06,381.01,32
Dinis Pereira,Sweden,First Aid Beauty KP Bump Eraser Body Scrub 50ml,2024-05-29,4356.98,112
Clara Mendes,Argentina,Bioderma Nodé Detox Shampoo 40ml,2022-04-15,26698.91,261
Tiago Gomes,Sweden,Neutrogena Oil-Free Acne Wash 75ml,2023-01-27,5120.61,144
Margarida Oliveira,India,Olay Eyes Ultimate Eye Cream 340g,2022-08-04,7562.29,86
Sara Cruz,China,Pixi Skintreats Rose Caviar Eye Cream 340g,2024-07-28,5671.09,60
Matilde Moreira,Poland,REN Clean Skincare V-Cense Revitalising Eye Cream 100ml,2023-06-03,4292.81,46
Mariana Cruz,United Kingdom,Neutrogena Cellular Boost Concentrate Serum 40ml,2024-06-10,3044.63,40
Maria Ferreira,Germany,First Aid Beauty Ultra Repair Firming Collagen Cream 50ml,2023-11-15,34548.5,371
Sofia Jesus,Netherlands,Estée Lauder Micro Essence Skin Activating Treatment Lotion 250ml,2021-02-10,1449.5,90
Guilherme Costa,Sweden,Skinceuticals Triple Lipid Restore 2:4:2 125ml,2023-09-12,3359.86,143
Inês Cardoso,Germany,REN Clean Skincare Ready Steady Glow Daily AHA Tonic 60ml,2022-08-21,607.82,119
Pedro Sousa,Germany,La Roche-Posay Cicaplast Baume B5 250ml,2024-09-29,2668.92,26
Maria Fernandes,Canada,Clinique Smart Night Custom-Repair Moisturiser 56.7g,2021-09-12,730.23,71
Mariana Cruz,Italy,Bioderma Sebium Pore Refiner 100ml,2024-06-22,2840.64,118
Ana Nunes,Thailand,Tatcha The Rice Polish Foaming Enzyme Powder 340g,2021-06-24,2882.96,34
Diogo Ribeiro,United Kingdom,Pixi Retinol Tonic 150ml,2022-12-07,10438.99,164
Diogo Rocha,Germany,Avène Eau Thermale Spray 40ml,2020-08-20,4704.89,124
Leonor Pinto,China,Kiehl's Super Multi-Corrective Anti-Aging Face & Neck Cream 60ml,2024-03-26,1139.9,115
Sofia Jesus,Indonesia,CeraVe Moisturising Cream 15ml,2022-11-09,4481.01,57
Maria Coelho,Poland,Pixi Retinol Tonic 30ml,2023-07-13,2868.89,35
Sara Ferreira,Philippines,COSRX AC Collection Lightweight Soothing Moisturizer 250ml,2022-06-20,529.38,37
Leonor Pinto,Indonesia,Paula's Choice CALM Redness Relief Moisturizer SPF 30 30ml,2024-12-17,10741.89,265
Rafael Pereira,Indonesia,Neutrogena Oil-Free Acne Wash 200ml,2024-01-23,1368.8,128
Afonso Monteiro,Canada,Paula's Choice SKIN RECOVERY Replenishing Moisturizer 340g,2021-04-19,5612.05,75
Matilde Carvalho,Italy,The Ordinary Buffet Multi-Technology Peptide Serum 150ml,2024-07-23,537.02,18
Laura Soares,Poland,Paula's Choice CALM Redness Relief Moisturizer SPF 30 20ml,2021-09-27,5168.6,139
Lucas Coelho,Indonesia,CeraVe Moisturising Cream 75ml,2023-11-27,4140.3,63
Clara Gomes,Japan,Murad Brightening Booster 150ml,2020-09-03,1044.72,143
Afonso Monteiro,Indonesia,CeraVe Eye Repair Cream 20ml,2022-12-31,3945.42,145
João Nunes,Argentina,Olay Super Serum 5-in-1 20ml,2024-04-22,1638.08,17
Diogo Costa,Chile,Tatcha The Rice Polish Foaming Enzyme Powder 20ml,2023-08-22,127.95,33
Tomás Correia,China,Drunk Elephant Virgin Marula Luxury Face Oil 250ml,2021-10-02,7330.77,108
Tiago Carvalho,Mexico,Tatcha The Indigo Overnight Repair Treatment 250ml,2022-11-13,694.51,242
Tomás Neves,Japan,First Aid Beauty Pure Skin Face Cleanser 340g,2020-09-15,8128.33,133
Gonçalo Rodrigues,Spain,Murad Brightening Booster 50ml,2024-06-16,1099.08,85
Diogo Ribeiro,Japan,Drunk Elephant F-Balm Electrolyte Waterbalm 56.7g,2024-07-20,1461.98,126
Tiago Jesus,Spain,Avène Eau Thermale Spray 50ml,2024-04-03,2849.94,71
Ana Nunes,Germany,La Roche-Posay Toleriane Hydrating Gentle Cleanser 340g,2021-01-21,455.27,146
Catarina Neves,India,Murad Retinol Youth Renewal Serum 125ml,2022-02-23,3597.49,43
Afonso Rocha,Philippines,REN Clean Skincare Radiance Perfection Serum 250ml,2020-04-22,14496.11,143
Joana Teixeira,Japan,COSRX Advanced Snail 92 All in One Cream 340g,2020-12-03,173.03,41
Matilde Teixeira,South Korea,Pixi Retinol Tonic 50ml,2023-05-12,12144.84,117
Tiago Gomes,Sweden,Sunday Riley Ice Ceramide Moisturizing Cream 125ml,2021-09-18,4426.52,72
Francisco Fernandes,Singapore,Olay Regenerist Collagen Peptide24 Serum 250ml,2024-10-30,1690.51,106
Joana Fernandes,Indonesia,Kiehl's Midnight Recovery Concentrate 30g,2021-11-28,7583.58,156
Mariana Cruz,Netherlands,The Ordinary Glycolic Acid 7% Toning Solution 30g,2023-08-02,13162.93,195
Rafael Gomes,India,Paula's Choice BOOST 10% Niacinamide Booster 30g,2024-12-20,2194.05,24
Carolina Marques,Poland,Pixi Skintreats Rose Caviar Eye Cream 15ml,2024-02-13,1578.92,85
Dinis Monteiro,Sweden,Bioderma Nodé Detox Shampoo 250ml,2023-09-29,252.02,68
Lucas Coelho,United Kingdom,Tatcha The Dewy Skin Cream 60ml,2023-12-09,1528.26,24
Joana Santos,Chile,REN Clean Skincare Ready Steady Glow Daily AHA Tonic 250ml,2020-12-09,5701.31,62
Tomás Martins,Japan,Drunk Elephant B-Hydra Intensive Hydration Serum 30ml,2021-09-05,18115.86,236
Matilde Moreira,Canada,Drunk Elephant A-Passioni Retinol Cream 125ml,2020-08-28,2356.16,119
Lucas Santos,Philippines,REN Clean Skincare Evercalm Global Protection Day Cream 125ml,2022-06-21,3408.86,54
Martim Silva,Argentina,Pixi Vitamin-C Juice Cleanser 75ml,2022-06-28,9874.91,340
Inês Martins,Singapore,Murad Cellular Hydration Barrier Repair Cream 250ml,2020-10-24,18212.11,269
Afonso Monteiro,Mexico,The Ordinary Salicylic Acid 2% Solution 150ml,2021-11-26,6271.83,60
Carolina Jesus,China,Avène Retrinal+ 0.1 Intensive Cream 150ml,2023-05-19,546.9,115
Diogo Monteiro,Sweden,Kiehl's Ultra Facial Cream 150ml,2023-06-09,3123.08,31
Diogo Martins,South Korea,Olay Luminous Whip Face Moisturiser 15ml,2023-08-24,1217.2,14
Sara Fernandes,Netherlands,Sunday Riley UFO Ultra-Clarifying Face Oil 60ml,2024-04-28,2228.36,139
Laura Soares,United States,Estée Lauder Perfectly Clean Multi-Action Foam Cleanser 125ml,2024-02-24,11680.7,140
Dinis Carvalho,United Kingdom,Neutrogena Hydro Boost Eye Gel-Cream 60ml,2020-12-19,8672.94,100
Rafael Pereira,Indonesia,Avène Hydrance Rich Rehydrating Cream 250ml,2024-04-17,14635.45,130
João Nunes,India,Estée Lauder DayWear Multi-Protection Anti-Oxidant 24H Moisturizer SPF15 20ml,2024-09-09,640.99,24
Martim Rodrigues,France,Olay Eyes Ultimate Eye Cream 125ml,2023-11-05,25374.17,270
Ana Nunes,Poland,La Roche-Posay Toleriane Hydrating Gentle Cleanser 20ml,2020-09-06,22807.35,311
Ana Nunes,France,Pixi Hydrating Milky Serum 100ml,2023-06-09,9412.54,490
Carolina Jesus,Singapore,Pixi Retinol Tonic 125ml,2021-08-07,2901.83,108
Sofia Rodrigues,Indonesia,Murad Vita-C Glycolic Brightening Serum 30ml,2024-01-23,476.52,13
Dinis Ferreira,Netherlands,Skinceuticals Metacell Renewal B3 30ml,2024-08-22,12815.08,131
Rafael Martins,Italy,Kiehl's Powerful-Strength Line-Reducing Concentrate 150ml,2024-12-22,6830.41,65
Sofia Martins,Chile,Tatcha The Rice Polish Foaming Enzyme Powder 125ml,2020-03-01,19836.13,199
Lucas Costa,Poland,Sunday Riley Luna Sleeping Night Oil 250ml,2022-10-09,5212.68,54
Beatriz Cardoso,Argentina,CeraVe Moisturising Cream 30ml,2021-06-21,13900.72,147
Margarida Mendes,Italy,Olay Regenerist Collagen Peptide24 Serum 30g,2023-11-05,2870.17,29
Rodrigo Teixeira,France,Pixi Skintreats Rose Caviar Eye Cream 56.7g,2024-01-06,4766.69,62
Lucas Rodrigues,Canada,Skinceuticals Triple Lipid Restore 2:4:2 15ml,2024-07-25,3012.1,37
Rodrigo Teixeira,India,CeraVe Eye Repair Cream 30ml,2020-03-02,6182.08,75
Laura Fernandes,United Kingdom,Olay Eyes Ultimate Eye Cream 75ml,2020-02-29,8768.46,90
Margarida Mendes,Canada,Tatcha The Eye Concentrate 40ml,2021-01-24,7934.93,70
Tiago Carvalho,United Kingdom,First Aid Beauty Ultra Repair Tinted Moisturizer SPF 30 60ml,2020-03-17,2251.31,21
Lucas Costa,United Kingdom,Skinceuticals Metacell Renewal B3 150ml,2024-04-29,6457.9,61
Maria Coelho,Netherlands,Sunday Riley Saturn Sulfur Acne Treatment Mask 250ml,2024-08-31,1319.73,17
Catarina Jesus,China,Estée Lauder Nutritious Super-Pomegranate Radiant Energy Eye Jelly 75ml,2022-11-03,5089.26,54
Lucas Ribeiro,India,La Roche-Posay Hyalu B5 Serum 75ml,2022-11-02,12415.44,327
Carolina Jesus,Philippines,Drunk Elephant F-Balm Electrolyte Waterbalm 20ml,2024-04-30,778.11,25
Matilde Teixeira,Singapore,Murad Brightening Booster 30g,2023-04-26,10727.28,125
Rodrigo Jesus,China,Sunday Riley Auto Correct Brightening and Depuffing Eye Contour Cream 15ml,2024-04-26,1528.57,49
Afonso Rocha,Canada,Neutrogena Hydro Boost Water Gel 125ml,2020-03-08,31848.75,285
Diogo Monteiro,Chile,Murad AHA/BHA Exfoliating Cleanser 125ml,2024-01-04,8472.22,185
Lucas Santos,Singapore,Drunk Elephant Lala Retro Whipped Cream 30g,2023-01-15,269.63,19
Rodrigo Teixeira,Japan,COSRX Ultimate Moisturizing Honey Overnight Mask 20ml,2021-05-04,5157.86,112
João Cardoso,Germany,Neutrogena Hydro Boost Water Gel 100ml,2023-12-03,3886.57,115
Sofia Carvalho,Netherlands,Paula's Choice RESIST Anti-Aging Clear Skin Hydrator 125ml,2020-09-21,816.76,34
Lucas Ribeiro,China,The Ordinary Retinol 0.5% in Squalane 150ml,2024-06-10,5780.63,131
Dinis Silva,Germany,Paula's Choice DEFENSE Antioxidant Pore Purifier 40ml,2021-03-29,6418.3,64
Pedro Sousa,India,Tatcha The Dewy Skin Cream 340g,2024-08-24,8880.16,132
Tomás Neves,United States,Paula's Choice SKIN RECOVERY Replenishing Moisturizer 30g,2021-05-14,12761.13,145
Matilde Moreira,Japan,Estée Lauder Resilience Lift Firming & Sculpting Eye Cream 75ml,2024-05-09,5209.8,100
Carolina Pereira,Singapore,COSRX Advanced Snail 92 All in One Cream 40ml,2023-02-18,2041.13,184
Diogo Ribeiro,Thailand,Neutrogena Hydro Boost Water Gel 150ml,2023-03-16,4275.29,39
Margarida Marques,Spain,Estée Lauder Resilience Lift Firming & Sculpting Eye Cream 50ml,2022-06-11,19523.36,299
Margarida Oliveira,India,Estée Lauder Advanced Night Repair Serum 340g,2022-05-27,3497.74,56
Sofia Carvalho,Chile,Clinique Moisture Surge 100H Auto-Replenishing Hydrator 30ml,2020-08-14,29870.97,283
Laura Soares,United Kingdom,CeraVe Hydrating Cleanser 15ml,2023-05-22,5712.17,65
Clara Mendes,Argentina,Drunk Elephant Protini Polypeptide Cream 250ml,2020-08-02,1446.4,29
Inês Ferreira,Philippines,The Ordinary Niacinamide 10% + Zinc 1% 100ml,2021-02-16,14478.28,142
Tiago Gomes,Mexico,Sunday Riley Good Genes All-In-One Lactic Acid Treatment 125ml,2022-04-01,2055.95,22
Sara Cruz,Colombia,COSRX AHA/BHA Clarifying Treatment Toner 30ml,2022-01-02,62.57,15
João Martins,Sweden,Paula's Choice RESIST Anti-Aging Clear Skin Hydrator 150ml,2023-04-03,1093.49,91
Guilherme Neves,Canada,Murad Cellular Hydration Barrier Repair Cream 60ml,2020-04-03,15298.26,235
Pedro Pereira,Singapore,Pixi Skintreats Rose Caviar Eye Cream 150ml,2022-07-01,2644.32,31
Francisco Vieira,China,Neutrogena Bright Boost Gel Cream 56.7g,2023-09-23,2237.71,137
Tomás Rodrigues,India,The Ordinary Retinol 0.5% in Squalane 60ml,2022-07-10,687.99,72
Maria Correia,Germany,Skinceuticals Phyto Corrective Gel 200ml,2024-01-30,1297.74,135
Maria Correia,Italy,Avène Antirougeurs Jour Redness Relief Cream 150ml,2023-09-05,16768.89,150
Matilde Moreira,Brazil,Pixi Glow Tonic 30ml,2022-01-28,1184.0,45
Afonso Oliveira,Netherlands,Bioderma Nodé Detox Shampoo 250ml,2021-12-28,15045.24,144
Afonso Martins,Netherlands,Tatcha The Dewy Skin Cream 15ml,2024-02-10,795.72,97
Catarina Neves,Philippines,REN Clean Skincare Vita Mineral Active 7 Eye Gel 150ml,2021-01-23,8750.97,128
Diogo Rodrigues,China,Tatcha The Dewy Skin Cream 20ml,2020-02-24,38114.08,386
Guilherme Costa,Singapore,Neutrogena Cellular Boost Concentrate Serum 125ml,2022-03-17,1525.09,381
Maria Coelho,Poland,Bioderma Atoderm Intensive Baume 20ml,2022-09-08,34147.23,431
João Costa,Sweden,Kiehl's Clearly Corrective Dark Spot Solution 30ml,2024-06-14,29202.97,426
João Martins,Canada,Neutrogena Hydro Boost Water Gel 50ml,2023-05-29,3584.41,39
Matilde Carvalho,Poland,Sunday Riley Ice Ceramide Moisturizing Cream 30ml,2022-11-30,3719.15,40
Inês Ferreira,Canada,Neutrogena Rapid Wrinkle Repair Retinol Cream 340g,2020-08-31,4282.15,46
Guilherme Neves,Brazil,Paula's Choice RESIST Anti-Aging Clear Skin Hydrator 250ml,2023-12-25,1499.86,33
Carolina Jesus,China,Tatcha The Indigo Overnight Repair Treatment 150ml,2020-01-17,12423.3,150
Afonso Jesus,Chile,Murad Vita-C Glycolic Brightening Serum 20ml,2023-08-08,620.15,43
Tomás Coelho,Colombia,Skinceuticals Metacell Renewal B3 60ml,2021-10-25,11281.94,228
Francisco Mendes,Italy,Skinceuticals Phyto Corrective Gel 30ml,2024-02-28,5981.91,84
Joana Costa,India,Clinique Moisture Surge 100H Auto-Replenishing Hydrator 150ml,2023-10-16,6426.1,137
João Cardoso,France,Estée Lauder Perfectly Clean Multi-Action Foam Cleanser 100ml,2022-03-30,4805.9,87
Catarina Correia,Singapore,First Aid Beauty Ultra Repair Firming Collagen Cream 75ml,2022-01-14,4505.82,54
Maria Fernandes,Chile,Kiehl's Powerful-Strength Line-Reducing Concentrate 20ml,2023-03-20,1596.07,30
Margarida Teixeira,Chile,REN Clean Skincare Overnight Glow Dark Spot Sleeping Cream 40ml,2024-08-21,5813.27,88
Leonor Rodrigues,Colombia,Estée Lauder Resilience Lift Firming & Sculpting Eye Cream 100ml,2020-03-25,4700.71,123
Carolina Ferreira,France,Clinique Smart Night Custom-Repair Moisturiser 150ml,2023-06-11,5483.82,48
Leonor Coelho,Singapore,Kiehl's Creamy Eye Treatment with Avocado 150ml,2024-12-14,2476.61,36
Diogo Monteiro,United Kingdom,Tatcha The Rice Polish Foaming Enzyme Powder 30g,2023-05-17,5505.69,50
Margarida Cardoso,Netherlands,REN Clean Skincare Overnight Glow Dark Spot Sleeping Cream 125ml,2021-08-28,1479.56,139
Rodrigo Pereira,Italy,Kiehl's Creamy Eye Treatment with Avocado 125ml,2020-12-17,2657.46,65
Sofia Martins,Germany,Pixi +C VIT Brightening Serum 75ml,2020-08-21,19135.03,229
Inês Cardoso,United States,Skinceuticals Metacell Renewal B3 56.7g,2020-08-04,1196.22,49
Afonso Martins,Italy,Olay Regenerist Collagen Peptide24 Serum 40ml,2020-11-06,7443.34,127
Rodrigo Cruz,India,Sunday Riley Tidal Brightening Enzyme Water Cream 100ml,2021-04-24,3804.44,44
Ana Teixeira,Philippines,Drunk Elephant Protini Polypeptide Cream 125ml,2020-01-07,2932.89,79
Clara Cardoso,Poland,Clinique Repairwear Laser Focus Eye Cream 20ml,2021-05-23,12370.56,110
Martim Silva,France,Skinceuticals Physical Fusion UV Defense SPF 50 30ml,2023-11-17,2338.26,105
Rodrigo Teixeira,Spain,Pixi Skintreats Rose Caviar Eye Cream 125ml,2021-03-31,8538.21,100
Sara Fernandes,Poland,Pixi Skintreats Rose Caviar Eye Cream 340g,2021-04-28,106.3,17
Miguel Martins,Singapore,Sunday Riley UFO Ultra-Clarifying Face Oil 30ml,2024-04-06,6580.26,97
Miguel Rocha,Philippines,Tatcha The Water Cream 40ml,2023-04-02,21384.09,280
Rodrigo Pereira,Singapore,Paula's Choice DEFENSE Antioxidant Pore Purifier 250ml,2021-08-13,6982.29,61
Martim Pinto,Chile,REN Clean Skincare Radiance Perfection Serum 75ml,2021-01-08,1113.22,67
Leonor Rodrigues,Poland,COSRX Advanced Snail 92 All in One Cream 150ml,2021-09-19,9021.28,111
Rafael Martins,France,Drunk Elephant Protini Polypeptide Cream 100ml,2024-03-31,6251.32,75
Gonçalo Fernandes,Italy,First Aid Beauty Ultra Repair Tinted Moisturizer SPF 30 200ml,2023-10-30,13915.24,148
Martim Marques,Philippines,Kiehl's Powerful-Strength Line-Reducing Concentrate 75ml,2024-07-06,371.74,17
João Neves,Germany,Avène Antirougeurs Jour Redness Relief Cream 30ml,2023-10-16,5306.91,96
Pedro Pereira,Argentina,Estée Lauder Resilience Lift Firming & Sculpting Eye Cream 50ml,2020-10-22,6493.59,121
Martim Pinto,Canada,Tatcha The Essence Plump Skin Softener 30ml,2022-12-25,2846.23,124
João Nunes,Thailand,Bioderma Cicabio Arnica+ Repairing Cream 20ml,2022-09-29,18578.33,253
Afonso Vieira,Netherlands,Sunday Riley Saturn Sulfur Acne Treatment Mask 100ml,2023-12-24,2311.78,150
Joana Teixeira,Philippines,Bioderma Sensibio Light Soothing Cream 150ml,2024-11-18,8219.24,104
Ana Ferreira,Spain,Pixi Glow Tonic 125ml,2022-05-28,16212.14,371
Beatriz Jesus,France,Pixi Hydrating Milky Serum 200ml,2021-02-10,10285.59,138
Diogo Martins,Canada,The Ordinary Glycolic Acid 7% Toning Solution 40ml,2023-08-23,256.39,29
Francisco Mendes,France,Neutrogena Oil-Free Acne Wash 100ml,2020-04-20,10107.61,454
Sara Ferreira,Sweden,COSRX Balancium B5 Biome Comfort Cream 150ml,2023-08-01,10626.48,248
Margarida Cardoso,France,First Aid Beauty Eye Duty Triple Remedy AM Gel Cream 15ml,2024-03-27,15810.76,141
Diogo Costa,France,COSRX AC Collection Lightweight Soothing Moisturizer 30ml,2022-11-02,3839.88,126
Gonçalo Almeida,Indonesia,Clinique Smart Night Custom-Repair Moisturiser 30g,2022-10-17,3594.92,132
Catarina Jesus,South Korea,Pixi Skintreats Rose Caviar Eye Cream 75ml,2020-11-24,1386.93,77
Laura Pereira,Colombia,Drunk Elephant B-Hydra Intensive Hydration Serum 56.7g,2024-03-16,17117.47,283
Lucas Ribeiro,Japan,First Aid Beauty Pure Skin Face Cleanser 340g,2024-07-26,4200.42,68
Guilherme Costa,Indonesia,Neutrogena Bright Boost Gel Cream 125ml,2023-03-28,12211.6,126
Inês Ribeiro,Colombia,CeraVe AM Facial Moisturising Lotion SPF25 125ml,2023-12-31,2245.73,113
Carolina Pereira,Mexico,First Aid Beauty Ultra Repair Tinted Moisturizer SPF 30 56.7g,2020-01-29,7001.12,322
João Mendes,Colombia,CeraVe Healing Ointment 75ml,2021-08-01,1093.44,125
Mariana Soares,Mexico,Sunday Riley Luna Sleeping Night Oil 40ml,2024-05-25,1262.7,83
Afonso Monteiro,Philippines,Murad Brightening Booster 50ml,2024-04-14,35663.27,349
Inês Monteiro,China,Avène XeraCalm A.D Lipid-Replenishing Cream 75ml,2023-03-01,12046.59,328
Rodrigo Pinto,United States,Estée Lauder Advanced Night Repair Serum 40ml,2024-09-21,23462.48,223
Margarida Oliveira,China,Clinique Repairwear Laser Focus Eye Cream 40ml,2024-02-12,5246.79,131
Martim Ferreira,United Kingdom,The Ordinary Retinol 0.5% in Squalane 340g,2024-12-08,23261.13,261
Miguel Marques,Canada,Drunk Elephant Virgin Marula Luxury Face Oil 15ml,2024-09-30,3774.6,122
Rodrigo Pereira,Germany,Sunday Riley Good Genes All-In-One Lactic Acid Treatment 150ml,2022-03-20,7601.15,130
Martim Rodrigues,Sweden,Neutrogena Rapid Wrinkle Repair Retinol Cream 125ml,2021-02-15,4929.22,78
Rodrigo Coelho,Argentina,Murad Retinol Youth Renewal Serum 60ml,2020-03-28,213.96,11
Pedro Cruz,France,Clinique Take The Day Off Cleansing Balm 100ml,2021-10-19,8257.18,140
Clara Mendes,Argentina,COSRX Oil-Free Ultra-Moisturizing Lotion 200ml,2021-02-08,9648.1,223
Diogo Rodrigues,Germany,The Ordinary Salicylic Acid 2% Solution 125ml,2023-10-02,351.35,22
Maria Ferreira,Japan,Sunday Riley Good Genes All-In-One Lactic Acid Treatment 340g,2023-05-04,5912.56,94
Dinis Monteiro,Argentina,Drunk Elephant Virgin Marula Luxury Face Oil 100ml,2024-03-04,17945.85,329
Leonor Rodrigues,France,Sunday Riley Luna Sleeping Night Oil 100ml,2022-05-29,3038.32,57
Afonso Monteiro,Argentina,Sunday Riley C.E.O. 15% Vitamin C Brightening Serum 340g,2021-11-18,7311.0,213
Carolina Coelho,Chile,First Aid Beauty Ultra Repair Cream 15ml,2023-11-11,8595.93,96
Pedro Cruz,South Korea,First Aid Beauty Eye Duty Triple Remedy AM Gel Cream 200ml,2022-03-21,2424.66,116
Francisco Almeida,Argentina,Tatcha The Eye Concentrate 125ml,2021-06-08,2600.22,73
Gonçalo Ribeiro,United States,Drunk Elephant C-Firma Fresh Day Serum 60ml,2024-08-06,16795.58,168
Rodrigo Pereira,United Kingdom,Tatcha The Clarifying Clay Mask 15ml,2022-12-08,12241.87,149
Guilherme Neves,Japan,Sunday Riley Ice Ceramide Moisturizing Cream 40ml,2022-02-15,2356.95,109
Lucas Rodrigues,Argentina,Neutrogena Bright Boost Gel Cream 20ml,2022-05-26,4716.93,177
Afonso Neves,United States,COSRX Advanced Snail 96 Mucin Power Essence 75ml,2020-12-21,4408.17,437
Beatriz Jesus,Poland,Estée Lauder Resilience Lift Firming & Sculpting Eye Cream 75ml,2020-05-24,36948.32,364
Francisco Mendes,United States,Avène Hydrance Rich Rehydrating Cream 50ml,2020-05-17,458.76,24
Tomás Coelho,India,Sunday Riley UFO Ultra-Clarifying Face Oil 75ml,2022-02-10,612.89,21
Francisco Fernandes,United Kingdom,Murad Cellular Hydration Barrier Repair Cream 200ml,2021-01-22,3584.37,62
Afonso Almeida,Argentina,Kiehl's Calendula Serum-Infused Water Cream 125ml,2022-05-29,4743.81,94
Sofia Nunes,Sweden,Estée Lauder Micro Essence Skin Activating Treatment Lotion 200ml,2022-04-30,31389.66,340
Catarina Jesus,Canada,Tatcha The Indigo Overnight Repair Treatment 150ml,2022-08-04,8012.82,83
Leonor Coelho,France,Avène XeraCalm A.D Lipid-Replenishing Cream 20ml,2023-06-10,10060.01,113
Catarina Monteiro,Argentina,COSRX Oil-Free Ultra-Moisturizing Lotion 15ml,2022-08-01,26104.91,262
Inês Cardoso,Chile,Estée Lauder Resilience Lift Firming & Sculpting Eye Cream 56.7g,2022-08-06,2320.0,133
Joana Santos,United States,Sunday Riley C.E.O. 15% Vitamin C Brightening Serum 125ml,2020-11-04,14613.51,148
Martim Ferreira,South Korea,COSRX Full Fit Propolis Light Cream 30g,2024-07-06,9367.36,131
Lucas Santos,France,Sunday Riley Ice Ceramide Moisturizing Cream 250ml,2022-04-05,2107.57,89
Afonso Pereira,Brazil,Skinceuticals Triple Lipid Restore 2:4:2 125ml,2023-08-29,11665.09,114
Carolina Jesus,Indonesia,La Roche-Posay Retinol B3 Serum 250ml,2021-02-09,6731.36,73
Miguel Rocha,France,Pixi Vitamin-C Juice Cleanser 30g,2024-06-03,3759.77,41
Gonçalo Ferreira,Germany,Sunday Riley Good Genes All-In-One Lactic Acid Treatment 15ml,2023-03-09,21996.66,433
Sofia Martins,India,Olay Luminous Whip Face Moisturiser 30g,2024-06-05,2952.9,47
Carolina Silva,Argentina,CeraVe Healing Ointment 30g,2024-03-02,5576.19,371
Tomás Neves,Canada,Paula's Choice BOOST 10% Niacinamide Booster 100ml,2021-03-27,17230.2,210
Laura Costa,Sweden,Estée Lauder Re-Nutriv Ultimate Lift Age-Correcting Crème 75ml,2022-07-10,349.4,45
Leonor Jesus,Sweden,Sunday Riley Ice Ceramide Moisturizing Cream 30ml,2024-08-06,3025.39,63
Laura Costa,Germany,Tatcha The Water Cream 50ml,2023-02-10,1143.08,47
Francisco Jesus,Argentina,Murad Hydro-Dynamic Ultimate Moisture 30g,2020-11-03,5626.53,75
Carolina Vieira,Indonesia,REN Clean Skincare V-Cense Revitalising Eye Cream 60ml,2022-04-25,1281.06,126
Tomás Martins,Spain,Drunk Elephant Protini Polypeptide Cream 30ml,2023-09-23,10511.92,205
Ana Nunes,Chile,Sunday Riley Luna Sleeping Night Oil 100ml,2020-04-03,1334.16,13
Tomás Rodrigues,Italy,Pixi Glow Tonic 56.7g,2021-11-01,3923.6,89
Ana Ferreira,Netherlands,Neutrogena Oil-Free Acne Wash 75ml,2024-10-05,6951.12,162
Rafael Pereira,Philippines,REN Clean Skincare Ready Steady Glow Daily AHA Tonic 40ml,2020-10-07,15003.0,142
Miguel Marques,Chile,Skinceuticals B5 Gel Hydrating Serum 15ml,2021-07-10,1230.72,24
Sofia Mendes,Italy,Pixi Rose Ceramide Cream 250ml,2023-06-29,6400.55,83
Maria Coelho,Germany,Estée Lauder Advanced Night Repair Serum 15ml,2021-09-22,14417.1,174
Miguel Marques,Poland,Neutrogena Hydro Boost Eye Gel-Cream 250ml,2024-06-18,18052.98,216
Maria Fernandes,Poland,Pixi Vitamin-C Juice Cleanser 20ml,2024-04-05,2813.08,45
Maria Ferreira,Sweden,Paula's Choice CLINICAL 1% Retinol Treatment 50ml,2021-03-14,16910.54,328
Rodrigo Pereira,United Kingdom,Clinique All About Eyes Rich 100ml,2020-01-28,3707.1,289
Gonçalo Fernandes,Sweden,REN Clean Skincare Perfect Canvas Clean Primer 100ml,2020-09-10,6632.19,137
Tomás Correia,Sweden,Neutrogena Hydro Boost Water Gel 56.7g,2024-08-07,2803.28,110
Tomás Almeida,United States,La Roche-Posay Anthelios Invisible Fluid SPF50+ 250ml,2020-02-09,1169.75,17
Laura Pereira,Spain,Clinique Turnaround Overnight Revitalizing Moisturizer 60ml,2023-12-05,35950.75,392
Miguel Marques,Italy,Sunday Riley Auto Correct Brightening and Depuffing Eye Contour Cream 100ml,2021-07-31,2539.56,23
Francisco Vieira,Germany,Murad Brightening Booster 125ml,2023-03-26,10269.02,97
Ana Ferreira,France,COSRX Oil-Free Ultra-Moisturizing Lotion 56.7g,2022-03-21,2808.79,68
João Nunes,Brazil,Avène Hydrance Rich Rehydrating Cream 200ml,2023-03-20,6657.17,104
Tomás Neves,Mexico,CeraVe Hydrating Cleanser 30ml,2021-09-29,843.19,27
Miguel Rocha,United States,First Aid Beauty Ultra Repair Tinted Moisturizer SPF 30 20ml,2023-08-19,4831.04,44
Lucas Rodrigues,China,Skinceuticals Phyto Corrective Gel 20ml,2023-08-28,7726.24,78
Inês Monteiro,Brazil,Neutrogena Cellular Boost Concentrate Serum 15ml,2024-05-30,51968.55,500
Mariana Soares,Philippines,Paula's Choice DEFENSE Antioxidant Pore Purifier 250ml,2024-07-22,1623.63,70
Matilde Moreira,United States,Neutrogena Hydro Boost Water Gel 150ml,2024-11-28,7915.08,117
Ana Vieira,India,Estée Lauder Re-Nutriv Ultimate Lift Age-Correcting Crème 125ml,2022-12-26,4083.31,119
Rafael Vieira,Mexico,Bioderma Pigmentbio C-Concentrate Brightening Serum 20ml,2021-07-27,9298.76,112
João Cardoso,Poland,Avène Hydrance Rich Rehydrating Cream 340g,2020-06-19,1749.17,31
Inês Cardoso,Colombia,Estée Lauder Revitalizing Supreme+ Moisturizer 100ml,2021-04-24,6722.01,101
Rafael Gomes,South Korea,The Ordinary Retinol 0.5% in Squalane 60ml,2023-12-28,9239.63,106
Afonso Rocha,Colombia,La Roche-Posay Cicaplast Baume B5 200ml,2022-06-28,27411.16,296
Carolina Ferreira,Brazil,The Ordinary Hyaluronic Acid 2% + B5 150ml,2023-12-29,4197.72,61
Mariana Soares,Brazil,REN Clean Skincare Clean Screen Mineral SPF30 340g,2024-01-14,7899.01,81
Tomás Martins,Spain,Sunday Riley C.E.O. 15% Vitamin C Brightening Serum 250ml,2022-12-17,7282.55,142
Ana Vieira,France,Drunk Elephant Virgin Marula Luxury Face Oil 40ml,2023-12-13,2510.1,27
Lucas Santos,India,Avène XeraCalm A.D Lipid-Replenishing Cream 100ml,2022-02-07,8464.89,141
Gonçalo Ferreira,Indonesia,La Roche-Posay Effaclar Mat Moisturiser 125ml,2022-04-28,5922.84,75
Inês Cardoso,India,Bioderma Sebium Pore Refiner 250ml,2023-07-20,12191.18,120
Margarida Silva,India,Paula's Choice DEFENSE Antioxidant Pore Purifier 56.7g,2020-06-29,6285.71,59
Gonçalo Almeida,United States,Olay Total Effects 7-in-1 Moisturiser 150ml,2023-10-28,1337.49,264
Carolina Vieira,Netherlands,Bioderma Nodé Detox Shampoo 50ml,2021-06-10,21798.81,335
Ana Ferreira,China,Kiehl's Rare Earth Deep Pore Cleansing Masque 100ml,2024-07-29,5358.28,55
Tomás Ribeiro,Chile,Paula's Choice EARTH SOURCED Antioxidant-Enriched Natural Moisturizer 20ml,2022-08-28,25892.24,281
Margarida Mendes,Canada,First Aid Beauty Ultra Repair Tinted Moisturizer SPF 30 250ml,2020-02-01,17496.63,235
Laura Ribeiro,Netherlands,Estée Lauder Resilience Lift Firming & Sculpting Eye Cream 340g,2023-06-19,3969.7,97
Maria Fernandes,Spain,CeraVe Eye Repair Cream 56.7g,2024-04-09,588.03,100
Guilherme Neves,Indonesia,Tatcha The Clarifying Clay Mask 50ml,2022-03-18,903.23,53
Maria Ferreira,Chile,The Ordinary AHA 30% + BHA 2% Peeling Solution 15ml,2024-03-23,3434.57,76
Afonso Monteiro,Japan,Kiehl's Rare Earth Deep Pore Cleansing Masque 15ml,2021-02-13,2969.29,40
Gonçalo Ferreira,Italy,Clinique Turnaround Overnight Revitalizing Moisturizer 20ml,2020-10-18,3849.81,250
Afonso Sousa,Chile,CeraVe Skin Renewing Night Cream 150ml,2020-09-09,8714.34,132
Miguel Marques,United Kingdom,Clinique Moisture Surge 100H Auto-Replenishing Hydrator 340g,2021-04-08,11504.14,112
Sara Cruz,Germany,Clinique Repairwear Laser Focus Eye Cream 40ml,2023-11-17,1149.75,33
Maria Correia,United Kingdom,Skinceuticals Triple Lipid Restore 2:4:2 125ml,2020-07-19,9271.57,89
Sofia Carvalho,Spain,REN Clean Skincare Evercalm Global Protection Day Cream 250ml,2023-11-14,916.34,63
Mariana Teixeira,China,Kiehl's Creamy Eye Treatment with Avocado 30g,2020-10-15,11665.06,283
Francisco Almeida,Indonesia,Neutrogena Cellular Boost Concentrate Serum 60ml,2024-04-26,5117.37,89
Inês Monteiro,Singapore,Estée Lauder Nutritious Super-Pomegranate Radiant Energy Eye Jelly 340g,2021-06-29,2169.48,114
Laura Fernandes,Argentina,Estée Lauder Advanced Night Repair Serum 125ml,2022-05-31,7343.28,129
Gonçalo Almeida,India,Pixi Skintreats Rose Caviar Eye Cream 40ml,2023-11-14,8053.23,110
Rodrigo Pereira,Netherlands,First Aid Beauty Eye Duty Triple Remedy AM Gel Cream 15ml,2022-06-25,14578.8,388
Tiago Cardoso,Italy,Murad Hydro-Dynamic Ultimate Moisture 200ml,2022-01-29,3860.32,36
Diogo Neves,Thailand,First Aid Beauty Ultra Repair Tinted Moisturizer SPF 30 40ml,2021-05-31,4450.57,221
Margarida Marques,United Kingdom,Sunday Riley C.E.O. 15% Vitamin C Brightening Serum 15ml,2021-09-16,8303.15,83
Mariana Soares,South Korea,Pixi Hydrating Milky Serum 150ml,2022-02-21,602.66,17
Francisco Vieira,Netherlands,REN Clean Skincare Perfect Canvas Clean Primer 150ml,2024-06-26,12856.39,127
Diogo Rocha,Netherlands,Paula's Choice BOOST 10% Niacinamide Booster 60ml,2021-01-12,27233.96,262
Carolina Pereira,China,First Aid Beauty Ultra Repair Cream 20ml,2021-12-02,2516.73,86
Gonçalo Rodrigues,India,Sunday Riley Luna Sleeping Night Oil 60ml,2020-01-04,4818.17,45
Pedro Pereira,Germany,Estée Lauder Nutritious Super-Pomegranate Radiant Energy Eye Jelly 125ml,2024-11-01,6479.66,195
Inês Martins,Philippines,Neutrogena Ultra Sheer Dry-Touch Sunscreen SPF 50+ 30ml,2021-11-11,6936.82,122
Clara Gomes,Netherlands,Bioderma Atoderm Intensive Baume 75ml,2021-09-17,691.0,59
Guilherme Neves,Chile,Clinique Smart Night Custom-Repair Moisturiser 250ml,2020-02-03,311.6,18
Gonçalo Almeida,Colombia,Neutrogena Rapid Wrinkle Repair Retinol Cream 30ml,2024-03-25,7263.57,104
Margarida Mendes,Colombia,Sunday Riley Luna Sleeping Night Oil 125ml,2024-11-08,1013.69,21
Sara Ferreira,United States,Clinique Dramatically Different Moisturising Lotion+ 15ml,2021-05-14,3962.48,82
Pedro Cruz,Mexico,Drunk Elephant Virgin Marula Luxury Face Oil 200ml,2020-12-20,2262.25,52
Beatriz Marques,Singapore,COSRX Balancium B5 Biome Comfort Cream 340g,2023-09-10,16221.4,573
Afonso Vieira,France,Avène PhysioLift Night Smoothing Balm 125ml,2020-05-29,10410.92,129
Laura Mendes,Germany,Sunday Riley C.E.O. 15% Vitamin C Brightening Serum 50ml,2024-04-27,1086.49,365
Joana Santos,Argentina,Avène Cleanance Expert Emulsion 100ml,2023-06-05,9338.12,91
Rafael Gomes,Thailand,COSRX Oil-Free Ultra-Moisturizing Lotion 56.7g,2020-11-19,4390.81,52
Rodrigo Teixeira,Thailand,The Ordinary Hyaluronic Acid 2% + B5 200ml,2022-09-14,11222.64,149
Beatriz Cardoso,India,Olay Retinol24 Night Moisturizer 250ml,2021-01-31,1204.16,40
Laura Carvalho,Spain,Avène Eau Thermale Spray 50ml,2020-11-26,10764.91,150
Gonçalo Almeida,France,Murad Vita-C Glycolic Brightening Serum 150ml,2024-08-17,2073.2,59
Sara Cruz,Japan,Sunday Riley Good Genes All-In-One Lactic Acid Treatment 20ml,2020-11-08,25184.86,301
João Neves,India,The Ordinary AHA 30% + BHA 2% Peeling Solution 340g,2021-12-28,4744.27,148
Lucas Coelho,France,Paula's Choice SKIN RECOVERY Replenishing Moisturizer 250ml,2020-06-19,5482.48,167
Francisco Fernandes,Germany,REN Clean Skincare Clean Screen Mineral SPF30 100ml,2020-06-01,2226.72,30
Lucas Costa,Chile,Sunday Riley Ice Ceramide Moisturizing Cream 75ml,2021-01-05,7771.73,433
Rodrigo Pinto,Germany,Kiehl's Ultra Facial Cream 15ml,2023-04-15,822.29,13
Mariana Cruz,Argentina,Clinique All About Eyes Rich 60ml,2021-11-11,3006.88,28
Margarida Cardoso,Brazil,Paula's Choice SKIN RECOVERY Replenishing Moisturizer 150ml,2021-01-09,836.14,41
Afonso Martins,Sweden,Kiehl's Clearly Corrective Dark Spot Solution 150ml,2022-02-16,5648.11,54
Rodrigo Pinto,Philippines,Pixi Hydrating Milky Serum 100ml,2021-12-17,472.92,53
Gonçalo Ferreira,Poland,Sunday Riley Auto Correct Brightening and Depuffing Eye Contour Cream 340g,2023-06-07,1189.19,75
Rodrigo Jesus,Poland,Tatcha The Essence Plump Skin Softener 340g,2023-03-27,1329.74,17
Francisco Almeida,France,Sunday Riley UFO Ultra-Clarifying Face Oil 30ml,2024-02-01,3142.54,56
Leonor Marques,Indonesia,Kiehl's Rare Earth Deep Pore Cleansing Masque 100ml,2022-04-27,25209.69,266
Inês Cruz,France,REN Clean Skincare Evercalm Global Protection Day Cream 20ml,2022-03-02,897.85,48
Francisco Mendes,Sweden,Pixi Overnight Glow Serum 50ml,2020-06-26,10814.1,342
Beatriz Jesus,Netherlands,First Aid Beauty Ultra Repair Tinted Moisturizer SPF 30 15ml,2024-02-05,3463.19,39
Rafael Pereira,United States,COSRX Advanced Snail 96 Mucin Power Essence 340g,2024-07-25,1840.28,99
Rodrigo Pereira,Poland,Sunday Riley Luna Sleeping Night Oil 60ml,2023-08-30,1874.63,128
Beatriz Cardoso,Canada,Bioderma Pigmentbio C-Concentrate Brightening Serum 100ml,2021-08-11,12640.97,140
Margarida Silva,Japan,Bioderma Hydrabio Gel-Crème 250ml,2020-04-24,7309.96,83
Pedro Ferreira,Poland,REN Clean Skincare Vita Mineral Active 7 Eye Gel 30g,2023-01-21,10436.05,361
Rafael Mendes,India,Clinique Moisture Surge 100H Auto-Replenishing Hydrator 75ml,2023-03-25,10085.65,331
Clara Gomes,Netherlands,Paula's Choice CLINICAL 1% Retinol Treatment 200ml,2022-09-10,2985.19,58
Tiago Gomes,Mexico,Clinique Dramatically Different Moisturising Lotion+ 56.7g,2020-05-23,16400.93,200
Ana Ferreira,Germany,CeraVe Eye Repair Cream 20ml,2022-11-01,2261.01,59
Clara Gomes,Chile,Drunk Elephant A-Passioni Retinol Cream 100ml,2023-07-15,9027.77,111
Rodrigo Pereira,China,Drunk Elephant F-Balm Electrolyte Waterbalm 60ml,2023-12-19,7355.64,129
Tomás Martins,Chile,COSRX AHA/BHA Clarifying Treatment Toner 100ml,2024-10-15,12444.91,108
Sara Fernandes,Japan,Clinique Smart Night Custom-Repair Moisturiser 20ml,2020-02-09,2526.58,37
Sofia Gomes,Brazil,CeraVe Skin Renewing Night Cream 30g,2022-11-19,1611.77,33
Diogo Cardoso,Netherlands,REN Clean Skincare Overnight Glow Dark Spot Sleeping Cream 15ml,2020-05-02,32009.5,352
Catarina Martins,Indonesia,Pixi Vitamin-C Juice Cleanser 60ml,2022-08-14,2236.53,55
Carolina Pereira,South Korea,Olay Total Effects 7-in-1 Moisturiser 40ml,2024-07-08,2498.59,127
Ana Monteiro,Colombia,Estée Lauder DayWear Multi-Protection Anti-Oxidant 24H Moisturizer SPF15 20ml,2024-03-19,1037.61,103
Rafael Pereira,Japan,Paula's Choice RESIST Anti-Aging Clear Skin Hydrator 30g,2024-10-02,7872.55,149
Rodrigo Moreira,Japan,Skinceuticals Discoloration Defense Serum 30g,2022-04-01,1200.56,40
Francisco Vieira,Brazil,Pixi Hydrating Milky Serum 40ml,2020-11-28,3252.32,70
Miguel Rocha,Argentina,Skinceuticals Discoloration Defense Serum 20ml,2024-01-29,34890.77,423
Sofia Mendes,Japan,Olay Luminous Whip Face Moisturiser 15ml,2022-06-07,4484.07,49
Carolina Vieira,Chile,Olay Super Serum 5-in-1 250ml,2021-12-31,11628.82,364
Rafael Gomes,Poland,Pixi Retinol Tonic 100ml,2024-05-09,1110.99,87
Maria Fernandes,Sweden,Clinique All About Eyes Rich 250ml,2022-06-15,2230.43,25
João Neves,Poland,Drunk Elephant F-Balm Electrolyte Waterbalm 250ml,2023-03-11,5942.24,77
Diogo Ribeiro,France,Olay Super Serum 5-in-1 30ml,2023-11-08,2493.55,110
Inês Cardoso,India,Clinique Moisture Surge 100H Auto-Replenishing Hydrator 250ml,2022-12-29,5688.73,86
Rodrigo Cruz,Colombia,Bioderma Atoderm Intensive Baume 56.7g,2023-07-04,2218.66,92
João Costa,Germany,Skinceuticals A.G.E. Eye Complex 60ml,2024-06-23,4981.64,136
Diogo Ribeiro,Netherlands,Kiehl's Calendula Serum-Infused Water Cream 75ml,2022-08-11,10494.03,108
João Martins,China,Paula's Choice CLINICAL 1% Retinol Treatment 75ml,2020-11-14,1005.26,37
Margarida Silva,United States,Sunday Riley Tidal Brightening Enzyme Water Cream 60ml,2024-03-24,953.95,24
Tiago Almeida,China,COSRX Ultimate Moisturizing Honey Overnight Mask 75ml,2022-06-18,12274.77,114
Catarina Monteiro,Mexico,The Ordinary Hyaluronic Acid 2% + B5 200ml,2023-11-14,1889.82,23
Tiago Carvalho,Mexico,Murad Cellular Hydration Barrier Repair Cream 56.7g,2021-12-03,12079.7,112
Sofia Carvalho,Argentina,Clinique Even Better Clinical Radical Dark Spot Corrector 60ml,2023-09-07,2853.61,31
Margarida Teixeira,France,REN Clean Skincare Evercalm Global Protection Day Cream 250ml,2020-09-18,4659.16,274
Dinis Monteiro,Argentina,Avène XeraCalm A.D Lipid-Replenishing Cream 56.7g,2022-10-20,991.14,69
Pedro Sousa,Philippines,Clinique Smart Night Custom-Repair Moisturiser 30ml,2022-11-11,2234.0,291
Diogo Costa,Italy,Kiehl's Super Multi-Corrective Anti-Aging Face & Neck Cream 50ml,2023-06-20,3001.52,123
Laura Pereira,Chile,La Roche-Posay Cicaplast Baume B5 30ml,2022-04-21,8703.97,86
Lucas Ribeiro,United States,Olay Total Effects 7-in-1 Moisturiser 125ml,2023-12-13,2371.98,47
Lucas Rodrigues,Chile,First Aid Beauty Ultra Repair Tinted Moisturizer SPF 30 200ml,2020-05-07,476.62,56
Diogo Oliveira,Netherlands,Tatcha The Dewy Skin Cream 75ml,2021-12-23,5888.33,59
Diogo Cardoso,Mexico,Estée Lauder Re-Nutriv Ultimate Lift Age-Correcting Crème 15ml,2020-12-01,4431.74,55
Francisco Vieira,Japan,Kiehl's Rare Earth Deep Pore Cleansing Masque 40ml,2021-03-08,9417.83,112
Sara Ferreira,Indonesia,Drunk Elephant Lala Retro Whipped Cream 50ml,2023-08-27,18880.38,265
Diogo Ribeiro,United States,Murad Cellular Hydration Barrier Repair Cream 125ml,2023-11-13,34992.23,379
Maria Correia,Netherlands,Skinceuticals Phyto Corrective Gel 40ml,2020-12-27,4197.89,40
Carolina Silva,Netherlands,Clinique Turnaround Overnight Revitalizing Moisturizer 60ml,2022-12-01,2957.23,94
Leonor Rodrigues,France,Clinique Moisture Surge 100H Auto-Replenishing Hydrator 75ml,2021-10-19,2711.05,53
Beatriz Marques,Spain,Avène Antirougeurs Jour Redness Relief Cream 340g,2022-10-17,5718.41,140
Carolina Jesus,United Kingdom,Bioderma Atoderm Intensive Baume 200ml,2024-07-05,1254.9,48
Joana Oliveira,Colombia,CeraVe Moisturising Cream 20ml,2020-05-22,8857.85,77
Carolina Jesus,Brazil,CeraVe AM Facial Moisturising Lotion SPF25 125ml,2022-12-21,6634.78,57
Sofia Gomes,Italy,REN Clean Skincare Perfect Canvas Clean Primer 75ml,2020-08-12,393.71,34
Margarida Silva,Chile,Kiehl's Ultra Facial Cream 30g,2023-12-13,1048.08,13
Pedro Cruz,France,Avène Cicalfate+ Restorative Protective Cream 30ml,2024-09-04,24127.06,338
Rodrigo Pereira,Mexico,Drunk Elephant C-Firma Fresh Day Serum 40ml,2022-06-21,2798.97,84
Ana Moreira,Spain,First Aid Beauty KP Bump Eraser Body Scrub 125ml,2022-11-25,17802.13,221
Tomás Correia,Argentina,Neutrogena Norwegian Formula Face Cream 340g,2022-04-10,2979.47,68
Mariana Martins,Thailand,Paula's Choice DEFENSE Antioxidant Pore Purifier 150ml,2021-07-04,977.41,126
Sara Fernandes,Germany,CeraVe Moisturising Cream 75ml,2021-03-25,5338.53,85
Beatriz Jesus,Colombia,Kiehl's Ultra Facial Cream 340g,2022-01-07,16433.2,180
Leonor Marques,Spain,Tatcha The Indigo Overnight Repair Treatment 250ml,2021-10-04,5232.56,106
Ana Teixeira,Philippines,Kiehl's Creamy Eye Treatment with Avocado 30g,2023-12-10,4165.24,54
Carolina Coelho,Brazil,First Aid Beauty Pure Skin Face Cleanser 30g,2023-04-23,13705.86,214
Maria Ferreira,Thailand,Skinceuticals Phyto Corrective Gel 340g,2021-04-19,1955.93,66
Martim Pinto,Philippines,Neutrogena Norwegian Formula Face Cream 60ml,2021-10-28,13907.29,140
Guilherme Neves,Netherlands,CeraVe Moisturising Cream 15ml,2022-06-15,1418.67,340
Francisco Almeida,United States,Clinique Moisture Surge 100H Auto-Replenishing Hydrator 100ml,2023-04-13,5645.37,193
Sara Ferreira,India,Paula's Choice SKIN PERFECTING 2% BHA Liquid Exfoliant 15ml,2020-06-20,5961.59,58
Joana Santos,Indonesia,La Roche-Posay Toleriane Hydrating Gentle Cleanser 200ml,2021-01-08,11327.1,141
Mariana Soares,Netherlands,Tatcha The Clarifying Clay Mask 340g,2020-01-20,15587.45,152
Leonor Pinto,Chile,CeraVe Eye Repair Cream 340g,2021-05-03,554.03,142
Catarina Monteiro,China,REN Clean Skincare Radiance Perfection Serum 200ml,2020-11-28,1190.3,17
Martim Ferreira,Germany,Avène Cleanance Expert Emulsion 30ml,2023-08-13,3125.1,37
Tomás Rodrigues,India,COSRX AC Collection Lightweight Soothing Moisturizer 60ml,2020-05-05,12239.01,115
Clara Monteiro,Singapore,Pixi Skintreats Rose Caviar Eye Cream 340g,2020-06-25,5576.3,60
Francisco Mendes,Indonesia,Avène PhysioLift Night Smoothing Balm 75ml,2023-05-07,15482.63,188
Carolina Jesus,United States,Avène XeraCalm A.D Lipid-Replenishing Cream 56.7g,2020-08-08,931.52,126
Tiago Jesus,India,Pixi Vitamin-C Juice Cleanser 200ml,2024-09-16,13703.38,142
Diogo Rocha,Mexico,Clinique Turnaround Overnight Revitalizing Moisturizer 75ml,2021-09-23,358.56,10
Sofia Martins,Chile,REN Clean Skincare V-Cense Revitalising Eye Cream 340g,2022-07-22,3381.26,89
Laura Soares,Argentina,Murad Retinol Youth Renewal Serum 200ml,2023-04-26,10298.2,261
Tiago Gomes,Indonesia,Murad Retinol Youth Renewal Serum 40ml,2024-08-13,39017.91,449
Clara Cardoso,Indonesia,La Roche-Posay Lipikar Balm AP+ 100ml,2023-07-07,11555.33,125
Sara Fernandes,Netherlands,COSRX Advanced Snail 96 Mucin Power Essence 75ml,2024-09-01,6597.52,77
João Vieira,India,Sunday Riley C.E.O. 15% Vitamin C Brightening Serum 60ml,2023-03-09,5111.66,74
Maria Coelho,Chile,Sunday Riley Auto Correct Brightening and Depuffing Eye Contour Cream 250ml,2020-06-18,13261.52,127
Matilde Teixeira,Argentina,First Aid Beauty Ultra Repair Cream 75ml,2024-08-19,6768.3,106
Joana Oliveira,Argentina,Estée Lauder Micro Essence Skin Activating Treatment Lotion 340g,2021-10-18,5110.36,64
Afonso Jesus,India,COSRX Balancium B5 Biome Comfort Cream 56.7g,2021-07-01,5321.08,62
Margarida Mendes,Brazil,Neutrogena Bright Boost Gel Cream 250ml,2023-12-31,3102.45,27
Rodrigo Pinto,Mexico,Pixi Hydrating Milky Serum 40ml,2023-08-23,9340.2,99
Sofia Martins,Sweden,Avène Cicalfate+ Restorative Protective Cream 50ml,2022-12-16,3114.79,46
Afonso Martins,India,Olay Regenerist Micro-Sculpting Cream 50ml,2022-03-08,621.47,14
Diogo Martins,Indonesia,Kiehl's Calendula Serum-Infused Water Cream 30g,2024-05-20,4486.99,46
Francisco Almeida,Indonesia,Avène Cleanance Expert Emulsion 150ml,2021-12-06,14567.15,140
Francisco Vieira,Colombia,COSRX Oil-Free Ultra-Moisturizing Lotion 75ml,2022-01-23,7294.13,453
Martim Ferreira,Poland,Pixi Overnight Glow Serum 30g,2022-11-12,13460.07,121
Rafael Pereira,United Kingdom,La Roche-Posay Retinol B3 Serum 250ml,2022-11-14,2409.58,65
Miguel Marques,South Korea,Sunday Riley C.E.O. 15% Vitamin C Brightening Serum 150ml,2021-12-25,20737.15,212
Joana Fernandes,Colombia,Clinique Moisture Surge 100H Auto-Replenishing Hydrator 30ml,2023-11-07,1464.66,137
Francisco Vieira,Mexico,Estée Lauder Advanced Night Repair Serum 40ml,2020-07-12,9469.01,93
Guilherme Neves,Sweden,Sunday Riley UFO Ultra-Clarifying Face Oil 30g,2020-02-21,8237.56,119
Mariana Martins,Spain,Avène Cleanance Expert Emulsion 30g,2023-08-16,12524.18,241
Dinis Ferreira,China,Avène XeraCalm A.D Lipid-Replenishing Cream 150ml,2020-09-12,126.09,20
Carolina Jesus,Thailand,Sunday Riley Luna Sleeping Night Oil 75ml,2024-09-10,34999.86,389
Laura Mendes,Brazil,Clinique Turnaround Overnight Revitalizing Moisturizer 30g,2023-06-28,6971.81,69
Beatriz Jesus,India,Bioderma Nodé Detox Shampoo 56.7g,2023-06-06,4935.0,113
Francisco Mendes,India,Kiehl's Ultra Facial Cream 250ml,2020-03-22,42289.49,367
Inês Cardoso,France,COSRX Advanced Snail 96 Mucin Power Essence 340g,2024-06-30,6599.21,126
Joana Santos,China,Pixi Rose Ceramide Cream 125ml,2022-03-14,22870.52,277
Beatriz Ferreira,Germany,Sunday Riley UFO Ultra-Clarifying Face Oil 200ml,2022-01-14,1327.42,120
Rafael Pereira,United States,Paula's Choice CLINICAL 1% Retinol Treatment 30g,2024-05-15,542.29,26
João Martins,Sweden,Paula's Choice SKIN PERFECTING 2% BHA Liquid Exfoliant 20ml,2024-11-29,1168.35,98
Rafael Neves,Brazil,The Ordinary Natural Moisturising Factors + HA 125ml,2020-07-06,5711.78,55
Sara Cruz,Philippines,La Roche-Posay Effaclar Mat Moisturiser 200ml,2022-06-01,7606.16,111
Laura Ribeiro,Thailand,The Ordinary Natural Moisturising Factors + HA 50ml,2022-06-11,3356.62,68
Mariana Teixeira,Argentina,Bioderma Atoderm Intensive Baume 200ml,2023-08-23,6139.87,83
Diogo Oliveira,Canada,REN Clean Skincare V-Cense Revitalising Eye Cream 30ml,2021-08-11,1123.79,10
Carolina Jesus,Philippines,Skinceuticals Phyto Corrective Gel 340g,2023-10-14,3710.3,111
Lucas Rodrigues,Colombia,Estée Lauder Resilience Lift Firming & Sculpting Eye Cream 56.7g,2021-05-19,9370.96,275
Sara Ferreira,Colombia,Skinceuticals C E Ferulic Serum 20ml,2022-01-11,3188.35,40
Maria Ferreira,Thailand,Murad AHA/BHA Exfoliating Cleanser 150ml,2023-03-05,14044.93,300
Sofia Rodrigues,United States,The Ordinary Glycolic Acid 7% Toning Solution 100ml,2024-07-15,4552.9,122
Diogo Neves,South Korea,Tatcha The Clarifying Clay Mask 56.7g,2022-12-07,19837.43,454
Mariana Cruz,Italy,La Roche-Posay Retinol B3 Serum 75ml,2024-06-03,1518.34,24
Maria Correia,Indonesia,REN Clean Skincare Perfect Canvas Clean Primer 150ml,2020-03-29,3487.58,280
Laura Fernandes,Mexico,Estée Lauder Micro Essence Skin Activating Treatment Lotion 30ml,2023-08-19,6768.67,341
Matilde Cruz,Canada,Sunday Riley Tidal Brightening Enzyme Water Cream 20ml,2024-01-07,35070.01,339
Gonçalo Ribeiro,Sweden,Pixi Glow Tonic 20ml,2024-01-25,214.91,59
Laura Fernandes,China,COSRX Advanced Snail 92 All in One Cream 56.7g,2022-06-22,2809.17,28
Martim Teixeira,Colombia,Paula's Choice SKIN RECOVERY Replenishing Moisturizer 20ml,2023-02-27,1955.14,189
Mariana Neves,United States,CeraVe Renewing SA Cream 30ml,2024-02-17,10405.42,107
Afonso Martins,China,Paula's Choice EARTH SOURCED Antioxidant-Enriched Natural Moisturizer 340g,2022-05-25,47717.88,447
Carolina Pereira,Philippines,Pixi Glow Tonic 30ml,2020-12-22,6034.7,87
Rafael Mendes,Indonesia,Avène Retrinal+ 0.1 Intensive Cream 60ml,2020-04-05,1251.86,374
Maria Moreira,Mexico,REN Clean Skincare Radiance Perfection Serum 340g,2023-08-12,6935.28,102
Ana Ferreira,Indonesia,COSRX Ultimate Moisturizing Honey Overnight Mask 340g,2020-05-13,6795.73,322
Catarina Jesus,Argentina,Bioderma Atoderm Intensive Baume 250ml,2020-11-03,4610.5,83
Martim Teixeira,Philippines,REN Clean Skincare Overnight Glow Dark Spot Sleeping Cream 150ml,2023-10-02,2389.55,75
Francisco Almeida,Poland,Paula's Choice RESIST Anti-Aging Clear Skin Hydrator 200ml,2024-03-28,2474.75,32
Mariana Teixeira,Canada,CeraVe Eye Repair Cream 20ml,2021-12-02,10426.72,264
Francisco Mendes,India,Kiehl's Calendula Serum-Infused Water Cream 15ml,2020-04-30,2269.11,112
Diogo Cardoso,China,Neutrogena Cellular Boost Concentrate Serum 60ml,2024-04-02,8215.61,148
Maria Coelho,Philippines,Bioderma Pigmentbio C-Concentrate Brightening Serum 30g,2020-04-01,560.39,101
Rodrigo Pinto,Colombia,Olay Regenerist Micro-Sculpting Cream 30g,2023-09-25,5892.38,77
Rodrigo Jesus,Chile,Tatcha The Indigo Overnight Repair Treatment 50ml,2020-10-10,745.28,48
Rodrigo Pereira,France,Sunday Riley Auto Correct Brightening and Depuffing Eye Contour Cream 50ml,2020-03-23,8709.42,113
Mariana Cruz,France,Avène Antirougeurs Jour Redness Relief Cream 60ml,2021-02-24,6474.75,106
Carolina Coelho,United States,Paula's Choice SKIN PERFECTING 2% BHA Liquid Exfoliant 20ml,2020-02-19,1094.13,19
Diogo Costa,Singapore,COSRX AC Collection Lightweight Soothing Moisturizer 56.7g,2023-07-28,4099.21,106
Afonso Oliveira,South Korea,Skinceuticals A.G.E. Eye Complex 30g,2022-10-10,8220.31,334
Clara Monteiro,Argentina,Pixi +C VIT Brightening Serum 40ml,2023-03-22,19427.44,159
Laura Soares,India,COSRX Ultimate Moisturizing Honey Overnight Mask 60ml,2020-11-27,24918.85,394
Gonçalo Coelho,Thailand,Sunday Riley Luna Sleeping Night Oil 50ml,2022-02-02,979.33,62
Afonso Monteiro,Mexico,The Ordinary Hyaluronic Acid 2% + B5 125ml,2023-12-21,1600.02,134
Maria Ferreira,Mexico,Bioderma Sensibio Light Soothing Cream 250ml,2022-01-23,2732.25,66
Rafael Vieira,Brazil,Pixi Overnight Glow Serum 100ml,2021-06-05,6297.11,125
Tomás Neves,Spain,Avène PhysioLift Night Smoothing Balm 60ml,2023-09-13,14313.22,136
Rodrigo Cruz,Philippines,Murad Cellular Hydration Barrier Repair Cream 56.7g,2021-04-17,5462.11,86
Guilherme Neves,Germany,Drunk Elephant T.L.C. Framboos Glycolic Night Serum 250ml,2020-01-22,3800.44,270
Gonçalo Fernandes,India,La Roche-Posay Effaclar Mat Moisturiser 150ml,2020-10-04,2048.33,22
Ana Ferreira,Canada,Olay Luminous Whip Face Moisturiser 75ml,2022-09-23,4161.45,56
Clara Mendes,United States,Pixi Vitamin-C Juice Cleanser 20ml,2024-09-03,6152.2,386
Carolina Pereira,Colombia,Drunk Elephant Virgin Marula Luxury Face Oil 20ml,2020-04-20,10247.74,135
Clara Mendes,India,Kiehl's Clearly Corrective Dark Spot Solution 15ml,2022-07-27,1951.44,43
Francisco Mendes,Japan,CeraVe Healing Ointment 75ml,2021-05-18,11721.28,108
Miguel Marques,Colombia,La Roche-Posay Effaclar Mat Moisturiser 40ml,2024-08-29,4680.05,96
Lucas Costa,Spain,Kiehl's Powerful-Strength Line-Reducing Concentrate 340g,2022-12-20,3099.57,36
Laura Pereira,Brazil,REN Clean Skincare Perfect Canvas Clean Primer 30g,2024-11-05,1103.53,65
Laura Soares,Poland,Tatcha The Indigo Overnight Repair Treatment 250ml,2022-03-08,3718.26,65
Matilde Carvalho,Philippines,Avène Cleanance Expert Emulsion 200ml,2024-11-19,437.22,54
Francisco Almeida,Brazil,COSRX Advanced Snail 96 Mucin Power Essence 60ml,2024-08-06,9685.33,232
Rafael Pereira,Germany,Pixi Skintreats Rose Caviar Eye Cream 125ml,2024-11-21,8187.47,89
João Mendes,China,COSRX Balancium B5 Biome Comfort Cream 50ml,2024-12-06,10802.94,104
Afonso Oliveira,United Kingdom,Olay Total Effects 7-in-1 Moisturiser 56.7g,2024-07-09,16737.0,149
Francisco Jesus,Argentina,Murad Brightening Booster 50ml,2022-01-28,499.77,12
Leonor Rodrigues,Mexico,Murad Brightening Booster 20ml,2021-12-14,1604.57,82
Afonso Martins,United Kingdom,CeraVe Eye Repair Cream 40ml,2024-10-18,6398.99,118
Diogo Ribeiro,Singapore,Sunday Riley C.E.O. 15% Vitamin C Brightening Serum 340g,2022-09-10,1223.59,34
Gonçalo Ferreira,Singapore,REN Clean Skincare Overnight Glow Dark Spot Sleeping Cream 75ml,2021-10-10,2471.27,25
Pedro Sousa,South Korea,Estée Lauder Perfectly Clean Multi-Action Foam Cleanser 250ml,2024-01-15,1584.29,48
Sofia Gomes,France,Murad Hydro-Dynamic Ultimate Moisture 340g,2024-06-20,11124.29,365
Inês Nunes,Sweden,The Ordinary Niacinamide 10% + Zinc 1% 20ml,2023-01-04,6126.45,217
Maria Fernandes,Japan,CeraVe Renewing SA Cream 60ml,2024-08-30,17000.91,433
Pedro Pereira,Sweden,Estée Lauder DayWear Multi-Protection Anti-Oxidant 24H Moisturizer SPF15 150ml,2023-06-11,11589.36,142
Rodrigo Cruz,United States,COSRX Full Fit Propolis Light Cream 30ml,2023-07-25,9211.31,91
Laura Ribeiro,Singapore,CeraVe Moisturising Cream 15ml,2021-10-12,54.98,16
Ana Ferreira,Argentina,Bioderma Sebium Pore Refiner 250ml,2020-03-25,3303.09,58
Laura Mendes,Netherlands,La Roche-Posay Lipikar Balm AP+ 30g,2024-04-02,7353.52,106
Matilde Carvalho,Brazil,REN Clean Skincare Evercalm Global Protection Day Cream 250ml,2021-04-30,1212.33,80
Martim Silva,India,La Roche-Posay Effaclar Mat Moisturiser 340g,2024-08-30,6485.94,112
Tomás Almeida,France,The Ordinary Salicylic Acid 2% Solution 150ml,2022-06-08,4512.2,45
Gonçalo Fernandes,Germany,First Aid Beauty KP Bump Eraser Body Scrub 60ml,2021-01-18,620.49,12
Francisco Coelho,Germany,Bioderma Pigmentbio C-Concentrate Brightening Serum 20ml,2020-08-14,5205.51,49
Sofia Jesus,Brazil,La Roche-Posay Hyalu B5 Serum 30g,2020-12-28,1618.03,34
Ana Ferreira,Japan,CeraVe Hydrating Cleanser 15ml,2024-12-26,5639.75,265
Afonso Sousa,China,Tatcha The Eye Concentrate 75ml,2021-08-26,6597.92,119
Francisco Almeida,South Korea,REN Clean Skincare Vita Mineral Active 7 Eye Gel 125ml,2020-01-23,9254.08,137
Mariana Mendes,Canada,COSRX Advanced Snail 96 Mucin Power Essence 250ml,2020-10-21,8256.81,106
Martim Silva,France,COSRX Oil-Free Ultra-Moisturizing Lotion 30g,2023-01-03,5771.59,179
Afonso Vieira,Canada,First Aid Beauty Hello FAB Coconut Skin Smoothie Priming Moisturizer 60ml,2024-02-13,1260.27,55
Rafael Neves,United Kingdom,La Roche-Posay Retinol B3 Serum 30ml,2023-11-13,4094.62,38
Sara Almeida,Poland,Neutrogena Rapid Wrinkle Repair Retinol Cream 340g,2022-05-31,10254.05,131
Sofia Gomes,Poland,Tatcha The Clarifying Clay Mask 15ml,2024-07-24,3173.28,41
Sofia Carvalho,Germany,Pixi Skintreats Rose Caviar Eye Cream 340g,2022-06-16,10959.97,320
Leonor Coelho,Canada,Clinique Repairwear Laser Focus Eye Cream 75ml,2022-10-31,2643.0,96
Laura Pereira,Italy,Bioderma Sensibio H2O Micellar Water 150ml,2021-04-11,545.91,102
Sara Almeida,India,Sunday Riley Saturn Sulfur Acne Treatment Mask 15ml,2020-07-08,9994.12,101
João Neves,Brazil,Sunday Riley Ice Ceramide Moisturizing Cream 150ml,2023-04-10,1445.73,63
Margarida Cardoso,Italy,Neutrogena Hydro Boost Water Gel 75ml,2021-10-07,2540.06,33
Margarida Pereira,Japan,CeraVe Eye Repair Cream 100ml,2024-12-21,887.71,12
João Costa,South Korea,La Roche-Posay Retinol B3 Serum 50ml,2020-12-06,3194.15,54
Francisco Almeida,Thailand,Pixi Overnight Glow Serum 125ml,2021-05-27,17024.27,157
Sofia Carvalho,Spain,Avène Cleanance Expert Emulsion 30ml,2023-05-02,1012.45,125
Catarina Neves,Chile,REN Clean Skincare V-Cense Revitalising Eye Cream 56.7g,2023-05-11,7504.2,130
Beatriz Cardoso,Colombia,Pixi Rose Ceramide Cream 75ml,2021-10-03,4304.76,130
Carolina Silva,Germany,Avène Cleanance Expert Emulsion 20ml,2021-09-05,917.1,131
João Costa,France,First Aid Beauty Ultra Repair Tinted Moisturizer SPF 30 15ml,2022-11-14,369.08,11
Mariana Cruz,Japan,Avène Antirougeurs Jour Redness Relief Cream 340g,2020-04-08,5662.42,52
Mariana Mendes,Colombia,Avène Cicalfate+ Restorative Protective Cream 15ml,2022-06-21,2419.55,53
Tomás Martins,Poland,Olay Vitamin C + Peptide 24 Face Moisturizer 56.7g,2023-10-26,428.04,29
Afonso Pereira,Mexico,The Ordinary Buffet Multi-Technology Peptide Serum 150ml,2021-10-04,6695.15,87
Catarina Correia,Thailand,Skinceuticals Triple Lipid Restore 2:4:2 200ml,2021-03-28,29112.09,516
Laura Soares,Germany,Murad Brightening Booster 150ml,2023-03-07,3581.44,130
Sara Ferreira,France,CeraVe Skin Renewing Night Cream 340g,2022-03-10,9573.5,87
Rodrigo Teixeira,Germany,Paula's Choice BOOST 10% Niacinamide Booster 125ml,2021-06-30,36040.3,301
Gonçalo Rodrigues,Germany,Skinceuticals Discoloration Defense Serum 20ml,2021-05-14,10918.35,448
Joana Teixeira,Philippines,The Ordinary AHA 30% + BHA 2% Peeling Solution 50ml,2022-05-29,23185.71,574
Dinis Pereira,Italy,REN Clean Skincare Clean Screen Mineral SPF30 100ml,2022-11-05,18715.88,169
Sofia Carvalho,Germany,COSRX Oil-Free Ultra-Moisturizing Lotion 250ml,2021-12-25,24872.79,247
Margarida Cardoso,France,COSRX Advanced Snail 92 All in One Cream 75ml,2021-09-18,3825.98,199
Rodrigo Pereira,India,Drunk Elephant B-Hydra Intensive Hydration Serum 56.7g,2024-09-16,11541.98,228
Sara Mendes,Poland,Avène Eau Thermale Spray 60ml,2022-07-07,7932.06,113
Clara Mendes,South Korea,Paula's Choice BOOST 10% Niacinamide Booster 150ml,2023-04-26,9157.3,170
Maria Fernandes,Thailand,Clinique Take The Day Off Cleansing Balm 30g,2023-09-07,10558.39,98
Joana Santos,Argentina,Kiehl's Super Multi-Corrective Anti-Aging Face & Neck Cream 125ml,2020-06-30,1381.88,130
João Mendes,Italy,Olay Vitamin C + Peptide 24 Face Moisturizer 56.7g,2024-07-23,4679.02,71
João Vieira,China,CeraVe PM Facial Moisturising Lotion 40ml,2023-11-27,5991.07,110
Catarina Neves,Chile,COSRX Full Fit Propolis Light Cream 340g,2021-11-04,4304.01,148
Sara Mendes,Colombia,Neutrogena Hydro Boost Water Gel 200ml,2023-10-05,6563.07,157
Tomás Almeida,Indonesia,Clinique Repairwear Laser Focus Eye Cream 30ml,2024-08-05,4694.92,234
Catarina Martins,China,The Ordinary Hyaluronic Acid 2% + B5 60ml,2022-05-08,10761.58,115
Dinis Cardoso,South Korea,CeraVe Hydrating Cleanser 20ml,2024-06-21,8768.55,134
João Martins,South Korea,Tatcha The Essence Plump Skin Softener 60ml,2022-03-02,7442.66,325
Pedro Cruz,Spain,First Aid Beauty Hello FAB Coconut Skin Smoothie Priming Moisturizer 50ml,2023-08-03,4480.11,64
Leonor Martins,United States,Avène Cleanance Expert Emulsion 40ml,2023-06-26,2864.11,140
Gonçalo Rodrigues,Netherlands,Murad Rapid Resurgence Eye Lift 200ml,2021-07-19,1521.76,57
Afonso Almeida,Brazil,Kiehl's Powerful-Strength Line-Reducing Concentrate 50ml,2021-10-03,2577.57,189
Diogo Neves,Japan,Clinique Moisture Surge 100H Auto-Replenishing Hydrator 30g,2020-12-19,2923.55,42
João Martins,China,The Ordinary AHA 30% + BHA 2% Peeling Solution 15ml,2020-10-16,2506.56,121
Mariana Teixeira,Thailand,Olay Retinol24 Night Moisturizer 20ml,2023-09-28,2197.59,70
Martim Teixeira,Mexico,Kiehl's Clearly Corrective Dark Spot Solution 40ml,2021-10-11,12537.42,129
Sofia Gomes,Chile,CeraVe Eye Repair Cream 15ml,2022-09-28,2297.12,61
Ana Monteiro,Colombia,Clinique Moisture Surge 100H Auto-Replenishing Hydrator 30g,2022-07-26,11072.42,116
Diogo Monteiro,Poland,Neutrogena Oil-Free Acne Wash 340g,2020-02-07,14000.46,140
Catarina Monteiro,Indonesia,La Roche-Posay Retinol B3 Serum 60ml,2023-12-03,37478.49,388
Sofia Rodrigues,India,Olay Luminous Whip Face Moisturiser 150ml,2020-02-02,12437.2,135
Ana Nunes,United States,Kiehl's Powerful-Strength Line-Reducing Concentrate 250ml,2024-12-25,1835.46,49
Miguel Rocha,Poland,Olay Total Effects 7-in-1 Moisturiser 340g,2020-12-12,16433.41,160
Beatriz Cardoso,Argentina,COSRX AC Collection Lightweight Soothing Moisturizer 75ml,2024-09-15,14452.59,127
Tomás Rodrigues,Spain,Skinceuticals Metacell Renewal B3 40ml,2024-01-08,5114.41,133
Joana Santos,Philippines,Avène Retrinal+ 0.1 Intensive Cream 75ml,2020-08-01,8823.9,92
Leonor Pinto,United States,Murad Vita-C Glycolic Brightening Serum 20ml,2022-03-22,15940.3,356
Afonso Vieira,Italy,Neutrogena Cellular Boost Concentrate Serum 75ml,2021-01-19,5027.83,148
Francisco Vieira,France,REN Clean Skincare Clean Screen Mineral SPF30 250ml,2024-10-04,7114.38,150
Diogo Rodrigues,Canada,Bioderma Hydrabio Gel-Crème 50ml,2022-02-07,1189.79,26
Laura Soares,South Korea,La Roche-Posay Cicaplast Baume B5 40ml,2024-06-22,4380.38,140
Rafael Martins,Japan,CeraVe Eye Repair Cream 75ml,2020-02-04,705.83,61
Afonso Oliveira,Italy,Tatcha The Dewy Skin Cream 150ml,2024-12-31,21478.78,415
Mariana Martins,United Kingdom,The Ordinary Niacinamide 10% + Zinc 1% 40ml,2022-01-02,610.1,20
Margarida Oliveira,Netherlands,Neutrogena Ultra Sheer Dry-Touch Sunscreen SPF 50+ 60ml,2023-10-01,3252.01,71
Afonso Jesus,China,Paula's Choice CALM Redness Relief Moisturizer SPF 30 60ml,2024-12-10,4315.74,130
Rodrigo Moreira,Indonesia,Neutrogena Norwegian Formula Face Cream 340g,2021-05-23,10746.57,102
Gonçalo Rodrigues,Netherlands,Tatcha The Dewy Skin Cream 15ml,2020-06-08,676.82,82
Catarina Neves,South Korea,Pixi Hydrating Milky Serum 75ml,2022-08-20,322.25,75
Sofia Martins,Japan,REN Clean Skincare Clean Screen Mineral SPF30 30g,2024-08-19,6492.37,74
Martim Rodrigues,United Kingdom,COSRX Advanced Snail 92 All in One Cream 100ml,2022-11-05,206.07,10
Francisco Mendes,Philippines,Bioderma Nodé Detox Shampoo 30ml,2023-07-26,3859.26,163
Lucas Santos,Brazil,Paula's Choice DEFENSE Antioxidant Pore Purifier 40ml,2020-02-07,6187.6,118
Rafael Gomes,Philippines,La Roche-Posay Effaclar Mat Moisturiser 60ml,2022-09-21,7660.92,80
Maria Fernandes,Thailand,First Aid Beauty Ultra Repair Firming Collagen Cream 30g,2023-03-01,1883.16,20
Mariana Cruz,Sweden,REN Clean Skincare Clean Screen Mineral SPF30 250ml,2023-03-19,2583.32,50
Afonso Martins,China,Sunday Riley Good Genes All-In-One Lactic Acid Treatment 30g,2021-10-04,4643.51,108
Sara Almeida,Singapore,Neutrogena Hydro Boost Water Gel 30ml,2022-01-09,6345.8,88
Carolina Jesus,China,La Roche-Posay Lipikar Balm AP+ 200ml,2024-09-27,3498.11,94
Margarida Silva,Sweden,CeraVe Moisturising Cream 60ml,2022-10-03,25445.13,231
João Costa,Mexico,Olay Regenerist Collagen Peptide24 Serum 56.7g,2022-06-29,17281.47,323
Pedro Santos,Spain,Murad Oil-Control Mattifier SPF45 56.7g,2023-02-14,5145.09,93
Margarida Pereira,Colombia,Pixi +C VIT Brightening Serum 15ml,2021-08-01,13227.03,109
Margarida Mendes,Italy,Skinceuticals A.G.E. Eye Complex 60ml,2024-06-20,2242.91,36
Leonor Pinto,Poland,Pixi Hydrating Milky Serum 340g,2021-06-10,8253.97,115
Matilde Teixeira,Spain,Kiehl's Clearly Corrective Dark Spot Solution 15ml,2022-02-18,13287.83,145
Afonso Monteiro,United States,The Ordinary Glycolic Acid 7% Toning Solution 30ml,2021-03-18,5472.17,97
Ana Ferreira,Chile,COSRX Oil-Free Ultra-Moisturizing Lotion 56.7g,2022-06-07,8295.51,82
Ana Ferreira,Sweden,La Roche-Posay Hyalu B5 Serum 200ml,2022-02-20,9903.4,82
Diogo Martins,France,Murad Cellular Hydration Barrier Repair Cream 150ml,2022-04-24,1923.29,17
Catarina Correia,Brazil,Olay Regenerist Collagen Peptide24 Serum 150ml,2021-02-20,9166.87,148
Carolina Marques,Indonesia,Bioderma Hydrabio Gel-Crème 60ml,2021-09-12,3817.78,72
Mariana Cruz,Canada,REN Clean Skincare V-Cense Revitalising Eye Cream 30g,2020-06-21,3566.89,101
Afonso Monteiro,Thailand,Skinceuticals B5 Gel Hydrating Serum 56.7g,2020-04-10,4012.34,110
Clara Monteiro,Germany,COSRX Balancium B5 Biome Comfort Cream 200ml,2020-01-08,11413.14,278
Carolina Vieira,France,Bioderma Cicabio Arnica+ Repairing Cream 250ml,2022-09-05,358.78,45
Beatriz Jesus,Indonesia,First Aid Beauty Ultra Repair Firming Collagen Cream 75ml,2020-04-26,2791.97,30
Beatriz Marques,China,Neutrogena Hydro Boost Water Gel 56.7g,2024-12-19,1036.83,285
Beatriz Cardoso,Indonesia,Estée Lauder Advanced Night Repair Serum 20ml,2021-08-28,19283.89,231
Leonor Jesus,Colombia,First Aid Beauty Ultra Repair Cream 75ml,2020-08-14,2149.07,114
João Mendes,Japan,Kiehl's Midnight Recovery Concentrate 100ml,2023-12-15,7872.83,117
Gonçalo Rodrigues,Spain,Drunk Elephant Lala Retro Whipped Cream 100ml,2022-12-18,11465.81,136
Guilherme Neves,Mexico,Clinique All About Eyes Rich 60ml,2022-09-23,34478.18,360
Leonor Jesus,Germany,La Roche-Posay Anthelios Invisible Fluid SPF50+ 40ml,2024-04-13,17949.78,189
Martim Marques,Sweden,Kiehl's Ultra Facial Cream 15ml,2020-12-09,24961.98,396
Sofia Rodrigues,Sweden,Bioderma Sebium Pore Refiner 250ml,2020-12-05,26818.99,341
Rodrigo Teixeira,India,Bioderma Atoderm Intensive Baume 75ml,2023-01-18,9312.14,82
Matilde Cruz,Singapore,The Ordinary Natural Moisturising Factors + HA 125ml,2020-04-12,7515.52,74
Margarida Silva,South Korea,La Roche-Posay Effaclar Mat Moisturiser 60ml,2022-12-23,7857.79,147
Rodrigo Cruz,Poland,The Ordinary Buffet Multi-Technology Peptide Serum 40ml,2022-10-12,6407.91,56
Dinis Silva,Argentina,The Ordinary Retinol 0.5% in Squalane 30g,2023-04-13,5982.01,55
Leonor Rodrigues,China,Clinique Turnaround Overnight Revitalizing Moisturizer 40ml,2021-11-04,3469.12,102
Rafael Martins,Sweden,Avène Eau Thermale Spray 340g,2020-03-21,20830.06,306
Rodrigo Pinto,Italy,La Roche-Posay Cicaplast Baume B5 75ml,2021-12-08,7576.33,118
Afonso Martins,Poland,CeraVe Healing Ointment 20ml,2021-03-09,564.19,88
Miguel Rocha,Indonesia,Clinique Repairwear Laser Focus Eye Cream 150ml,2024-08-15,7486.59,146
Lucas Ribeiro,Mexico,REN Clean Skincare V-Cense Revitalising Eye Cream 30ml,2021-01-08,11184.88,163
Pedro Ferreira,Italy,First Aid Beauty KP Bump Eraser Body Scrub 20ml,2023-04-22,4785.48,121
Rafael Mendes,Spain,Pixi +C VIT Brightening Serum 50ml,2024-08-11,9164.21,83
Joana Oliveira,South Korea,Drunk Elephant C-Firma Fresh Day Serum 100ml,2020-08-18,9585.76,98
João Cardoso,Indonesia,Neutrogena Ultra Sheer Dry-Touch Sunscreen SPF 50+ 200ml,2024-12-19,9479.58,96
Afonso Monteiro,Mexico,Avène Eau Thermale Spray 100ml,2024-04-27,15347.99,142
Pedro Sousa,Thailand,First Aid Beauty Pure Skin Face Cleanser 50ml,2021-06-04,16552.64,372
Beatriz Jesus,Netherlands,REN Clean Skincare V-Cense Revitalising Eye Cream 30ml,2020-01-30,532.23,79
Carolina Marques,Colombia,Pixi Overnight Glow Serum 75ml,2024-12-26,5037.2,342
Afonso Sousa,Sweden,Pixi Rose Ceramide Cream 150ml,2020-09-21,13662.82,149
João Vieira,Japan,Pixi Glow Tonic 75ml,2021-01-25,1322.15,71
Dinis Silva,Argentina,CeraVe Hydrating Cleanser 20ml,2023-08-06,1678.18,102
Mariana Mendes,France,Estée Lauder Advanced Night Repair Serum 60ml,2023-07-14,1746.11,37
Laura Carvalho,Italy,Estée Lauder Perfectly Clean Multi-Action Foam Cleanser 56.7g,2020-01-13,4385.58,116
Catarina Correia,Colombia,Tatcha The Eye Concentrate 15ml,2022-01-05,24233.69,214
Joana Santos,Spain,Bioderma Hydrabio Gel-Crème 340g,2023-09-05,7198.14,126
Sofia Jesus,Netherlands,Olay Super Serum 5-in-1 75ml,2024-05-23,10078.65,213
Mariana Teixeira,Germany,Murad Oil-Control Mattifier SPF45 75ml,2021-02-07,31140.85,294
Dinis Monteiro,Italy,Olay Total Effects 7-in-1 Moisturiser 50ml,2023-12-09,4787.29,92
Joana Costa,Netherlands,La Roche-Posay Retinol B3 Serum 50ml,2020-04-20,1363.3,21
Inês Martins,Philippines,Murad Cellular Hydration Barrier Repair Cream 250ml,2022-02-16,2671.86,76
Carolina Jesus,Sweden,Avène Hydrance Rich Rehydrating Cream 60ml,2020-03-31,9447.7,93
Afonso Monteiro,Mexico,Drunk Elephant Lala Retro Whipped Cream 15ml,2023-05-22,11985.26,132
Pedro Santos,Thailand,First Aid Beauty Ultra Repair Firming Collagen Cream 40ml,2020-04-04,9718.63,127
Ana Ferreira,Indonesia,Sunday Riley Auto Correct Brightening and Depuffing Eye Contour Cream 20ml,2020-01-02,2102.59,27
Margarida Pereira,Sweden,Clinique Smart Night Custom-Repair Moisturiser 150ml,2020-12-22,15221.61,127
João Vieira,Philippines,First Aid Beauty Hello FAB Coconut Skin Smoothie Priming Moisturizer 340g,2024-08-07,9305.0,389
Gonçalo Ribeiro,Thailand,Neutrogena Hydro Boost Water Gel 125ml,2024-07-06,49784.18,517
João Costa,Philippines,Sunday Riley Good Genes All-In-One Lactic Acid Treatment 15ml,2024-10-26,5906.5,141
Rafael Vieira,Italy,CeraVe Skin Renewing Night Cream 30ml,2024-12-03,1214.17,20
Dinis Ferreira,South Korea,Olay Eyes Ultimate Eye Cream 75ml,2020-03-27,2093.07,125
Gonçalo Almeida,Spain,First Aid Beauty Ultra Repair Tinted Moisturizer SPF 30 50ml,2021-06-02,1605.8,67
Maria Moreira,France,First Aid Beauty Ultra Repair Tinted Moisturizer SPF 30 150ml,2022-10-19,74.2,14
Clara Cardoso,Spain,Kiehl's Rare Earth Deep Pore Cleansing Masque 56.7g,2020-05-10,23236.06,367
Pedro Pereira,Spain,Tatcha The Indigo Overnight Repair Treatment 15ml,2020-07-19,12607.55,178
João Cardoso,Poland,Sunday Riley Auto Correct Brightening and Depuffing Eye Contour Cream 30ml,2023-01-13,1539.35,16
Lucas Santos,Indonesia,Skinceuticals Triple Lipid Restore 2:4:2 56.7g,2020-12-09,40147.25,349
Lucas Costa,Chile,Kiehl's Calendula Serum-Infused Water Cream 15ml,2024-03-25,191.48,47
Joana Teixeira,Indonesia,La Roche-Posay Anthelios Invisible Fluid SPF50+ 56.7g,2024-12-13,873.55,134
Clara Monteiro,United Kingdom,Bioderma Sensibio Light Soothing Cream 340g,2024-07-14,1194.18,38
Matilde Cruz,India,Estée Lauder Nutritious Super-Pomegranate Radiant Energy Eye Jelly 125ml,2021-10-09,6248.89,168
Carolina Pereira,Chile,REN Clean Skincare Clean Screen Mineral SPF30 30ml,2021-06-05,3735.5,76
Beatriz Marques,Poland,Sunday Riley C.E.O. 15% Vitamin C Brightening Serum 30g,2023-01-09,6590.95,149
Clara Cardoso,United States,Drunk Elephant T.L.C. Framboos Glycolic Night Serum 20ml,2022-06-23,3331.93,138
João Nunes,Sweden,First Aid Beauty Ultra Repair Cream 250ml,2021-11-23,4335.14,119
Sara Ferreira,Japan,Drunk Elephant Protini Polypeptide Cream 100ml,2021-02-21,1687.12,47
Francisco Jesus,France,Olay Vitamin C + Peptide 24 Face Moisturizer 60ml,2021-09-28,569.87,123
Rodrigo Coelho,China,La Roche-Posay Toleriane Double Repair Moisturiser 125ml,2021-12-01,283.71,12
Margarida Teixeira,Colombia,Murad Brightening Booster 30g,2021-12-04,533.11,41
Afonso Pereira,Japan,Sunday Riley Luna Sleeping Night Oil 250ml,2023-09-25,1111.07,12
Margarida Pereira,China,Estée Lauder Nutritious Super-Pomegranate Radiant Energy Eye Jelly 30g,2024-04-02,250.19,47
Matilde Teixeira,Spain,REN Clean Skincare Ready Steady Glow Daily AHA Tonic 75ml,2020-03-13,1808.12,77
Gonçalo Ferreira,India,Bioderma Atoderm Intensive Baume 56.7g,2021-08-27,17484.26,184
Catarina Jesus,Indonesia,Pixi Vitamin-C Juice Cleanser 340g,2023-10-13,13521.69,127
Afonso Rocha,United States,Olay Regenerist Micro-Sculpting Cream 100ml,2023-03-11,36756.02,320
Lucas Santos,United Kingdom,Paula's Choice DEFENSE Antioxidant Pore Purifier 100ml,2023-06-23,2765.46,67
Tiago Almeida,United States,Olay Regenerist Micro-Sculpting Cream 125ml,2020-07-23,9598.01,90
Rodrigo Coelho,Singapore,La Roche-Posay Anthelios Invisible Fluid SPF50+ 20ml,2022-04-07,8396.68,230
Gonçalo Ferreira,Poland,Estée Lauder Perfectly Clean Multi-Action Foam Cleanser 50ml,2020-05-06,9554.95,135
Francisco Almeida,France,CeraVe Moisturising Cream 200ml,2024-08-09,6743.41,125
João Nunes,Thailand,Clinique Even Better Clinical Radical Dark Spot Corrector 60ml,2020-03-02,9982.3,130
Inês Martins,Netherlands,Clinique Take The Day Off Cleansing Balm 250ml,2020-07-30,539.76,26
Martim Ferreira,South Korea,La Roche-Posay Retinol B3 Serum 100ml,2020-07-16,9771.15,286
Carolina Marques,Germany,COSRX Balancium B5 Biome Comfort Cream 75ml,2023-08-05,8235.17,142
Afonso Monteiro,United Kingdom,Paula's Choice SKIN RECOVERY Replenishing Moisturizer 75ml,2023-01-21,13423.87,215
Leonor Martins,United Kingdom,Olay Regenerist Collagen Peptide24 Serum 250ml,2024-06-02,2997.16,89
Rodrigo Moreira,Argentina,CeraVe Healing Ointment 100ml,2024-09-29,1730.32,54
Francisco Mendes,Singapore,Skinceuticals Physical Fusion UV Defense SPF 50 250ml,2020-04-17,12155.72,110
Ana Ferreira,Singapore,La Roche-Posay Anthelios Invisible Fluid SPF50+ 50ml,2020-12-11,3290.32,122
Francisco Jesus,United Kingdom,Murad AHA/BHA Exfoliating Cleanser 150ml,2022-01-08,8338.57,74
Gonçalo Coelho,Canada,Sunday Riley Good Genes All-In-One Lactic Acid Treatment 340g,2020-06-26,2937.9,292
Rafael Vieira,Germany,Skinceuticals A.G.E. Eye Complex 20ml,2021-02-04,1446.63,25
Sofia Carvalho,Japan,REN Clean Skincare Vita Mineral Active 7 Eye Gel 20ml,2022-05-01,7554.35,83
Rafael Martins,Mexico,Sunday Riley Tidal Brightening Enzyme Water Cream 15ml,2020-06-17,1630.99,21
Martim Marques,Mexico,COSRX Balancium B5 Biome Comfort Cream 40ml,2024-06-05,6442.3,128
Tiago Jesus,United States,CeraVe PM Facial Moisturising Lotion 50ml,2020-03-10,4145.46,146
Laura Carvalho,Germany,Drunk Elephant Virgin Marula Luxury Face Oil 340g,2021-02-10,509.87,64
João Mendes,Netherlands,Murad Cellular Hydration Barrier Repair Cream 340g,2020-08-05,5699.02,68
Guilherme Neves,Italy,Bioderma Sebium Pore Refiner 15ml,2023-10-11,25302.78,471
Guilherme Neves,United Kingdom,Tatcha The Essence Plump Skin Softener 150ml,2022-01-26,3206.89,70
Gonçalo Ribeiro,Netherlands,Neutrogena Rapid Wrinkle Repair Retinol Cream 40ml,2023-04-29,491.96,56
Inês Nunes,Spain,Kiehl's Rare Earth Deep Pore Cleansing Masque 30ml,2022-04-10,35531.63,299
Afonso Pereira,Argentina,CeraVe PM Facial Moisturising Lotion 50ml,2020-04-25,5590.8,82
Carolina Pereira,South Korea,Kiehl's Ultra Facial Cream 56.7g,2023-02-09,21199.73,312
Dinis Silva,Chile,Sunday Riley Ice Ceramide Moisturizing Cream 20ml,2024-03-04,749.19,93
Sofia Mendes,Singapore,Neutrogena Hydro Boost Eye Gel-Cream 100ml,2020-09-09,1121.14,81
Ana Nunes,India,REN Clean Skincare Overnight Glow Dark Spot Sleeping Cream 30g,2020-01-19,9764.62,127
Laura Costa,Chile,REN Clean Skincare Perfect Canvas Clean Primer 250ml,2020-04-26,6577.69,109
Diogo Monteiro,France,Bioderma Sensibio H2O Micellar Water 100ml,2020-09-26,12908.52,116
Francisco Coelho,Brazil,COSRX Advanced Snail 92 All in One Cream 200ml,2022-02-08,5316.97,74
Sofia Nunes,Singapore,La Roche-Posay Hyalu B5 Serum 125ml,2021-08-07,2503.11,75
Matilde Teixeira,Italy,Neutrogena Ultra Sheer Dry-Touch Sunscreen SPF 50+ 15ml,2020-10-30,558.63,16
Inês Nunes,South Korea,Bioderma Sebium Pore Refiner 200ml,2022-03-24,12703.32,367
Martim Silva,Chile,Estée Lauder Micro Essence Skin Activating Treatment Lotion 30ml,2022-02-25,35124.06,333
Rafael Gomes,Germany,Tatcha The Rice Polish Foaming Enzyme Powder 20ml,2023-11-01,7180.12,325
Ana Teixeira,Mexico,Bioderma Sensibio H2O Micellar Water 340g,2021-07-14,947.43,103
Afonso Martins,Mexico,Bioderma Cicabio Arnica+ Repairing Cream 56.7g,2021-07-13,6492.07,115
Laura Carvalho,South Korea,Clinique Repairwear Laser Focus Eye Cream 200ml,2021-05-21,863.86,19
Dinis Monteiro,Colombia,Pixi Overnight Glow Serum 40ml,2022-05-23,8987.9,144
Tomás Rodrigues,Brazil,Paula's Choice CLINICAL 1% Retinol Treatment 125ml,2022-01-14,2674.26,83
Carolina Coelho,France,Drunk Elephant F-Balm Electrolyte Waterbalm 75ml,2020-08-15,1724.01,115
Laura Soares,Netherlands,Pixi Retinol Tonic 340g,2024-11-22,7841.59,174
Tomás Ribeiro,Italy,The Ordinary Glycolic Acid 7% Toning Solution 20ml,2020-04-16,13358.41,115
Rafael Neves,Thailand,Skinceuticals A.G.E. Eye Complex 150ml,2023-12-03,4538.19,53
Lucas Costa,Argentina,REN Clean Skincare Evercalm Global Protection Day Cream 150ml,2021-12-14,9457.89,127
Diogo Costa,Colombia,Clinique Repairwear Laser Focus Eye Cream 50ml,2021-07-05,3047.55,84
Margarida Pereira,Singapore,La Roche-Posay Retinol B3 Serum 60ml,2022-07-10,14913.65,157
Pedro Cruz,Spain,Tatcha The Water Cream 30g,2024-03-14,1767.36,88
João Nunes,Colombia,The Ordinary Hyaluronic Acid 2% + B5 250ml,2024-04-08,5053.8,47
Tomás Rodrigues,Colombia,Estée Lauder Nutritious Super-Pomegranate Radiant Energy Eye Jelly 60ml,2020-01-31,8747.57,90
Afonso Rocha,Philippines,Sunday Riley C.E.O. 15% Vitamin C Brightening Serum 30ml,2024-08-22,4723.9,50
Mariana Cruz,South Korea,Drunk Elephant Protini Polypeptide Cream 125ml,2023-09-22,430.43,116
Margarida Oliveira,Sweden,REN Clean Skincare Radiance Perfection Serum 250ml,2024-05-31,14662.43,133
Beatriz Marques,Netherlands,First Aid Beauty Pure Skin Face Cleanser 340g,2022-10-24,6447.07,72
Ana Teixeira,Argentina,Skinceuticals Triple Lipid Restore 2:4:2 20ml,2024-12-25,26772.04,260
Francisco Almeida,United States,Olay Super Serum 5-in-1 30g,2021-02-10,14475.62,163
Martim Pinto,Mexico,Sunday Riley UFO Ultra-Clarifying Face Oil 100ml,2020-09-06,3648.27,128
Sofia Mendes,France,Skinceuticals Metacell Renewal B3 150ml,2024-01-24,19444.28,390
Sofia Rodrigues,China,Murad Brightening Booster 40ml,2024-09-07,3185.11,36
Tomás Correia,Argentina,Avène Cicalfate+ Restorative Protective Cream 30ml,2021-12-17,6954.13,107
Rodrigo Pinto,Argentina,Bioderma Sensibio Light Soothing Cream 56.7g,2023-01-13,5192.89,72
Rodrigo Pinto,Singapore,Sunday Riley C.E.O. 15% Vitamin C Brightening Serum 75ml,2023-05-29,1210.42,53
Ana Ferreira,Indonesia,Avène Cleanance Expert Emulsion 56.7g,2020-06-07,4273.54,98
Leonor Jesus,Chile,Skinceuticals Physical Fusion UV Defense SPF 50 125ml,2020-04-09,2044.17,191
Francisco Vieira,Poland,Kiehl's Creamy Eye Treatment with Avocado 56.7g,2023-05-15,1609.53,27
Ana Teixeira,Sweden,Tatcha The Water Cream 50ml,2023-12-19,572.89,39
Rafael Mendes,Netherlands,CeraVe Moisturising Cream 50ml,2024-07-18,28158.84,250
Rodrigo Jesus,Colombia,Murad Cellular Hydration Barrier Repair Cream 340g,2022-06-19,23615.61,205
Carolina Silva,Italy,Tatcha The Dewy Skin Cream 250ml,2023-07-25,1842.66,29
Miguel Ferreira,India,La Roche-Posay Anthelios Invisible Fluid SPF50+ 75ml,2020-03-21,18427.95,219
Clara Ferreira,Japan,La Roche-Posay Retinol B3 Serum 40ml,2021-10-14,6360.15,122
Catarina Jesus,Mexico,Kiehl's Powerful-Strength Line-Reducing Concentrate 15ml,2024-06-27,4772.08,96
Mariana Soares,Indonesia,Avène Retrinal+ 0.1 Intensive Cream 150ml,2024-04-15,9575.85,83
Laura Mendes,Argentina,Skinceuticals Physical Fusion UV Defense SPF 50 30g,2022-10-20,10995.24,123
Mariana Teixeira,Canada,Olay Total Effects 7-in-1 Moisturiser 200ml,2020-10-31,22099.81,284
Gonçalo Ferreira,India,Pixi Rose Ceramide Cream 60ml,2022-10-21,1344.79,122
Mariana Soares,Philippines,Pixi Hydrating Milky Serum 250ml,2022-01-21,7838.74,95
Rafael Martins,Italy,REN Clean Skincare Radiance Perfection Serum 50ml,2023-11-15,2240.68,68
Afonso Oliveira,Japan,First Aid Beauty Eye Duty Triple Remedy AM Gel Cream 340g,2024-01-03,2864.02,32
Rafael Pereira,China,Bioderma Sensibio H2O Micellar Water 340g,2021-06-11,4261.68,76
Ana Teixeira,Poland,Drunk Elephant F-Balm Electrolyte Waterbalm 50ml,2020-02-05,2692.6,27
Diogo Oliveira,Brazil,COSRX AC Collection Lightweight Soothing Moisturizer 200ml,2020-12-04,19272.4,183
Beatriz Ferreira,United Kingdom,First Aid Beauty Ultra Repair Tinted Moisturizer SPF 30 125ml,2023-04-19,3349.44,60
Lucas Ribeiro,Chile,Drunk Elephant T.L.C. Framboos Glycolic Night Serum 100ml,2024-08-04,10938.66,336
Francisco Mendes,Canada,REN Clean Skincare Overnight Glow Dark Spot Sleeping Cream 20ml,2021-12-04,34970.19,377
Leonor Jesus,Indonesia,Pixi Skintreats Rose Caviar Eye Cream 40ml,2024-08-16,10089.49,231
Margarida Mendes,Germany,Estée Lauder Advanced Night Repair Serum 56.7g,2020-10-28,5231.99,147
Dinis Cardoso,Italy,The Ordinary Niacinamide 10% + Zinc 1% 125ml,2022-12-31,6967.71,85
Diogo Martins,Indonesia,Murad Retinol Youth Renewal Serum 340g,2022-10-24,604.42,59
Gonçalo Ferreira,Germany,Paula's Choice BOOST 10% Niacinamide Booster 30ml,2021-03-03,3835.76,127
Carolina Jesus,Poland,Bioderma Sebium Pore Refiner 100ml,2022-05-19,4485.42,112
Carolina Vieira,Mexico,Kiehl's Calendula Serum-Infused Water Cream 340g,2023-08-11,32676.51,344
Martim Silva,Mexico,Sunday Riley Ice Ceramide Moisturizing Cream 250ml,2024-11-08,677.58,49
Rodrigo Cruz,United States,Paula's Choice SKIN RECOVERY Replenishing Moisturizer 20ml,2021-05-27,573.38,11
Maria Correia,China,Avène Retrinal+ 0.1 Intensive Cream 200ml,2022-11-09,6457.78,94
Beatriz Ferreira,Indonesia,Skinceuticals Physical Fusion UV Defense SPF 50 60ml,2023-12-29,14381.1,119
Rafael Vieira,Canada,REN Clean Skincare V-Cense Revitalising Eye Cream 30ml,2023-12-14,1592.43,14
Rafael Mendes,Mexico,Skinceuticals Triple Lipid Restore 2:4:2 150ml,2024-09-11,272.49,35
Lucas Santos,Brazil,Tatcha The Eye Concentrate 250ml,2020-08-17,10661.94,252
Matilde Carvalho,Singapore,Tatcha The Indigo Overnight Repair Treatment 250ml,2023-09-16,24377.31,451
Ana Moreira,United States,First Aid Beauty Ultra Repair Cream 40ml,2024-10-29,6150.84,108
Diogo Rodrigues,Mexico,Tatcha The Rice Polish Foaming Enzyme Powder 30g,2020-09-11,38404.06,444
Tiago Carvalho,Mexico,Pixi Skintreats Rose Caviar Eye Cream 340g,2022-12-06,47457.08,453
Sara Almeida,Italy,Skinceuticals A.G.E. Eye Complex 250ml,2021-08-02,4850.95,143
Maria Correia,Argentina,Estée Lauder Re-Nutriv Ultimate Lift Age-Correcting Crème 250ml,2022-09-27,14572.06,407
Rafael Pereira,Thailand,CeraVe Renewing SA Cream 125ml,2024-11-24,6049.59,71
Maria Coelho,Sweden,REN Clean Skincare Ready Steady Glow Daily AHA Tonic 56.7g,2020-08-31,4507.61,57
Maria Correia,Philippines,Sunday Riley C.E.O. 15% Vitamin C Brightening Serum 340g,2023-10-30,2718.51,30
Lucas Ribeiro,Sweden,Avène Cleanance Expert Emulsion 200ml,2022-10-29,12669.91,119
Diogo Rodrigues,Philippines,The Ordinary Retinol 0.5% in Squalane 150ml,2020-08-23,24244.17,383
Margarida Mendes,Poland,COSRX AC Collection Lightweight Soothing Moisturizer 50ml,2023-12-07,1379.07,25
Rodrigo Pereira,Canada,CeraVe Moisturising Cream 125ml,2024-09-04,3044.3,101
Laura Mendes,Philippines,First Aid Beauty Ultra Repair Firming Collagen Cream 56.7g,2022-06-22,3964.22,42
Inês Nunes,United States,REN Clean Skincare Clean Screen Mineral SPF30 100ml,2021-01-21,10459.2,143
João Martins,Germany,COSRX Balancium B5 Biome Comfort Cream 50ml,2023-02-07,11896.58,105
Laura Ribeiro,France,Pixi Overnight Glow Serum 60ml,2022-01-09,568.32,19
Matilde Cruz,Canada,Drunk Elephant C-Firma Fresh Day Serum 30g,2020-11-15,7882.33,199
Leonor Coelho,Poland,Bioderma Sebium Pore Refiner 150ml,2024-10-06,22037.35,339
Maria Correia,South Korea,La Roche-Posay Toleriane Hydrating Gentle Cleanser 250ml,2020-01-25,12651.64,128
Diogo Ribeiro,Italy,First Aid Beauty Pure Skin Face Cleanser 340g,2024-06-29,5143.44,81
Diogo Costa,Thailand,Sunday Riley Good Genes All-In-One Lactic Acid Treatment 340g,2023-03-10,2195.01,93
Tomás Ribeiro,Germany,Neutrogena Norwegian Formula Face Cream 340g,2024-10-05,12099.09,404
Joana Santos,India,Avène Retrinal+ 0.1 Intensive Cream 250ml,2024-06-04,8758.38,117
Francisco Jesus,Singapore,Neutrogena Cellular Boost Concentrate Serum 15ml,2021-06-22,12853.58,129
Carolina Silva,Philippines,CeraVe Eye Repair Cream 100ml,2022-10-20,7633.96,137
Rafael Vieira,Argentina,Olay Eyes Ultimate Eye Cream 60ml,2020-03-31,2532.13,57
Afonso Pereira,Japan,Tatcha The Indigo Overnight Repair Treatment 340g,2023-09-28,7809.05,330
Francisco Almeida,India,Pixi Rose Ceramide Cream 56.7g,2023-10-18,4577.1,39
Joana Costa,Brazil,Estée Lauder Revitalizing Supreme+ Moisturizer 50ml,2022-06-11,9838.82,102
Guilherme Neves,China,Avène Retrinal+ 0.1 Intensive Cream 30g,2022-04-26,1609.76,39
Tiago Cardoso,United States,First Aid Beauty Hello FAB Coconut Skin Smoothie Priming Moisturizer 40ml,2020-11-20,4064.36,135
Tomás Correia,Brazil,REN Clean Skincare Radiance Perfection Serum 100ml,2020-07-06,189.11,50
Tomás Martins,Argentina,Paula's Choice CALM Redness Relief Moisturizer SPF 30 250ml,2024-03-30,1896.93,48
Dinis Ferreira,Colombia,COSRX AHA/BHA Clarifying Treatment Toner 30ml,2021-01-19,5843.58,262
Mariana Cruz,France,Avène Cicalfate+ Restorative Protective Cream 56.7g,2023-11-08,6234.67,213
Leonor Pinto,Spain,Murad Retinol Youth Renewal Serum 15ml,2020-11-29,6012.67,61
Rodrigo Jesus,Spain,Pixi Overnight Glow Serum 30g,2024-12-15,271.95,61
Tomás Martins,Indonesia,Estée Lauder Resilience Lift Firming & Sculpting Eye Cream 200ml,2020-11-12,462.61,82
Leonor Coelho,France,The Ordinary AHA 30% + BHA 2% Peeling Solution 30g,2022-01-31,972.36,173
Mariana Cruz,Spain,REN Clean Skincare Evercalm Global Protection Day Cream 100ml,2020-02-27,3795.34,110
Sofia Nunes,Colombia,Clinique Smart Night Custom-Repair Moisturiser 100ml,2020-12-07,50997.95,433
Rodrigo Jesus,South Korea,COSRX Balancium B5 Biome Comfort Cream 30g,2020-09-25,29929.34,339
Inês Cruz,Japan,REN Clean Skincare Vita Mineral Active 7 Eye Gel 50ml,2022-10-18,25371.69,284
Afonso Martins,Sweden,Skinceuticals A.G.E. Eye Complex 15ml,2024-03-07,3112.33,136
Rafael Pereira,Netherlands,La Roche-Posay Effaclar Mat Moisturiser 200ml,2023-08-22,16209.42,256
Dinis Carvalho,Spain,La Roche-Posay Effaclar Mat Moisturiser 250ml,2021-09-11,2943.64,59
Beatriz Marques,Thailand,Skinceuticals Physical Fusion UV Defense SPF 50 150ml,2022-04-19,7767.33,70
Ana Ferreira,Japan,Kiehl's Clearly Corrective Dark Spot Solution 100ml,2022-03-15,10581.83,97
Leonor Marques,India,Sunday Riley UFO Ultra-Clarifying Face Oil 30g,2023-03-04,5471.64,83
Miguel Marques,Colombia,Bioderma Hydrabio Gel-Crème 75ml,2024-08-03,10416.67,119
Lucas Ribeiro,Brazil,Avène Retrinal+ 0.1 Intensive Cream 60ml,2020-10-25,2140.22,113
Inês Cardoso,Singapore,Bioderma Sensibio H2O Micellar Water 75ml,2021-11-15,5934.98,93
Martim Cardoso,Canada,Murad Hydro-Dynamic Ultimate Moisture 250ml,2024-09-25,2696.2,26
Lucas Costa,Canada,Pixi Skintreats Rose Caviar Eye Cream 30ml,2024-09-10,6039.42,170
Joana Santos,Poland,CeraVe AM Facial Moisturising Lotion SPF25 56.7g,2022-05-29,14611.64,137
Tomás Rodrigues,Italy,Sunday Riley UFO Ultra-Clarifying Face Oil 340g,2020-08-26,6701.06,291
Afonso Rocha,United Kingdom,REN Clean Skincare V-Cense Revitalising Eye Cream 40ml,2023-05-24,5839.52,51
Dinis Cardoso,India,Drunk Elephant C-Firma Fresh Day Serum 50ml,2023-06-24,3534.72,50
Matilde Cruz,Colombia,La Roche-Posay Anthelios Invisible Fluid SPF50+ 30g,2022-04-13,528.82,119
Tomás Martins,Germany,Bioderma Cicabio Arnica+ Repairing Cream 125ml,2023-08-27,5986.34,324
Miguel Martins,South Korea,Clinique Repairwear Laser Focus Eye Cream 125ml,2021-08-02,6615.13,144
Rafael Pereira,United States,Skinceuticals C E Ferulic Serum 100ml,2023-02-25,356.9,18
Martim Teixeira,Brazil,Pixi Vitamin-C Juice Cleanser 200ml,2022-01-22,9833.95,97
Sara Almeida,South Korea,Estée Lauder Micro Essence Skin Activating Treatment Lotion 40ml,2023-11-21,10009.16,107
Laura Pereira,Mexico,COSRX Advanced Snail 92 All in One Cream 100ml,2020-06-13,2941.72,104
João Mendes,South Korea,Clinique Moisture Surge 100H Auto-Replenishing Hydrator 100ml,2022-10-06,18369.02,216
Rafael Pereira,Mexico,La Roche-Posay Retinol B3 Serum 75ml,2024-08-23,2629.85,58
Afonso Sousa,Sweden,The Ordinary AHA 30% + BHA 2% Peeling Solution 50ml,2023-09-12,440.21,30
Laura Carvalho,United States,Olay Retinol24 Night Moisturizer 125ml,2024-10-26,2386.8,88
Matilde Moreira,Poland,Skinceuticals Metacell Renewal B3 150ml,2024-02-20,3044.42,49
Inês Martins,Indonesia,Estée Lauder Nutritious Super-Pomegranate Radiant Energy Eye Jelly 100ml,2024-05-08,1085.28,42
Lucas Coelho,United Kingdom,Clinique Smart Night Custom-Repair Moisturiser 340g,2023-10-01,2741.84,129
Beatriz Marques,Chile,Olay Super Serum 5-in-1 250ml,2021-10-21,2483.58,42
João Martins,Colombia,Avène Antirougeurs Jour Redness Relief Cream 340g,2021-04-24,35612.63,343
Sara Cruz,Poland,Estée Lauder Resilience Lift Firming & Sculpting Eye Cream 20ml,2024-02-27,2199.47,116
Sofia Rodrigues,Japan,Estée Lauder Advanced Night Repair Serum 125ml,2024-09-12,826.34,66
Carolina Ferreira,South Korea,Estée Lauder Re-Nutriv Ultimate Lift Age-Correcting Crème 75ml,2024-03-16,539.18,62
Rafael Mendes,Brazil,First Aid Beauty Pure Skin Face Cleanser 125ml,2021-03-10,14465.88,131
Ana Teixeira,Japan,Avène Hydrance Rich Rehydrating Cream 15ml,2020-06-22,34119.89,340
Rodrigo Soares,Brazil,First Aid Beauty Pure Skin Face Cleanser 20ml,2022-11-18,9135.82,133
Joana Fernandes,Italy,CeraVe Hydrating Cleanser 40ml,2021-11-18,9251.87,116
Sara Fernandes,Sweden,La Roche-Posay Cicaplast Baume B5 30ml,2024-01-08,10674.18,97
Sofia Martins,Poland,Kiehl's Rare Earth Deep Pore Cleansing Masque 125ml,2023-04-15,6491.71,65
Rafael Vieira,Indonesia,CeraVe Hydrating Cleanser 30ml,2023-10-12,1256.44,70
Leonor Pinto,Canada,CeraVe Hydrating Cleanser 50ml,2024-04-11,10267.34,139
Joana Costa,Argentina,Skinceuticals Triple Lipid Restore 2:4:2 75ml,2022-07-27,3955.17,36
Leonor Jesus,United States,Paula's Choice EARTH SOURCED Antioxidant-Enriched Natural Moisturizer 250ml,2020-12-05,7877.78,117
Ana Ferreira,Mexico,Skinceuticals Discoloration Defense Serum 100ml,2024-12-15,2693.25,44
Laura Pereira,India,Drunk Elephant B-Hydra Intensive Hydration Serum 340g,2021-03-24,7434.17,84
Lucas Costa,United States,The Ordinary AHA 30% + BHA 2% Peeling Solution 15ml,2021-05-22,1123.43,20
Joana Santos,Mexico,Estée Lauder Re-Nutriv Ultimate Lift Age-Correcting Crème 30g,2023-05-28,6734.47,102
Margarida Mendes,Poland,Drunk Elephant Virgin Marula Luxury Face Oil 100ml,2022-10-19,1671.86,43
Laura Pereira,Indonesia,Kiehl's Clearly Corrective Dark Spot Solution 250ml,2023-11-20,12177.42,119
Afonso Rocha,Brazil,Tatcha The Essence Plump Skin Softener 150ml,2020-12-26,538.0,10
Tomás Martins,United States,Neutrogena Ultra Sheer Dry-Touch Sunscreen SPF 50+ 150ml,2021-11-15,7162.01,68
Sofia Gomes,Japan,Sunday Riley C.E.O. 15% Vitamin C Brightening Serum 60ml,2020-12-14,1518.62,81
Rafael Mendes,South Korea,Tatcha The Rice Polish Foaming Enzyme Powder 100ml,2022-03-31,7139.03,79
Tomás Rodrigues,Argentina,La Roche-Posay Lipikar Balm AP+ 15ml,2023-03-29,1400.17,85
Francisco Jesus,Germany,Paula's Choice CALM Redness Relief Moisturizer SPF 30 200ml,2022-01-13,3006.54,80
Laura Fernandes,Netherlands,The Ordinary Niacinamide 10% + Zinc 1% 150ml,2021-05-29,40579.03,350
Tiago Cardoso,United Kingdom,Avène Retrinal+ 0.1 Intensive Cream 200ml,2021-02-12,2277.99,22
Ana Teixeira,Germany,CeraVe AM Facial Moisturising Lotion SPF25 15ml,2020-01-20,14673.52,127
Rodrigo Pereira,Netherlands,REN Clean Skincare Overnight Glow Dark Spot Sleeping Cream 30g,2020-11-06,406.4,116
Diogo Ribeiro,United States,First Aid Beauty KP Bump Eraser Body Scrub 340g,2020-05-16,9799.21,110
Pedro Cruz,Netherlands,REN Clean Skincare Ready Steady Glow Daily AHA Tonic 200ml,2021-10-11,44548.93,417
Miguel Rocha,Chile,Skinceuticals A.G.E. Eye Complex 75ml,2024-04-23,4797.88,47
Martim Pinto,Spain,Murad Brightening Booster 75ml,2020-10-06,23075.22,214
Sara Ferreira,Argentina,The Ordinary Retinol 0.5% in Squalane 40ml,2024-11-18,2248.73,176
Dinis Monteiro,Chile,La Roche-Posay Lipikar Balm AP+ 125ml,2024-11-04,8961.75,120
Afonso Almeida,Japan,COSRX Oil-Free Ultra-Moisturizing Lotion 20ml,2023-06-24,2104.85,20
João Martins,Japan,Paula's Choice SKIN RECOVERY Replenishing Moisturizer 30g,2024-08-07,5963.19,77
Francisco Mendes,United States,The Ordinary AHA 30% + BHA 2% Peeling Solution 200ml,2023-12-23,1058.31,51
Margarida Cardoso,Canada,The Ordinary AHA 30% + BHA 2% Peeling Solution 20ml,2024-03-20,368.25,25
Maria Moreira,Netherlands,Skinceuticals Discoloration Defense Serum 40ml,2022-12-20,2159.03,57
Leonor Marques,Argentina,CeraVe Moisturising Cream 20ml,2024-09-13,1723.29,55
Maria Coelho,Canada,Avène XeraCalm A.D Lipid-Replenishing Cream 20ml,2022-04-26,741.22,20
Mariana Martins,Brazil,Tatcha The Rice Polish Foaming Enzyme Powder 15ml,2024-04-29,1349.9,99
Mariana Mendes,Japan,Estée Lauder Resilience Lift Firming & Sculpting Eye Cream 200ml,2021-08-06,94.14,16
Francisco Coelho,Netherlands,Drunk Elephant C-Firma Fresh Day Serum 30ml,2024-11-02,5444.78,196
Lucas Coelho,Poland,Murad Rapid Resurgence Eye Lift 30g,2022-03-24,6736.08,85
Afonso Pereira,United States,Sunday Riley Auto Correct Brightening and Depuffing Eye Contour Cream 30ml,2022-06-29,4142.64,63
Rafael Vieira,Germany,Avène XeraCalm A.D Lipid-Replenishing Cream 60ml,2021-11-08,13582.36,118
Maria Correia,Spain,Kiehl's Ultra Facial Cream 40ml,2021-11-20,8869.37,129
Martim Pinto,China,Murad Vita-C Glycolic Brightening Serum 340g,2024-02-29,6288.58,137
Mariana Teixeira,India,CeraVe PM Facial Moisturising Lotion 40ml,2022-11-14,73.24,10
Afonso Monteiro,Spain,Skinceuticals Metacell Renewal B3 100ml,2024-07-17,1043.13,21
Afonso Pereira,Philippines,Tatcha The Rice Polish Foaming Enzyme Powder 200ml,2022-01-20,8760.07,106
Margarida Pereira,Germany,CeraVe Eye Repair Cream 56.7g,2023-11-07,11144.88,143
Sofia Nunes,Canada,Clinique Smart Night Custom-Repair Moisturiser 150ml,2020-07-10,3615.68,75
Maria Coelho,Argentina,Paula's Choice SKIN RECOVERY Replenishing Moisturizer 30g,2022-06-05,3834.05,43
Sofia Nunes,Mexico,Tatcha The Water Cream 340g,2024-12-23,220.77,28
Sara Cruz,Indonesia,Clinique Even Better Clinical Radical Dark Spot Corrector 20ml,2023-03-31,5570.7,62
Lucas Santos,Philippines,La Roche-Posay Toleriane Double Repair Moisturiser 40ml,2024-09-28,8658.58,142
Sara Ferreira,Poland,CeraVe Healing Ointment 250ml,2024-06-23,330.37,24
Margarida Teixeira,South Korea,Avène Hydrance Rich Rehydrating Cream 75ml,2020-06-02,1954.11,75
Tomás Ribeiro,Sweden,Drunk Elephant T.L.C. Framboos Glycolic Night Serum 250ml,2021-03-12,8989.44,112
Carolina Coelho,Canada,CeraVe Healing Ointment 250ml,2020-07-13,8358.37,75
Afonso Oliveira,Brazil,Olay Regenerist Micro-Sculpting Cream 60ml,2023-12-15,15061.61,196
Rafael Gomes,Brazil,Skinceuticals A.G.E. Eye Complex 56.7g,2022-02-25,289.23,24
Afonso Monteiro,Japan,Pixi Glow Tonic 150ml,2022-08-24,8605.2,199
Lucas Rodrigues,Colombia,CeraVe Renewing SA Cream 56.7g,2020-05-09,12257.66,119
Catarina Correia,Thailand,CeraVe PM Facial Moisturising Lotion 250ml,2020-11-29,28246.39,284
Laura Fernandes,Argentina,Olay Vitamin C + Peptide 24 Face Moisturizer 40ml,2023-06-05,2762.47,42
Sara Ferreira,United States,COSRX Full Fit Propolis Light Cream 250ml,2021-05-30,571.68,21
Tiago Gomes,United Kingdom,COSRX AHA/BHA Clarifying Treatment Toner 150ml,2020-10-25,6045.42,97
Mariana Cruz,Netherlands,The Ordinary Natural Moisturising Factors + HA 15ml,2022-07-05,478.5,22
Diogo Rodrigues,Argentina,Sunday Riley Auto Correct Brightening and Depuffing Eye Contour Cream 250ml,2021-06-11,6324.9,133
Carolina Coelho,Singapore,Murad Hydro-Dynamic Ultimate Moisture 56.7g,2021-06-22,760.81,11
Lucas Coelho,Poland,Drunk Elephant Protini Polypeptide Cream 40ml,2023-10-28,5664.77,276
Leonor Marques,Mexico,Avène Hydrance Rich Rehydrating Cream 60ml,2024-10-12,9587.08,134
Afonso Jesus,Italy,COSRX Oil-Free Ultra-Moisturizing Lotion 56.7g,2020-06-12,757.12,29
Gonçalo Rodrigues,Philippines,First Aid Beauty FAB Skin Lab Resurfacing Liquid 10% AHA 150ml,2024-10-12,3446.69,35
Laura Costa,South Korea,Clinique Repairwear Laser Focus Eye Cream 75ml,2020-08-07,16252.03,137
Leonor Rodrigues,Philippines,Paula's Choice SKIN PERFECTING 2% BHA Liquid Exfoliant 50ml,2022-11-08,4356.44,61
Mariana Neves,Argentina,Drunk Elephant Virgin Marula Luxury Face Oil 340g,2020-12-10,10146.99,120
Tiago Carvalho,Japan,Tatcha The Indigo Overnight Repair Treatment 20ml,2020-09-30,21964.07,302
Sara Ferreira,Indonesia,Bioderma Pigmentbio C-Concentrate Brightening Serum 56.7g,2021-07-03,11215.36,125
Afonso Rocha,Japan,La Roche-Posay Hyalu B5 Serum 125ml,2023-03-03,5775.95,60
Tiago Carvalho,Sweden,The Ordinary Buffet Multi-Technology Peptide Serum 40ml,2024-02-25,5658.31,102
Tomás Almeida,Mexico,Skinceuticals Discoloration Defense Serum 56.7g,2020-03-13,2605.3,34
Miguel Rocha,France,Skinceuticals Physical Fusion UV Defense SPF 50 20ml,2024-01-23,12399.25,137
Francisco Almeida,Colombia,Bioderma Nodé Detox Shampoo 125ml,2022-04-27,4371.92,344
Catarina Correia,Italy,Skinceuticals C E Ferulic Serum 125ml,2024-04-17,14991.46,252
Gonçalo Ferreira,United States,Paula's Choice CLINICAL 1% Retinol Treatment 56.7g,2022-06-28,10076.26,155
Pedro Sousa,Spain,COSRX AC Collection Lightweight Soothing Moisturizer 30g,2020-03-13,8921.62,141
Diogo Ribeiro,Canada,Avène XeraCalm A.D Lipid-Replenishing Cream 250ml,2022-09-21,21475.02,199
Martim Rodrigues,Spain,Murad Brightening Booster 125ml,2024-06-08,14182.27,230
Tiago Jesus,Singapore,COSRX Oil-Free Ultra-Moisturizing Lotion 150ml,2024-08-16,9730.24,121
Carolina Ferreira,Argentina,REN Clean Skincare Vita Mineral Active 7 Eye Gel 200ml,2022-09-13,3300.36,203
Sara Almeida,Singapore,Pixi Rose Ceramide Cream 250ml,2022-07-05,5570.87,69
Laura Soares,France,Clinique Turnaround Overnight Revitalizing Moisturizer 75ml,2024-09-27,6109.23,84
Dinis Pereira,Argentina,CeraVe Hydrating Cleanser 200ml,2021-03-18,7392.2,140
Tiago Gomes,United States,Estée Lauder DayWear Multi-Protection Anti-Oxidant 24H Moisturizer SPF15 250ml,2021-09-04,12425.48,110
Ana Ferreira,Indonesia,La Roche-Posay Anthelios Invisible Fluid SPF50+ 60ml,2022-09-06,899.83,132
Inês Monteiro,Chile,Murad Brightening Booster 150ml,2021-02-21,6274.81,144
Tomás Neves,United Kingdom,REN Clean Skincare V-Cense Revitalising Eye Cream 15ml,2022-01-13,842.04,17
Catarina Correia,Spain,Pixi Rose Ceramide Cream 340g,2024-09-11,15372.23,269
Diogo Martins,Sweden,COSRX Ultimate Moisturizing Honey Overnight Mask 60ml,2024-12-07,5864.41,109
Mariana Martins,Poland,Clinique Smart Night Custom-Repair Moisturiser 15ml,2024-05-15,8287.38,123
Mariana Teixeira,United Kingdom,La Roche-Posay Effaclar Mat Moisturiser 40ml,2022-04-25,684.24,70
João Vieira,Argentina,Kiehl's Powerful-Strength Line-Reducing Concentrate 250ml,2020-10-10,25153.49,230
Gonçalo Coelho,Singapore,Murad Brightening Booster 56.7g,2022-07-24,7987.5,77
Martim Marques,Colombia,Pixi Skintreats Rose Caviar Eye Cream 250ml,2022-03-04,8829.78,109
Margarida Pereira,Poland,CeraVe Skin Renewing Night Cream 60ml,2023-05-08,9062.62,115
Gonçalo Rodrigues,Indonesia,Estée Lauder Advanced Night Repair Serum 75ml,2022-12-05,7043.75,58
Gonçalo Coelho,Singapore,Skinceuticals Physical Fusion UV Defense SPF 50 30g,2023-10-07,41968.51,481
Beatriz Jesus,Germany,The Ordinary Glycolic Acid 7% Toning Solution 30ml,2023-10-05,2467.62,39
Rafael Vieira,Chile,First Aid Beauty KP Bump Eraser Body Scrub 150ml,2024-01-11,1187.01,63
Sara Mendes,Argentina,Clinique Turnaround Overnight Revitalizing Moisturizer 250ml,2022-07-09,14276.11,124
Afonso Pereira,Singapore,Tatcha The Eye Concentrate 200ml,2021-03-12,180.67,47
Gonçalo Rodrigues,Singapore,Neutrogena Bright Boost Gel Cream 50ml,2021-07-28,4477.9,120
Francisco Vieira,Chile,CeraVe Hydrating Cleanser 15ml,2020-08-30,8838.63,240
Dinis Carvalho,Spain,COSRX AHA/BHA Clarifying Treatment Toner 150ml,2024-04-21,2542.84,75
Rodrigo Pereira,Poland,Clinique Even Better Clinical Radical Dark Spot Corrector 50ml,2020-02-08,357.93,76
Tomás Rodrigues,Canada,Olay Total Effects 7-in-1 Moisturiser 56.7g,2024-11-13,823.03,44
Carolina Silva,China,Olay Vitamin C + Peptide 24 Face Moisturizer 56.7g,2023-01-25,2554.06,32
Clara Cardoso,Singapore,Estée Lauder DayWear Multi-Protection Anti-Oxidant 24H Moisturizer SPF15 30g,2020-09-07,202.91,49
Gonçalo Ferreira,United States,Estée Lauder Perfectly Clean Multi-Action Foam Cleanser 56.7g,2021-09-19,1855.05,18
Gonçalo Almeida,Philippines,The Ordinary Niacinamide 10% + Zinc 1% 30ml,2024-02-21,5572.34,125
João Neves,Japan,Paula's Choice SKIN PERFECTING 2% BHA Liquid Exfoliant 125ml,2023-06-18,11053.32,178
Maria Correia,Brazil,Avène Hydrance Rich Rehydrating Cream 56.7g,2020-03-05,301.77,22
Sara Ferreira,Singapore,First Aid Beauty FAB Skin Lab Resurfacing Liquid 10% AHA 15ml,2021-12-10,5254.31,124
Rafael Gomes,Japan,Kiehl's Midnight Recovery Concentrate 250ml,2020-02-19,2983.5,145
Matilde Moreira,Singapore,Tatcha The Dewy Skin Cream 40ml,2020-04-15,1965.96,30
Sara Fernandes,Thailand,Murad Oil-Control Mattifier SPF45 15ml,2022-06-12,1331.24,85
Carolina Ferreira,China,REN Clean Skincare Radiance Perfection Serum 200ml,2022-07-03,2242.47,88
Matilde Teixeira,Indonesia,Bioderma Atoderm Intensive Baume 200ml,2021-01-04,474.07,18
Miguel Martins,China,Sunday Riley Tidal Brightening Enzyme Water Cream 30g,2024-03-29,4923.79,79
João Costa,India,Murad Hydro-Dynamic Ultimate Moisture 30ml,2023-10-05,2394.57,102
Inês Martins,Thailand,Kiehl's Calendula Serum-Infused Water Cream 15ml,2024-09-25,4131.23,117
Leonor Pinto,Singapore,Kiehl's Creamy Eye Treatment with Avocado 340g,2022-11-15,281.36,37
Francisco Coelho,Indonesia,Drunk Elephant B-Hydra Intensive Hydration Serum 20ml,2022-03-20,5159.86,127
Ana Ferreira,China,COSRX AHA/BHA Clarifying Treatment Toner 30g,2021-01-06,208.39,12
Tomás Almeida,Canada,CeraVe Moisturising Cream 20ml,2024-03-21,37874.13,339
Gonçalo Coelho,United States,Avène Cleanance Expert Emulsion 75ml,2021-11-14,1957.21,38
Leonor Pinto,Brazil,La Roche-Posay Toleriane Double Repair Moisturiser 125ml,2022-05-30,8760.28,96
Afonso Jesus,Thailand,The Ordinary Buffet Multi-Technology Peptide Serum 40ml,2022-01-15,15519.31,177
Francisco Almeida,China,Sunday Riley C.E.O. 15% Vitamin C Brightening Serum 40ml,2023-06-09,12724.9,138
Joana Santos,Indonesia,Avène Cleanance Expert Emulsion 40ml,2020-04-23,1550.2,77
Maria Coelho,China,Kiehl's Powerful-Strength Line-Reducing Concentrate 20ml,2020-09-06,2757.3,39
João Neves,Germany,Clinique Take The Day Off Cleansing Balm 200ml,2020-11-09,3665.96,46
Gonçalo Coelho,Italy,Drunk Elephant F-Balm Electrolyte Waterbalm 250ml,2020-01-05,1501.44,97
Matilde Carvalho,Canada,Bioderma Sensibio Light Soothing Cream 56.7g,2023-05-14,8750.1,122
Pedro Ferreira,Thailand,Olay Regenerist Collagen Peptide24 Serum 40ml,2024-08-20,4187.07,41
Joana Teixeira,Germany,Neutrogena Rapid Wrinkle Repair Retinol Cream 40ml,2021-03-05,8587.51,102
Laura Soares,Philippines,Avène PhysioLift Night Smoothing Balm 200ml,2020-07-27,1004.16,28
João Nunes,Singapore,Tatcha The Water Cream 60ml,2022-03-18,12610.34,139
Afonso Martins,Indonesia,Olay Eyes Ultimate Eye Cream 30g,2021-09-13,407.01,36
Inês Cruz,Indonesia,Paula's Choice CALM Redness Relief Moisturizer SPF 30 50ml,2020-07-27,1933.81,30
Rafael Neves,Canada,Drunk Elephant Virgin Marula Luxury Face Oil 20ml,2022-06-06,2188.67,30
Catarina Correia,Brazil,REN Clean Skincare Radiance Perfection Serum 150ml,2022-02-08,11642.85,146
Ana Ferreira,Poland,The Ordinary Glycolic Acid 7% Toning Solution 20ml,2024-08-25,9027.55,132
Sofia Carvalho,Japan,CeraVe Moisturising Cream 15ml,2021-01-27,3388.62,53
Afonso Almeida,Brazil,CeraVe Healing Ointment 60ml,2024-05-03,18402.93,253
Inês Cruz,France,The Ordinary Natural Moisturising Factors + HA 40ml,2021-08-11,10550.78,125
Sofia Carvalho,Poland,Clinique Repairwear Laser Focus Eye Cream 125ml,2021-03-27,9092.95,78
João Nunes,Brazil,Tatcha The Eye Concentrate 250ml,2021-06-10,2911.79,106
Ana Nunes,Argentina,Kiehl's Powerful-Strength Line-Reducing Concentrate 340g,2024-06-14,7130.18,65
Laura Pereira,Singapore,Clinique Smart Night Custom-Repair Moisturiser 340g,2021-02-10,2424.58,43
Tiago Almeida,Sweden,Tatcha The Dewy Skin Cream 150ml,2023-07-28,4387.93,89
Rafael Vieira,Philippines,COSRX Full Fit Propolis Light Cream 125ml,2021-12-29,5592.85,78
Miguel Martins,China,Sunday Riley Auto Correct Brightening and Depuffing Eye Contour Cream 250ml,2023-02-24,10489.57,116
Carolina Jesus,Italy,Tatcha The Rice Polish Foaming Enzyme Powder 40ml,2024-08-28,11478.21,214
Diogo Martins,Brazil,Olay Eyes Ultimate Eye Cream 125ml,2023-12-11,546.71,115
Martim Ferreira,Canada,Murad Vita-C Glycolic Brightening Serum 56.7g,2023-07-01,3380.73,68
Pedro Ferreira,Japan,Kiehl's Rare Earth Deep Pore Cleansing Masque 30g,2021-10-11,5491.18,49
Mariana Martins,Thailand,The Ordinary Hyaluronic Acid 2% + B5 56.7g,2024-10-06,2440.28,144
Afonso Martins,United States,Murad Cellular Hydration Barrier Repair Cream 100ml,2021-09-24,2531.72,50
Laura Soares,Thailand,Avène XeraCalm A.D Lipid-Replenishing Cream 200ml,2021-01-13,6427.44,122
Rodrigo Pereira,Indonesia,The Ordinary Glycolic Acid 7% Toning Solution 60ml,2020-03-27,4948.37,84
Rodrigo Moreira,United States,Pixi Overnight Glow Serum 20ml,2022-01-07,8297.86,71
Mariana Soares,Colombia,Clinique Dramatically Different Moisturising Lotion+ 340g,2021-08-20,445.68,15
Afonso Martins,China,La Roche-Posay Lipikar Balm AP+ 50ml,2024-12-17,6454.3,128
Margarida Silva,Netherlands,REN Clean Skincare Radiance Perfection Serum 30ml,2020-01-11,2007.05,40
Inês Ribeiro,Italy,Pixi Skintreats Rose Caviar Eye Cream 200ml,2023-02-11,3113.77,111
João Nunes,Singapore,Bioderma Sensibio Light Soothing Cream 50ml,2021-11-29,2396.32,24
Sara Almeida,Mexico,Sunday Riley Luna Sleeping Night Oil 30g,2024-03-29,10617.31,118
Rodrigo Teixeira,Argentina,CeraVe Hydrating Cleanser 40ml,2024-01-14,2080.3,150
Martim Cardoso,Japan,CeraVe Moisturising Cream 250ml,2022-05-18,2677.53,91
Francisco Fernandes,United States,Kiehl's Calendula Serum-Infused Water Cream 200ml,2023-07-13,1331.55,60
Joana Santos,Germany,CeraVe PM Facial Moisturising Lotion 75ml,2023-08-24,10455.61,119
Lucas Costa,Brazil,Kiehl's Midnight Recovery Concentrate 56.7g,2020-12-30,3128.76,104
Carolina Jesus,Argentina,Sunday Riley UFO Ultra-Clarifying Face Oil 100ml,2021-01-07,990.18,44
Dinis Pereira,Argentina,Bioderma Cicabio Arnica+ Repairing Cream 30g,2024-06-06,12460.79,148
Leonor Marques,India,Clinique Take The Day Off Cleansing Balm 30g,2024-12-30,4399.85,40
Francisco Fernandes,Thailand,Olay Retinol24 Night Moisturizer 250ml,2021-01-02,5459.46,72
Ana Vieira,Germany,Drunk Elephant F-Balm Electrolyte Waterbalm 30g,2020-09-19,4965.65,72
Maria Correia,Argentina,The Ordinary Glycolic Acid 7% Toning Solution 30ml,2023-07-13,5122.12,319
Leonor Marques,Japan,Clinique Even Better Clinical Radical Dark Spot Corrector 50ml,2024-06-22,2420.23,106
Mariana Soares,Netherlands,COSRX Balancium B5 Biome Comfort Cream 30ml,2022-01-01,22707.32,275
Rodrigo Soares,Singapore,CeraVe AM Facial Moisturising Lotion SPF25 20ml,2021-04-27,7591.48,95
Sofia Nunes,South Korea,Estée Lauder Re-Nutriv Ultimate Lift Age-Correcting Crème 200ml,2023-05-20,9590.6,170
Margarida Teixeira,Italy,Paula's Choice SKIN RECOVERY Replenishing Moisturizer 56.7g,2024-06-21,3564.55,67
Francisco Mendes,Chile,Pixi Overnight Glow Serum 15ml,2024-09-01,6127.94,84
Rodrigo Pereira,Brazil,Avène Hydrance Rich Rehydrating Cream 20ml,2024-12-23,9454.21,96
Sofia Nunes,South Korea,Skinceuticals Discoloration Defense Serum 60ml,2024-09-05,4553.06,98
Miguel Ferreira,United Kingdom,Bioderma Nodé Detox Shampoo 40ml,2023-06-17,9141.28,298
Dinis Carvalho,Canada,CeraVe PM Facial Moisturising Lotion 60ml,2024-08-09,12840.05,118
Inês Nunes,Spain,Tatcha The Water Cream 20ml,2022-12-27,7701.92,71
Sofia Mendes,Thailand,Clinique Even Better Clinical Radical Dark Spot Corrector 50ml,2023-12-26,4464.1,82
Gonçalo Coelho,Thailand,Avène Hydrance Rich Rehydrating Cream 15ml,2023-11-11,18394.88,323
Matilde Carvalho,Colombia,CeraVe AM Facial Moisturising Lotion SPF25 50ml,2022-10-12,916.72,15
Inês Cardoso,Argentina,Kiehl's Clearly Corrective Dark Spot Solution 20ml,2020-03-29,920.86,18
Rodrigo Coelho,France,First Aid Beauty Hello FAB Coconut Skin Smoothie Priming Moisturizer 150ml,2023-10-28,88.9,23
Leonor Coelho,South Korea,Neutrogena Bright Boost Gel Cream 20ml,2022-07-19,1187.22,41
Matilde Carvalho,United Kingdom,Sunday Riley UFO Ultra-Clarifying Face Oil 340g,2022-12-20,28833.25,301
Sara Cruz,Colombia,Paula's Choice CALM Redness Relief Moisturizer SPF 30 30g,2022-03-06,980.54,124
Matilde Teixeira,Germany,The Ordinary AHA 30% + BHA 2% Peeling Solution 200ml,2023-09-22,23327.99,209
Carolina Jesus,Philippines,COSRX Balancium B5 Biome Comfort Cream 40ml,2023-11-09,99.94,33
Tiago Jesus,South Korea,Neutrogena Hydro Boost Eye Gel-Cream 30ml,2020-12-08,12286.6,181
Pedro Sousa,Brazil,Clinique Moisture Surge 100H Auto-Replenishing Hydrator 125ml,2020-12-26,1101.11,23
Ana Nunes,Argentina,Drunk Elephant Lala Retro Whipped Cream 50ml,2024-09-20,1589.44,173
Martim Pinto,Chile,Estée Lauder Perfectly Clean Multi-Action Foam Cleanser 56.7g,2023-09-25,551.61,17
Ana Moreira,Poland,Estée Lauder Resilience Lift Firming & Sculpting Eye Cream 340g,2022-06-20,3034.57,77
Inês Cardoso,Spain,Estée Lauder DayWear Multi-Protection Anti-Oxidant 24H Moisturizer SPF15 15ml,2022-05-22,2666.87,80
Maria Fernandes,India,Avène Cicalfate+ Restorative Protective Cream 20ml,2024-07-15,9042.48,120
Laura Pereira,Brazil,Paula's Choice EARTH SOURCED Antioxidant-Enriched Natural Moisturizer 56.7g,2020-10-22,1722.91,138
Gonçalo Coelho,Singapore,La Roche-Posay Lipikar Balm AP+ 150ml,2024-10-06,2655.41,39
Carolina Pereira,Colombia,La Roche-Posay Lipikar Balm AP+ 125ml,2021-11-04,2925.06,82
Martim Rodrigues,China,Tatcha The Water Cream 200ml,2021-11-16,471.9,144
Gonçalo Almeida,Indonesia,Pixi Retinol Tonic 150ml,2022-05-06,3764.39,130
Laura Soares,Spain,Pixi Skintreats Rose Caviar Eye Cream 125ml,2021-12-24,4866.38,45
Gonçalo Ferreira,United States,Neutrogena Cellular Boost Concentrate Serum 56.7g,2020-12-01,4920.44,76
Inês Ribeiro,Chile,CeraVe Eye Repair Cream 200ml,2021-04-04,630.04,174
Tomás Neves,South Korea,First Aid Beauty KP Bump Eraser Body Scrub 100ml,2022-06-21,9262.84,168
Martim Teixeira,Japan,La Roche-Posay Toleriane Double Repair Moisturiser 100ml,2024-07-18,1961.73,97
Clara Ferreira,India,Paula's Choice SKIN RECOVERY Replenishing Moisturizer 40ml,2022-09-17,3899.62,39
Tomás Neves,Canada,Bioderma Sensibio Light Soothing Cream 250ml,2024-07-22,14119.19,260
Afonso Oliveira,South Korea,Kiehl's Clearly Corrective Dark Spot Solution 40ml,2021-09-26,11196.9,226
Joana Fernandes,Thailand,Paula's Choice CALM Redness Relief Moisturizer SPF 30 20ml,2022-11-10,2765.62,72
Sofia Mendes,Netherlands,Bioderma Cicabio Arnica+ Repairing Cream 60ml,2022-08-13,10284.39,137
Clara Cardoso,Japan,REN Clean Skincare Radiance Perfection Serum 50ml,2021-11-01,11426.7,123
Catarina Jesus,China,Tatcha The Indigo Overnight Repair Treatment 250ml,2020-12-01,6689.49,61
Diogo Ribeiro,Italy,La Roche-Posay Toleriane Hydrating Gentle Cleanser 30ml,2024-11-13,1669.3,38
Martim Pinto,Brazil,Paula's Choice EARTH SOURCED Antioxidant-Enriched Natural Moisturizer 15ml,2024-05-23,9069.6,196
Martim Cardoso,Italy,Estée Lauder Advanced Night Repair Serum 75ml,2022-11-16,2602.28,29
Inês Ferreira,Germany,Skinceuticals Phyto Corrective Gel 30ml,2020-03-24,31269.83,264
Dinis Pereira,United Kingdom,Pixi Vitamin-C Juice Cleanser 75ml,2022-10-06,4638.63,147
Ana Ferreira,Philippines,CeraVe Healing Ointment 30ml,2024-07-01,2228.8,26
Tomás Neves,Sweden,Olay Vitamin C + Peptide 24 Face Moisturizer 15ml,2023-08-31,620.71,66
Gonçalo Rodrigues,Mexico,Avène Antirougeurs Jour Redness Relief Cream 250ml,2021-06-18,17209.22,229
Rodrigo Jesus,Argentina,CeraVe Renewing SA Cream 75ml,2020-02-12,4892.28,256
João Nunes,United States,Sunday Riley Good Genes All-In-One Lactic Acid Treatment 20ml,2023-12-24,3875.73,148
Tomás Ribeiro,Chile,Murad Oil-Control Mattifier SPF45 56.7g,2024-09-24,7214.62,129
Catarina Neves,Chile,Estée Lauder DayWear Multi-Protection Anti-Oxidant 24H Moisturizer SPF15 20ml,2022-10-06,2636.67,98
Mariana Neves,Mexico,La Roche-Posay Anthelios Invisible Fluid SPF50+ 30g,2020-02-21,4302.47,104
João Martins,India,Tatcha The Indigo Overnight Repair Treatment 100ml,2020-05-21,5402.1,140
Inês Martins,Italy,Avène Eau Thermale Spray 50ml,2021-02-10,497.26,98
Tomás Correia,Japan,Clinique Dramatically Different Moisturising Lotion+ 40ml,2020-06-07,11159.71,150
Gonçalo Rodrigues,Poland,COSRX Ultimate Moisturizing Honey Overnight Mask 15ml,2021-08-24,10440.66,107
Afonso Neves,Indonesia,Olay Retinol24 Night Moisturizer 250ml,2024-01-24,7033.88,93
Beatriz Jesus,Sweden,The Ordinary AHA 30% + BHA 2% Peeling Solution 15ml,2024-08-20,3627.21,48
Francisco Mendes,Canada,Clinique Repairwear Laser Focus Eye Cream 20ml,2020-04-21,878.89,83
Maria Fernandes,Brazil,Skinceuticals Triple Lipid Restore 2:4:2 200ml,2022-02-26,5164.49,59
Afonso Rocha,United Kingdom,Pixi Hydrating Milky Serum 30g,2023-01-12,2516.67,30
Beatriz Ferreira,Germany,Estée Lauder DayWear Multi-Protection Anti-Oxidant 24H Moisturizer SPF15 100ml,2024-06-24,5085.87,102
Mariana Cruz,Italy,Neutrogena Cellular Boost Concentrate Serum 30g,2022-10-02,9689.33,146
Clara Gomes,France,Olay Regenerist Collagen Peptide24 Serum 20ml,2022-01-04,5543.45,111
Rodrigo Jesus,Singapore,Drunk Elephant T.L.C. Framboos Glycolic Night Serum 30g,2022-07-25,471.71,31
Catarina Correia,Japan,La Roche-Posay Hyalu B5 Serum 15ml,2022-07-03,299.01,19
Diogo Martins,Germany,Sunday Riley UFO Ultra-Clarifying Face Oil 56.7g,2020-12-09,2130.89,118
Laura Ribeiro,Spain,Avène Cleanance Expert Emulsion 150ml,2023-11-12,5589.83,126
Francisco Almeida,Japan,Pixi +C VIT Brightening Serum 56.7g,2020-04-29,8493.29,88
Gonçalo Rodrigues,Singapore,Clinique Take The Day Off Cleansing Balm 30ml,2024-07-18,3746.13,95
Inês Monteiro,Thailand,Kiehl's Ultra Facial Cream 15ml,2021-05-08,4509.49,129
Tiago Gomes,Singapore,First Aid Beauty Pure Skin Face Cleanser 200ml,2020-11-20,10186.27,132
Inês Cruz,Brazil,Avène Hydrance Rich Rehydrating Cream 30g,2023-03-17,12158.8,136
Diogo Monteiro,China,La Roche-Posay Toleriane Hydrating Gentle Cleanser 56.7g,2021-08-09,2048.49,51
Guilherme Neves,Philippines,Olay Regenerist Collagen Peptide24 Serum 150ml,2022-09-23,9381.89,99
Joana Santos,Italy,Paula's Choice BOOST 10% Niacinamide Booster 30ml,2021-04-02,2847.55,64
João Costa,Indonesia,Skinceuticals A.G.E. Eye Complex 60ml,2023-08-26,2294.0,50
Tiago Gomes,India,Kiehl's Calendula Serum-Infused Water Cream 125ml,2024-02-23,2328.46,49
Maria Correia,Indonesia,Estée Lauder Nutritious Super-Pomegranate Radiant Energy Eye Jelly 60ml,2021-06-14,11551.21,136
Francisco Almeida,Mexico,Sunday Riley Luna Sleeping Night Oil 20ml,2022-08-31,445.84,114
Catarina Neves,Chile,CeraVe AM Facial Moisturising Lotion SPF25 60ml,2020-07-30,8848.11,97
Ana Vieira,United Kingdom,Olay Regenerist Micro-Sculpting Cream 20ml,2021-08-13,1968.2,83
Matilde Cruz,Thailand,Olay Regenerist Collagen Peptide24 Serum 40ml,2022-03-02,13994.27,229
Francisco Almeida,Japan,Pixi Glow Tonic 100ml,2024-01-20,1253.63,113
Mariana Martins,Poland,CeraVe Eye Repair Cream 250ml,2022-07-19,3210.21,124
Leonor Coelho,Sweden,La Roche-Posay Hyalu B5 Serum 340g,2020-10-15,13818.22,137
Afonso Martins,Italy,La Roche-Posay Cicaplast Baume B5 60ml,2020-04-10,16878.07,317
Clara Cardoso,Chile,REN Clean Skincare V-Cense Revitalising Eye Cream 20ml,2022-05-07,8498.49,113
Rafael Martins,Spain,Bioderma Pigmentbio C-Concentrate Brightening Serum 56.7g,2024-07-21,13965.32,308
Tomás Rodrigues,China,La Roche-Posay Anthelios Invisible Fluid SPF50+ 75ml,2023-07-14,938.35,10
Gonçalo Coelho,Philippines,CeraVe PM Facial Moisturising Lotion 340g,2023-11-23,12170.58,117
Sara Fernandes,United Kingdom,Estée Lauder Revitalizing Supreme+ Moisturizer 15ml,2024-06-02,3336.38,72
Joana Fernandes,Colombia,Kiehl's Rare Earth Deep Pore Cleansing Masque 56.7g,2021-12-27,5300.46,120
Leonor Martins,United Kingdom,Kiehl's Ultra Facial Cream 250ml,2024-09-04,32360.63,319
Margarida Oliveira,Indonesia,Sunday Riley C.E.O. 15% Vitamin C Brightening Serum 100ml,2023-05-13,3332.22,64
Lucas Coelho,Japan,La Roche-Posay Retinol B3 Serum 250ml,2020-01-16,10939.48,118
Martim Ferreira,Brazil,Pixi Hydrating Milky Serum 56.7g,2024-11-25,19462.1,179
Beatriz Ferreira,Japan,Drunk Elephant A-Passioni Retinol Cream 30g,2020-03-07,4530.85,71
Maria Fernandes,Colombia,Drunk Elephant T.L.C. Framboos Glycolic Night Serum 100ml,2024-05-31,1951.39,70
Martim Marques,Canada,CeraVe AM Facial Moisturising Lotion SPF25 250ml,2024-12-01,1906.59,213
Miguel Rocha,Philippines,CeraVe AM Facial Moisturising Lotion SPF25 100ml,2020-11-29,730.84,32
Joana Teixeira,United Kingdom,Neutrogena Bright Boost Gel Cream 15ml,2023-03-20,4757.59,313
João Vieira,Thailand,Tatcha The Rice Polish Foaming Enzyme Powder 60ml,2024-05-09,11119.34,106
Afonso Rocha,Argentina,The Ordinary AHA 30% + BHA 2% Peeling Solution 15ml,2023-05-14,8139.61,105
Martim Ferreira,Germany,Murad Brightening Booster 100ml,2024-01-08,9119.47,136
Miguel Ferreira,Mexico,Kiehl's Super Multi-Corrective Anti-Aging Face & Neck Cream 50ml,2021-07-31,9449.99,105
Clara Cardoso,Chile,CeraVe PM Facial Moisturising Lotion 50ml,2022-04-28,10568.59,146
Carolina Ferreira,Spain,Drunk Elephant F-Balm Electrolyte Waterbalm 30ml,2024-05-13,12235.32,137
Afonso Almeida,Canada,Paula's Choice DEFENSE Antioxidant Pore Purifier 250ml,2021-10-20,2467.69,117
Inês Ferreira,Germany,Bioderma Pigmentbio C-Concentrate Brightening Serum 250ml,2021-05-18,2322.1,19
Pedro Pereira,Canada,Sunday Riley Auto Correct Brightening and Depuffing Eye Contour Cream 100ml,2024-08-26,14754.89,128
Rodrigo Pereira,Mexico,COSRX AHA/BHA Clarifying Treatment Toner 15ml,2024-11-17,6061.34,202
Rodrigo Jesus,Netherlands,The Ordinary Buffet Multi-Technology Peptide Serum 30ml,2022-02-26,1720.74,347
Pedro Cruz,Chile,Clinique Smart Night Custom-Repair Moisturiser 40ml,2020-08-10,14034.52,209
Laura Mendes,Brazil,Bioderma Sebium Pore Refiner 40ml,2021-04-03,2756.08,25
Martim Pinto,Argentina,Sunday Riley Saturn Sulfur Acne Treatment Mask 30g,2021-06-11,847.63,52
Laura Soares,Philippines,Pixi Retinol Tonic 125ml,2023-10-24,11548.11,127
Ana Teixeira,Chile,Tatcha The Silk Cream 340g,2021-02-23,664.99,15
Inês Ferreira,Mexico,Estée Lauder Nutritious Super-Pomegranate Radiant Energy Eye Jelly 340g,2023-11-20,7971.89,131
Tiago Gomes,South Korea,Skinceuticals A.G.E. Eye Complex 30g,2021-02-08,9901.67,123
Laura Carvalho,Poland,CeraVe Renewing SA Cream 15ml,2023-12-07,24431.59,292
Matilde Carvalho,Sweden,Tatcha The Clarifying Clay Mask 56.7g,2023-09-30,186.64,32
Tomás Martins,France,Estée Lauder DayWear Multi-Protection Anti-Oxidant 24H Moisturizer SPF15 56.7g,2024-03-17,1023.86,96
Sara Ferreira,Japan,Sunday Riley Luna Sleeping Night Oil 75ml,2024-06-26,829.33,107
Mariana Soares,Mexico,Olay Vitamin C + Peptide 24 Face Moisturizer 100ml,2023-07-19,3379.44,84
Martim Rodrigues,Colombia,Drunk Elephant T.L.C. Framboos Glycolic Night Serum 56.7g,2024-11-13,2287.67,34
Joana Teixeira,Singapore,La Roche-Posay Toleriane Hydrating Gentle Cleanser 125ml,2020-03-28,1775.02,94
Carolina Jesus,Poland,Skinceuticals C E Ferulic Serum 60ml,2022-11-03,17122.31,213
Carolina Pereira,Italy,Bioderma Cicabio Arnica+ Repairing Cream 40ml,2024-08-15,13837.64,216
Tomás Ribeiro,Italy,La Roche-Posay Toleriane Double Repair Moisturiser 56.7g,2023-05-27,30027.11,353
Afonso Rocha,Thailand,Clinique Repairwear Laser Focus Eye Cream 30g,2024-03-09,2303.14,208
Francisco Jesus,Sweden,REN Clean Skincare Vita Mineral Active 7 Eye Gel 340g,2023-12-01,748.1,67
Inês Cardoso,South Korea,COSRX Ultimate Moisturizing Honey Overnight Mask 40ml,2023-04-01,11642.47,243
Carolina Marques,Colombia,CeraVe Hydrating Cleanser 50ml,2023-01-19,9734.99,127
Clara Monteiro,Canada,Murad Rapid Resurgence Eye Lift 150ml,2022-05-22,446.13,105
Tiago Jesus,United Kingdom,Drunk Elephant Lala Retro Whipped Cream 30ml,2021-09-25,8857.75,250
Inês Monteiro,Colombia,Skinceuticals Discoloration Defense Serum 15ml,2020-01-02,12332.57,126
Francisco Jesus,United States,Sunday Riley Good Genes All-In-One Lactic Acid Treatment 40ml,2020-10-05,7256.96,121
Ana Monteiro,India,Tatcha The Essence Plump Skin Softener 75ml,2023-09-16,3357.64,45
Afonso Pereira,Netherlands,Tatcha The Essence Plump Skin Softener 15ml,2021-12-26,8474.17,124
João Costa,Mexico,Tatcha The Rice Polish Foaming Enzyme Powder 50ml,2023-04-20,8673.04,350
Rodrigo Pereira,Canada,Estée Lauder Perfectly Clean Multi-Action Foam Cleanser 125ml,2021-06-21,15454.63,233
Rodrigo Pinto,United States,Paula's Choice SKIN PERFECTING 2% BHA Liquid Exfoliant 20ml,2023-11-11,12585.52,107
Pedro Ferreira,Chile,Tatcha The Water Cream 40ml,2022-03-15,3339.92,30
Francisco Almeida,Mexico,Clinique Turnaround Overnight Revitalizing Moisturizer 75ml,2021-03-05,2386.49,57
Mariana Soares,Philippines,Murad Oil-Control Mattifier SPF45 125ml,2024-09-17,4886.21,53
Inês Ferreira,United States,Pixi Overnight Glow Serum 15ml,2024-11-22,2789.75,68
Rafael Pereira,Colombia,Tatcha The Rice Polish Foaming Enzyme Powder 150ml,2023-11-29,17880.66,250
Carolina Marques,Japan,Kiehl's Midnight Recovery Concentrate 250ml,2024-12-26,6022.0,135
Inês Cardoso,Brazil,First Aid Beauty Hello FAB Coconut Skin Smoothie Priming Moisturizer 200ml,2023-04-11,22323.63,367
Dinis Pereira,Philippines,Sunday Riley Ice Ceramide Moisturizing Cream 150ml,2020-06-04,28751.8,502
Tiago Gomes,Netherlands,REN Clean Skincare Clean Screen Mineral SPF30 150ml,2022-01-21,936.76,114
Ana Monteiro,Netherlands,First Aid Beauty Eye Duty Triple Remedy AM Gel Cream 340g,2020-11-02,13150.16,149
Inês Nunes,Colombia,Drunk Elephant T.L.C. Framboos Glycolic Night Serum 56.7g,2021-02-12,1789.85,63
Ana Nunes,Canada,Paula's Choice RESIST Anti-Aging Clear Skin Hydrator 30g,2021-04-21,1273.02,75
Afonso Almeida,Singapore,First Aid Beauty Hello FAB Coconut Skin Smoothie Priming Moisturizer 150ml,2023-12-13,610.82,49
Carolina Ferreira,China,La Roche-Posay Toleriane Double Repair Moisturiser 15ml,2024-11-20,9069.66,176
Inês Ferreira,India,The Ordinary Niacinamide 10% + Zinc 1% 40ml,2020-04-19,45173.24,422
Carolina Ferreira,United Kingdom,Murad Hydro-Dynamic Ultimate Moisture 30g,2022-08-12,8726.95,150
Rodrigo Jesus,Canada,Sunday Riley Tidal Brightening Enzyme Water Cream 15ml,2021-06-20,303.29,14
Sofia Gomes,China,First Aid Beauty Eye Duty Triple Remedy AM Gel Cream 30g,2020-01-05,31351.66,289
Matilde Moreira,Colombia,La Roche-Posay Toleriane Double Repair Moisturiser 30ml,2020-10-10,13846.07,159
Joana Santos,India,CeraVe Hydrating Cleanser 40ml,2020-12-01,29.01,10
Afonso Martins,India,COSRX Advanced Snail 92 All in One Cream 60ml,2020-02-09,5035.98,99
Maria Moreira,Canada,First Aid Beauty Ultra Repair Cream 30ml,2022-11-25,354.08,32
Carolina Pereira,Canada,Avène Hydrance Rich Rehydrating Cream 100ml,2023-08-23,2366.7,22
Afonso Jesus,Chile,Paula's Choice RESIST Anti-Aging Clear Skin Hydrator 20ml,2024-10-28,4603.32,199
Matilde Moreira,Netherlands,Estée Lauder Nutritious Super-Pomegranate Radiant Energy Eye Jelly 60ml,2020-11-05,30604.28,362
Martim Ferreira,United Kingdom,Estée Lauder Micro Essence Skin Activating Treatment Lotion 60ml,2024-11-27,6338.22,143
Carolina Silva,Italy,COSRX Ultimate Moisturizing Honey Overnight Mask 250ml,2020-10-02,2964.78,90
Ana Moreira,Netherlands,La Roche-Posay Lipikar Balm AP+ 15ml,2022-07-14,2326.61,63
João Nunes,India,Paula's Choice EARTH SOURCED Antioxidant-Enriched Natural Moisturizer 60ml,2024-05-02,1787.59,138
Afonso Jesus,Chile,Pixi Retinol Tonic 40ml,2022-02-01,9435.92,113
Francisco Almeida,Canada,The Ordinary Glycolic Acid 7% Toning Solution 50ml,2020-11-06,5497.59,348
Carolina Jesus,Canada,Pixi Rose Ceramide Cream 200ml,2021-02-13,1367.96,166
Mariana Cruz,South Korea,Clinique Even Better Clinical Radical Dark Spot Corrector 40ml,2020-03-16,9923.22,332
Carolina Jesus,Singapore,Estée Lauder Micro Essence Skin Activating Treatment Lotion 340g,2021-01-08,1044.28,21
Leonor Pinto,Indonesia,CeraVe Healing Ointment 250ml,2020-03-13,3213.63,125
Inês Monteiro,South Korea,Pixi Retinol Tonic 60ml,2021-03-31,2816.3,311
João Cardoso,Singapore,COSRX Oil-Free Ultra-Moisturizing Lotion 250ml,2024-06-03,39708.98,343
Laura Pereira,Mexico,Murad AHA/BHA Exfoliating Cleanser 250ml,2023-07-05,4431.14,122
Diogo Martins,Chile,Estée Lauder Nutritious Super-Pomegranate Radiant Energy Eye Jelly 40ml,2021-06-02,1836.82,142
Sofia Carvalho,Japan,Murad Retinol Youth Renewal Serum 40ml,2024-05-11,2837.84,130
Ana Vieira,Canada,CeraVe Skin Renewing Night Cream 50ml,2022-03-02,4884.99,253
Lucas Rodrigues,Canada,Drunk Elephant T.L.C. Framboos Glycolic Night Serum 56.7g,2023-10-25,7373.47,138
Rodrigo Jesus,Germany,Murad Rapid Resurgence Eye Lift 60ml,2023-04-17,32399.63,312
Matilde Cruz,France,Skinceuticals Phyto Corrective Gel 30g,2022-10-03,4337.31,104
Clara Mendes,South Korea,La Roche-Posay Lipikar Balm AP+ 200ml,2021-05-13,9273.05,144
Afonso Neves,Spain,Paula's Choice BOOST 10% Niacinamide Booster 50ml,2021-09-19,5006.63,61
Martim Teixeira,Indonesia,Tatcha The Dewy Skin Cream 200ml,2023-02-19,1001.49,20
Mariana Martins,Netherlands,Clinique Smart Night Custom-Repair Moisturiser 40ml,2021-12-09,3882.63,85
Rodrigo Pereira,Japan,REN Clean Skincare Clean Screen Mineral SPF30 15ml,2022-01-05,5780.64,54
Beatriz Ferreira,Indonesia,Murad Oil-Control Mattifier SPF45 30ml,2024-03-26,11333.18,129
Miguel Martins,Netherlands,Pixi Retinol Tonic 56.7g,2024-07-06,13298.06,359
Leonor Rodrigues,France,Clinique Dramatically Different Moisturising Lotion+ 50ml,2023-11-08,9751.18,118
Matilde Cruz,Singapore,Skinceuticals Triple Lipid Restore 2:4:2 100ml,2021-08-06,5010.46,65
Mariana Soares,Thailand,Neutrogena Hydro Boost Water Gel 20ml,2021-03-06,17405.56,172
Francisco Mendes,Argentina,Skinceuticals A.G.E. Eye Complex 30g,2021-04-02,5910.09,201
Afonso Jesus,China,First Aid Beauty FAB Skin Lab Resurfacing Liquid 10% AHA 200ml,2023-09-12,744.47,47
Margarida Teixeira,United States,First Aid Beauty Eye Duty Triple Remedy AM Gel Cream 30ml,2024-03-03,9816.66,344
Mariana Neves,Argentina,Estée Lauder Resilience Lift Firming & Sculpting Eye Cream 340g,2024-09-23,4714.26,65
Catarina Monteiro,Indonesia,Tatcha The Indigo Overnight Repair Treatment 150ml,2023-03-18,543.14,79
Rafael Mendes,India,Paula's Choice EARTH SOURCED Antioxidant-Enriched Natural Moisturizer 340g,2023-02-01,9755.55,275
Francisco Mendes,Poland,Pixi Rose Ceramide Cream 50ml,2023-07-29,48130.97,425
Diogo Rodrigues,China,Pixi Rose Ceramide Cream 50ml,2022-02-23,4647.02,69
Laura Carvalho,Sweden,Murad Retinol Youth Renewal Serum 50ml,2021-09-16,522.53,148
Ana Ferreira,Germany,Avène Antirougeurs Jour Redness Relief Cream 50ml,2020-11-27,796.27,78
Dinis Ferreira,Singapore,Bioderma Pigmentbio C-Concentrate Brightening Serum 30ml,2023-07-14,6385.28,83
Matilde Moreira,Spain,Clinique Smart Night Custom-Repair Moisturiser 30ml,2021-06-01,3301.5,103
João Vieira,United States,Estée Lauder Resilience Lift Firming & Sculpting Eye Cream 100ml,2024-08-12,7645.74,80
Lucas Costa,Argentina,Paula's Choice EARTH SOURCED Antioxidant-Enriched Natural Moisturizer 340g,2024-05-24,7086.67,365
Mariana Cruz,Spain,Olay Super Serum 5-in-1 56.7g,2021-08-19,607.61,123
João Martins,Brazil,Kiehl's Creamy Eye Treatment with Avocado 50ml,2022-12-22,522.55,48
Tomás Neves,United Kingdom,Clinique Even Better Clinical Radical Dark Spot Corrector 50ml,2021-09-06,2074.35,60
Joana Santos,Singapore,Avène Cleanance Expert Emulsion 56.7g,2021-03-05,4360.0,119
Diogo Rodrigues,France,Drunk Elephant C-Firma Fresh Day Serum 200ml,2022-07-06,2834.96,69
Afonso Sousa,India,REN Clean Skincare Evercalm Global Protection Day Cream 100ml,2024-07-08,7950.52,88
Margarida Cardoso,United Kingdom,Skinceuticals Discoloration Defense Serum 40ml,2020-08-10,1814.12,20
Leonor Pinto,Brazil,Estée Lauder Re-Nutriv Ultimate Lift Age-Correcting Crème 50ml,2020-06-14,2784.96,45
Afonso Martins,United Kingdom,Bioderma Sensibio Light Soothing Cream 56.7g,2021-01-05,4516.43,121
Gonçalo Almeida,Thailand,Skinceuticals Triple Lipid Restore 2:4:2 250ml,2023-12-21,1922.68,19
Mariana Soares,Indonesia,La Roche-Posay Toleriane Hydrating Gentle Cleanser 30g,2020-07-19,1862.21,34
Afonso Rocha,Spain,Kiehl's Clearly Corrective Dark Spot Solution 20ml,2024-03-08,8227.46,127
Martim Ferreira,China,Olay Super Serum 5-in-1 125ml,2020-08-10,2676.15,31
Pedro Cruz,Philippines,Estée Lauder Advanced Night Repair Serum 40ml,2020-10-11,7543.27,71
João Costa,United States,Neutrogena Hydro Boost Eye Gel-Cream 30ml,2020-07-23,10919.47,119
Margarida Oliveira,Brazil,Skinceuticals B5 Gel Hydrating Serum 56.7g,2024-03-17,4723.99,108
Inês Martins,Philippines,La Roche-Posay Retinol B3 Serum 250ml,2021-11-13,498.11,62
Mariana Martins,Mexico,Murad Oil-Control Mattifier SPF45 56.7g,2020-01-20,448.67,110
Clara Ferreira,Chile,Sunday Riley Good Genes All-In-One Lactic Acid Treatment 150ml,2023-06-26,7070.38,78
Carolina Vieira,Japan,Estée Lauder Revitalizing Supreme+ Moisturizer 75ml,2023-09-14,4558.65,143
Tiago Gomes,South Korea,Drunk Elephant A-Passioni Retinol Cream 30g,2022-09-29,2345.26,148
Dinis Monteiro,Spain,Estée Lauder Micro Essence Skin Activating Treatment Lotion 30g,2024-07-10,1347.1,25
Mariana Martins,Brazil,Kiehl's Rare Earth Deep Pore Cleansing Masque 250ml,2022-09-26,237.59,20
Pedro Pereira,Thailand,Clinique Repairwear Laser Focus Eye Cream 150ml,2020-01-31,6222.48,280
Dinis Monteiro,Colombia,Olay Total Effects 7-in-1 Moisturiser 200ml,2022-06-18,11474.25,442
Diogo Costa,Mexico,First Aid Beauty Ultra Repair Firming Collagen Cream 50ml,2020-08-26,763.21,30
Gonçalo Almeida,Argentina,Sunday Riley Ice Ceramide Moisturizing Cream 75ml,2020-10-01,9143.84,131
Rafael Martins,Netherlands,REN Clean Skincare Perfect Canvas Clean Primer 60ml,2020-07-25,1152.81,95
Guilherme Costa,Indonesia,Olay Regenerist Collagen Peptide24 Serum 60ml,2022-01-13,4965.55,50
Sara Cruz,Germany,Pixi Glow Tonic 340g,2020-07-23,9715.33,106
Rodrigo Cruz,Canada,Sunday Riley UFO Ultra-Clarifying Face Oil 20ml,2020-01-25,14964.53,141
João Neves,Brazil,Kiehl's Calendula Serum-Infused Water Cream 125ml,2023-12-26,4621.7,102
Catarina Martins,Philippines,Avène Cleanance Expert Emulsion 15ml,2020-01-08,17849.38,281
Martim Ferreira,India,Clinique Moisture Surge 100H Auto-Replenishing Hydrator 150ml,2023-08-26,10299.03,332
Pedro Pereira,Germany,Pixi Skintreats Rose Caviar Eye Cream 50ml,2023-03-12,17226.76,382
Leonor Pinto,Germany,First Aid Beauty Ultra Repair Cream 340g,2022-11-10,2641.55,150
Mariana Soares,Netherlands,Avène PhysioLift Night Smoothing Balm 56.7g,2023-03-24,11975.54,105
Rafael Gomes,Colombia,Tatcha The Dewy Skin Cream 250ml,2024-09-25,13230.16,140
Rodrigo Moreira,Thailand,Olay Super Serum 5-in-1 60ml,2020-04-02,12669.42,164
Tiago Carvalho,Germany,First Aid Beauty KP Bump Eraser Body Scrub 40ml,2020-10-26,6734.61,76
Ana Teixeira,Netherlands,Kiehl's Clearly Corrective Dark Spot Solution 40ml,2022-07-23,25172.52,380
Pedro Santos,Spain,The Ordinary Niacinamide 10% + Zinc 1% 60ml,2023-02-14,2513.51,112
Catarina Neves,Poland,Avène Cicalfate+ Restorative Protective Cream 20ml,2020-12-20,6317.48,80
Francisco Vieira,United Kingdom,Neutrogena Norwegian Formula Face Cream 75ml,2022-12-01,537.36,14
Tiago Carvalho,Thailand,Bioderma Cicabio Arnica+ Repairing Cream 56.7g,2023-04-09,7775.37,67
Gonçalo Fernandes,Argentina,Paula's Choice DEFENSE Antioxidant Pore Purifier 60ml,2020-05-08,6853.1,65
Afonso Oliveira,Mexico,Skinceuticals Physical Fusion UV Defense SPF 50 40ml,2020-09-01,1367.85,72
Afonso Monteiro,Argentina,Kiehl's Ultra Facial Cream 200ml,2022-05-25,44611.76,517
Sofia Jesus,Canada,The Ordinary Natural Moisturising Factors + HA 56.7g,2022-06-11,4480.9,99
Tiago Jesus,China,The Ordinary Hyaluronic Acid 2% + B5 56.7g,2024-06-17,579.18,13
Leonor Martins,Canada,Pixi Rose Ceramide Cream 340g,2020-09-28,5003.06,142
Miguel Marques,India,Estée Lauder DayWear Multi-Protection Anti-Oxidant 24H Moisturizer SPF15 30g,2021-12-28,3964.85,144
Sofia Mendes,Brazil,Skinceuticals Metacell Renewal B3 125ml,2021-08-13,14771.05,184
João Vieira,Japan,Paula's Choice SKIN RECOVERY Replenishing Moisturizer 40ml,2021-12-22,1392.02,38
Margarida Oliveira,Japan,Murad Hydro-Dynamic Ultimate Moisture 100ml,2024-03-15,4080.74,53
Rodrigo Moreira,Mexico,The Ordinary Glycolic Acid 7% Toning Solution 50ml,2021-11-25,4911.07,353
Afonso Rocha,Poland,La Roche-Posay Toleriane Hydrating Gentle Cleanser 15ml,2022-03-01,3149.21,94
Rodrigo Teixeira,France,COSRX Ultimate Moisturizing Honey Overnight Mask 56.7g,2024-05-28,14617.11,486
Joana Costa,China,Estée Lauder DayWear Multi-Protection Anti-Oxidant 24H Moisturizer SPF15 56.7g,2021-08-11,11042.9,147
Rafael Martins,Italy,Sunday Riley Tidal Brightening Enzyme Water Cream 15ml,2023-07-08,10957.82,187
Sofia Rodrigues,Canada,CeraVe PM Facial Moisturising Lotion 20ml,2024-07-31,238.97,31
João Martins,Japan,Avène Eau Thermale Spray 40ml,2022-02-08,2018.04,87
Margarida Mendes,United Kingdom,Murad Retinol Youth Renewal Serum 60ml,2024-04-22,5490.45,58
Sofia Nunes,Philippines,Murad AHA/BHA Exfoliating Cleanser 30g,2021-11-13,2702.8,122
Dinis Monteiro,Poland,La Roche-Posay Effaclar Mat Moisturiser 150ml,2023-01-29,2312.83,46
Joana Fernandes,Indonesia,First Aid Beauty Ultra Repair Cream 30g,2023-08-30,5403.48,124
Sara Almeida,India,COSRX Advanced Snail 92 All in One Cream 20ml,2023-04-09,16189.21,171
Margarida Pereira,Singapore,Sunday Riley Good Genes All-In-One Lactic Acid Treatment 340g,2020-04-03,1674.83,105
Martim Silva,Singapore,Estée Lauder Revitalizing Supreme+ Moisturizer 60ml,2022-06-24,26822.78,455
Gonçalo Ferreira,Spain,Sunday Riley UFO Ultra-Clarifying Face Oil 150ml,2020-02-09,4993.33,77
Clara Cardoso,Indonesia,CeraVe Skin Renewing Night Cream 30g,2023-12-24,958.89,128
Pedro Pereira,Spain,The Ordinary Natural Moisturising Factors + HA 250ml,2022-10-21,2039.9,54
Francisco Almeida,Argentina,REN Clean Skincare Overnight Glow Dark Spot Sleeping Cream 20ml,2021-05-26,4001.86,94
Ana Moreira,Singapore,Bioderma Hydrabio Gel-Crème 20ml,2022-06-04,6826.26,76
Laura Carvalho,Argentina,Sunday Riley Tidal Brightening Enzyme Water Cream 100ml,2024-06-09,1479.16,68
Lucas Costa,Sweden,Pixi Hydrating Milky Serum 150ml,2021-10-28,6143.53,147
Sara Almeida,Singapore,The Ordinary Glycolic Acid 7% Toning Solution 30g,2021-08-28,14800.68,217
Afonso Monteiro,Sweden,Murad Cellular Hydration Barrier Repair Cream 100ml,2024-11-24,44977.82,393
João Martins,France,Murad Hydro-Dynamic Ultimate Moisture 340g,2022-01-15,26735.61,325
Diogo Oliveira,China,CeraVe Healing Ointment 340g,2020-03-08,2594.83,80
Laura Pereira,Colombia,Drunk Elephant Protini Polypeptide Cream 30ml,2020-07-10,1566.69,15
Ana Ferreira,Colombia,COSRX AHA/BHA Clarifying Treatment Toner 30ml,2022-06-06,650.74,18
Afonso Vieira,Colombia,Clinique Dramatically Different Moisturising Lotion+ 56.7g,2022-01-31,2899.83,118
Rodrigo Teixeira,China,Olay Regenerist Micro-Sculpting Cream 56.7g,2024-12-13,8851.47,124
Dinis Cardoso,Netherlands,Bioderma Atoderm Intensive Baume 50ml,2022-10-01,3547.5,43
Leonor Pinto,Singapore,The Ordinary Natural Moisturising Factors + HA 340g,2021-11-12,1538.54,16
Rodrigo Pinto,Poland,Paula's Choice CLINICAL 1% Retinol Treatment 100ml,2024-09-22,12392.33,261
Catarina Martins,Chile,The Ordinary Glycolic Acid 7% Toning Solution 30ml,2024-06-14,512.55,75
Tiago Gomes,Colombia,La Roche-Posay Retinol B3 Serum 125ml,2024-04-14,38856.44,348
Sara Ferreira,Spain,REN Clean Skincare Radiance Perfection Serum 200ml,2021-09-15,5617.72,56
Diogo Rodrigues,Argentina,First Aid Beauty Ultra Repair Tinted Moisturizer SPF 30 250ml,2023-06-06,1629.47,59
Rodrigo Cruz,India,Clinique Turnaround Overnight Revitalizing Moisturizer 250ml,2024-01-25,15673.19,439
Tomás Almeida,Poland,Bioderma Sensibio H2O Micellar Water 125ml,2023-07-12,1701.81,15
Martim Pinto,Poland,Bioderma Cicabio Arnica+ Repairing Cream 30g,2023-09-05,28697.05,306
João Nunes,Thailand,First Aid Beauty Ultra Repair Firming Collagen Cream 56.7g,2024-04-08,2400.44,68
Clara Ferreira,Netherlands,Neutrogena Norwegian Formula Face Cream 30g,2023-06-17,11054.26,117
Carolina Jesus,Japan,Sunday Riley C.E.O. 15% Vitamin C Brightening Serum 250ml,2023-12-08,1853.15,57
Afonso Martins,Singapore,La Roche-Posay Retinol B3 Serum 250ml,2024-08-16,1723.65,46
Mariana Cruz,Japan,La Roche-Posay Retinol B3 Serum 15ml,2021-08-22,1462.35,146
Afonso Sousa,Netherlands,Olay Eyes Ultimate Eye Cream 40ml,2023-10-14,3319.2,158
Miguel Marques,Canada,Kiehl's Ultra Facial Cream 60ml,2024-05-29,1600.09,21
Catarina Correia,South Korea,Tatcha The Clarifying Clay Mask 340g,2023-12-15,17275.93,291
Rodrigo Pereira,Poland,Murad Brightening Booster 30g,2020-08-10,5913.74,147
Francisco Almeida,Chile,Bioderma Sensibio H2O Micellar Water 200ml,2024-03-21,14225.71,143
Beatriz Jesus,Italy,Murad Oil-Control Mattifier SPF45 20ml,2021-01-18,7200.0,154
Rafael Pereira,Netherlands,The Ordinary Salicylic Acid 2% Solution 60ml,2020-12-08,11756.6,360
Rafael Pereira,Germany,COSRX Ultimate Moisturizing Honey Overnight Mask 56.7g,2023-11-26,29663.15,353
Maria Fernandes,Indonesia,Kiehl's Calendula Serum-Infused Water Cream 100ml,2021-10-08,22809.63,206
Afonso Monteiro,Germany,Drunk Elephant F-Balm Electrolyte Waterbalm 56.7g,2022-06-20,2726.84,33
Tomás Martins,Thailand,Skinceuticals Triple Lipid Restore 2:4:2 75ml,2023-05-08,14587.2,345
João Costa,India,Pixi Retinol Tonic 60ml,2024-06-22,4283.01,222
Ana Ferreira,Brazil,Murad Hydro-Dynamic Ultimate Moisture 125ml,2024-09-04,4058.64,50
Mariana Neves,Colombia,Estée Lauder Perfectly Clean Multi-Action Foam Cleanser 125ml,2022-09-02,9324.98,142
Clara Gomes,India,Kiehl's Calendula Serum-Infused Water Cream 250ml,2021-01-08,23587.49,330
Diogo Cardoso,South Korea,Olay Retinol24 Night Moisturizer 150ml,2020-08-22,1694.84,22
Margarida Oliveira,India,The Ordinary Buffet Multi-Technology Peptide Serum 60ml,2020-03-25,5989.54,162
Pedro Cruz,United States,REN Clean Skincare Overnight Glow Dark Spot Sleeping Cream 30g,2023-11-02,907.76,109
Margarida Marques,Indonesia,Bioderma Sebium Pore Refiner 200ml,2020-10-28,8088.71,396
Dinis Cardoso,Canada,Bioderma Nodé Detox Shampoo 30ml,2023-02-26,2394.29,57
Catarina Neves,France,Skinceuticals Physical Fusion UV Defense SPF 50 60ml,2023-01-21,18290.22,169
Beatriz Jesus,Mexico,Tatcha The Silk Cream 340g,2024-08-19,2095.44,22
Beatriz Marques,China,Neutrogena Bright Boost Gel Cream 15ml,2021-01-24,4667.8,71
Rodrigo Pereira,Chile,Avène PhysioLift Night Smoothing Balm 200ml,2024-11-12,14569.74,504
João Nunes,United States,First Aid Beauty FAB Skin Lab Resurfacing Liquid 10% AHA 60ml,2022-03-09,3590.75,40
Afonso Martins,Germany,First Aid Beauty Ultra Repair Tinted Moisturizer SPF 30 56.7g,2022-03-14,3694.5,114
Catarina Correia,China,Kiehl's Calendula Serum-Infused Water Cream 200ml,2020-11-03,8052.25,137
Rafael Vieira,China,Avène Hydrance Rich Rehydrating Cream 250ml,2024-08-23,9895.85,185
Rodrigo Moreira,France,Pixi Skintreats Rose Caviar Eye Cream 100ml,2022-01-03,3615.83,103
Afonso Monteiro,Singapore,COSRX AC Collection Lightweight Soothing Moisturizer 75ml,2023-12-04,9887.78,238
Catarina Correia,Netherlands,Kiehl's Super Multi-Corrective Anti-Aging Face & Neck Cream 15ml,2020-11-06,1125.67,77
Dinis Silva,Canada,Kiehl's Rare Earth Deep Pore Cleansing Masque 100ml,2021-11-02,426.82,78
Martim Pinto,France,Paula's Choice EARTH SOURCED Antioxidant-Enriched Natural Moisturizer 125ml,2023-02-15,4479.96,120
Laura Soares,Argentina,La Roche-Posay Toleriane Double Repair Moisturiser 50ml,2024-07-19,4199.87,92
Tomás Rodrigues,India,Pixi Retinol Tonic 100ml,2021-10-30,19064.49,316
Mariana Mendes,Spain,COSRX AC Collection Lightweight Soothing Moisturizer 340g,2024-12-29,531.43,129
Miguel Ferreira,United States,Avène Antirougeurs Jour Redness Relief Cream 15ml,2020-11-11,6216.6,60
João Costa,United Kingdom,First Aid Beauty Eye Duty Triple Remedy AM Gel Cream 30ml,2021-05-26,538.28,181
Leonor Jesus,Sweden,Estée Lauder Advanced Night Repair Serum 100ml,2021-05-26,9123.18,166
Tomás Almeida,Germany,The Ordinary Buffet Multi-Technology Peptide Serum 50ml,2024-05-03,11858.99,140
Afonso Martins,France,Drunk Elephant Virgin Marula Luxury Face Oil 30g,2021-08-31,8253.05,199
Afonso Sousa,United Kingdom,REN Clean Skincare Ready Steady Glow Daily AHA Tonic 40ml,2024-10-03,2632.49,30
Margarida Silva,South Korea,Kiehl's Rare Earth Deep Pore Cleansing Masque 200ml,2022-01-22,3321.38,122
Joana Costa,Argentina,COSRX Advanced Snail 92 All in One Cream 50ml,2022-12-08,6925.25,84
Inês Ribeiro,Brazil,Avène Retrinal+ 0.1 Intensive Cream 60ml,2020-08-20,1551.66,39
Rodrigo Moreira,Philippines,Avène XeraCalm A.D Lipid-Replenishing Cream 30g,2020-04-16,1453.53,17
Laura Soares,Netherlands,Kiehl's Super Multi-Corrective Anti-Aging Face & Neck Cream 50ml,2022-11-04,2246.62,36
Margarida Marques,Japan,Tatcha The Dewy Skin Cream 100ml,2022-03-08,3209.12,125
Inês Nunes,Brazil,Sunday Riley Luna Sleeping Night Oil 30ml,2023-10-02,5513.67,123
Miguel Marques,Japan,The Ordinary Niacinamide 10% + Zinc 1% 50ml,2021-06-06,9655.86,89
Tiago Cardoso,Sweden,Tatcha The Dewy Skin Cream 50ml,2020-12-20,3675.4,119
Laura Carvalho,Mexico,Bioderma Pigmentbio C-Concentrate Brightening Serum 250ml,2021-07-19,9533.27,100
Guilherme Neves,Mexico,Neutrogena Cellular Boost Concentrate Serum 340g,2022-05-26,42167.26,388
Sofia Nunes,Singapore,Murad Rapid Resurgence Eye Lift 340g,2022-06-18,2894.97,39
Sara Cruz,Sweden,First Aid Beauty Ultra Repair Firming Collagen Cream 200ml,2023-10-14,5412.97,105
Maria Correia,Spain,Tatcha The Clarifying Clay Mask 56.7g,2021-02-22,3046.61,43
Carolina Ferreira,South Korea,Tatcha The Indigo Overnight Repair Treatment 15ml,2024-04-29,4270.18,46
Clara Cardoso,South Korea,Avène Cleanance Expert Emulsion 56.7g,2023-04-24,21081.47,198
Guilherme Neves,Colombia,Sunday Riley Good Genes All-In-One Lactic Acid Treatment 60ml,2021-12-14,3227.55,111
Pedro Cruz,Philippines,COSRX Balancium B5 Biome Comfort Cream 200ml,2024-01-02,8863.94,111
Miguel Rocha,South Korea,Kiehl's Calendula Serum-Infused Water Cream 20ml,2024-02-04,24105.28,249
Laura Carvalho,Poland,Drunk Elephant Protini Polypeptide Cream 125ml,2024-09-29,1302.52,14
Martim Ferreira,Poland,Kiehl's Ultra Facial Cream 30ml,2024-03-26,10594.9,113
Gonçalo Ribeiro,Canada,Paula's Choice RESIST Anti-Aging Clear Skin Hydrator 100ml,2023-04-04,13350.29,146
Diogo Rocha,South Korea,Sunday Riley Luna Sleeping Night Oil 30ml,2024-06-16,10736.62,137
Rodrigo Pinto,United States,First Aid Beauty Ultra Repair Cream 75ml,2021-10-15,3291.53,50
Diogo Oliveira,Mexico,REN Clean Skincare Clean Screen Mineral SPF30 15ml,2022-01-02,5940.73,137
Carolina Marques,Argentina,Kiehl's Ultra Facial Cream 20ml,2020-05-31,2544.57,129
Carolina Marques,Japan,Bioderma Nodé Detox Shampoo 30ml,2022-11-13,7236.02,93
Tiago Carvalho,Japan,CeraVe Moisturising Cream 15ml,2020-02-09,4399.09,43
Lucas Rodrigues,Netherlands,Tatcha The Rice Polish Foaming Enzyme Powder 60ml,2022-10-20,2685.98,59
Tomás Neves,Mexico,Drunk Elephant A-Passioni Retinol Cream 30g,2024-12-21,5588.38,144
Dinis Pereira,Brazil,Pixi Overnight Glow Serum 125ml,2022-11-11,21072.82,288
Rafael Gomes,Brazil,Pixi Hydrating Milky Serum 50ml,2022-07-25,38113.18,367
João Nunes,Poland,The Ordinary Buffet Multi-Technology Peptide Serum 15ml,2022-08-28,1309.44,16
Leonor Coelho,South Korea,Olay Super Serum 5-in-1 250ml,2023-07-01,1221.1,83
Francisco Almeida,Poland,Olay Regenerist Micro-Sculpting Cream 30ml,2022-10-18,1897.05,76
Miguel Marques,Philippines,Tatcha The Indigo Overnight Repair Treatment 56.7g,2020-08-27,10584.97,135
Carolina Vieira,Colombia,Murad Rapid Resurgence Eye Lift 75ml,2024-02-10,2298.09,148
Mariana Martins,Argentina,Bioderma Sebium Pore Refiner 20ml,2023-09-30,2775.07,44
Diogo Cardoso,South Korea,Avène XeraCalm A.D Lipid-Replenishing Cream 125ml,2022-05-14,9477.43,82
Carolina Coelho,Poland,Avène Retrinal+ 0.1 Intensive Cream 200ml,2021-07-30,10351.98,140
Clara Cardoso,China,Avène XeraCalm A.D Lipid-Replenishing Cream 340g,2024-03-23,11240.84,138
Mariana Neves,Italy,Paula's Choice BOOST 10% Niacinamide Booster 56.7g,2023-06-21,4485.4,110
Leonor Martins,Canada,Skinceuticals Discoloration Defense Serum 75ml,2023-07-17,7492.97,140
Clara Monteiro,Canada,Clinique Turnaround Overnight Revitalizing Moisturizer 30ml,2024-12-26,2169.64,45
Inês Cardoso,France,Bioderma Sensibio Light Soothing Cream 50ml,2021-08-08,1521.69,49
Beatriz Jesus,Poland,Sunday Riley C.E.O. 15% Vitamin C Brightening Serum 340g,2023-01-29,2294.45,36
Mariana Cruz,Canada,Estée Lauder Advanced Night Repair Serum 150ml,2023-10-23,17548.91,176
Dinis Ferreira,United States,Drunk Elephant Lala Retro Whipped Cream 30g,2020-08-31,28643.6,278
Dinis Silva,Mexico,Neutrogena Hydro Boost Eye Gel-Cream 200ml,2020-02-01,7859.98,129
Tomás Almeida,Netherlands,Olay Regenerist Collagen Peptide24 Serum 100ml,2020-10-09,33681.37,316
Maria Fernandes,Colombia,Skinceuticals C E Ferulic Serum 200ml,2020-05-11,3204.25,73
Inês Cardoso,Germany,Clinique Even Better Clinical Radical Dark Spot Corrector 30g,2022-06-06,3027.89,128
Inês Nunes,Spain,Olay Vitamin C + Peptide 24 Face Moisturizer 125ml,2022-10-16,2260.7,44
Gonçalo Ferreira,China,Clinique Moisture Surge 100H Auto-Replenishing Hydrator 50ml,2020-01-11,23826.17,213
Clara Monteiro,Sweden,CeraVe Skin Renewing Night Cream 30g,2024-10-07,2611.15,65
Maria Ferreira,Sweden,Olay Regenerist Collagen Peptide24 Serum 150ml,2022-03-16,883.45,11
Leonor Martins,Netherlands,The Ordinary Niacinamide 10% + Zinc 1% 200ml,2022-11-05,5879.71,150
Francisco Coelho,Brazil,Murad Hydro-Dynamic Ultimate Moisture 15ml,2021-07-05,32989.99,327
Rafael Neves,Thailand,Neutrogena Rapid Wrinkle Repair Retinol Cream 340g,2021-06-01,2531.69,98
Carolina Coelho,Thailand,Tatcha The Eye Concentrate 250ml,2024-10-03,646.42,61
Dinis Cardoso,Poland,Estée Lauder Micro Essence Skin Activating Treatment Lotion 56.7g,2022-02-20,9074.51,98
Sofia Rodrigues,Poland,Sunday Riley UFO Ultra-Clarifying Face Oil 340g,2024-05-02,13282.93,147
Beatriz Ferreira,China,Paula's Choice SKIN PERFECTING 2% BHA Liquid Exfoliant 200ml,2024-04-01,10220.81,126
Maria Ferreira,Netherlands,First Aid Beauty Ultra Repair Tinted Moisturizer SPF 30 60ml,2024-06-23,1591.71,70
Tomás Almeida,France,Estée Lauder Re-Nutriv Ultimate Lift Age-Correcting Crème 30ml,2021-08-19,16000.11,143
Afonso Martins,United Kingdom,Pixi +C VIT Brightening Serum 200ml,2021-06-14,10749.41,234
Maria Fernandes,Colombia,Avène PhysioLift Night Smoothing Balm 20ml,2023-04-21,7013.52,80
Tomás Rodrigues,Japan,The Ordinary Niacinamide 10% + Zinc 1% 250ml,2024-05-06,1060.65,45
Margarida Marques,Japan,Avène XeraCalm A.D Lipid-Replenishing Cream 40ml,2021-01-09,21247.55,269
Dinis Carvalho,Singapore,REN Clean Skincare Evercalm Global Protection Day Cream 56.7g,2023-01-26,2995.99,55
Gonçalo Ferreira,Spain,First Aid Beauty Hello FAB Coconut Skin Smoothie Priming Moisturizer 125ml,2024-03-15,28757.53,319
Mariana Neves,Colombia,La Roche-Posay Lipikar Balm AP+ 340g,2022-10-23,6558.26,66
Miguel Martins,Netherlands,Skinceuticals Phyto Corrective Gel 75ml,2024-04-15,108.08,10
Catarina Martins,Poland,Olay Retinol24 Night Moisturizer 75ml,2020-09-22,9026.53,79
Carolina Coelho,Italy,The Ordinary Glycolic Acid 7% Toning Solution 200ml,2024-02-22,4054.83,92
Clara Mendes,Canada,Neutrogena Norwegian Formula Face Cream 30ml,2022-11-08,3859.77,92
Afonso Martins,United Kingdom,CeraVe PM Facial Moisturising Lotion 15ml,2024-06-14,2534.56,150
Carolina Coelho,Indonesia,CeraVe Moisturising Cream 150ml,2024-04-19,5043.49,60
Margarida Cardoso,Philippines,Sunday Riley C.E.O. 15% Vitamin C Brightening Serum 50ml,2022-03-22,8388.59,133
Laura Fernandes,Singapore,Bioderma Pigmentbio C-Concentrate Brightening Serum 200ml,2024-12-20,345.14,91
Rafael Martins,South Korea,Estée Lauder Perfectly Clean Multi-Action Foam Cleanser 100ml,2023-04-09,29284.25,344
Mariana Martins,Germany,Olay Regenerist Micro-Sculpting Cream 75ml,2023-11-18,1424.98,17
Diogo Ribeiro,Indonesia,Skinceuticals Phyto Corrective Gel 250ml,2021-11-05,4339.46,129
Leonor Marques,Mexico,Estée Lauder DayWear Multi-Protection Anti-Oxidant 24H Moisturizer SPF15 30g,2021-11-26,2254.73,83
Afonso Martins,India,CeraVe Renewing SA Cream 56.7g,2022-08-13,14258.46,132
Leonor Pinto,India,CeraVe Renewing SA Cream 250ml,2023-08-18,4198.06,362
Rodrigo Pereira,Poland,Skinceuticals Phyto Corrective Gel 125ml,2022-05-03,10169.88,147
Afonso Jesus,Germany,Tatcha The Silk Cream 30g,2020-03-27,9641.76,145
Inês Monteiro,Philippines,La Roche-Posay Toleriane Hydrating Gentle Cleanser 56.7g,2022-01-25,845.19,13
Francisco Mendes,Japan,Olay Total Effects 7-in-1 Moisturiser 250ml,2023-03-23,6471.13,84
Rafael Pereira,Netherlands,Estée Lauder Micro Essence Skin Activating Treatment Lotion 250ml,2021-12-18,4688.36,94
Maria Correia,France,Avène Antirougeurs Jour Redness Relief Cream 30ml,2020-03-24,6044.48,99
Mariana Soares,Spain,Drunk Elephant T.L.C. Framboos Glycolic Night Serum 56.7g,2021-03-11,656.62,47
Margarida Cardoso,Indonesia,Kiehl's Powerful-Strength Line-Reducing Concentrate 75ml,2021-01-09,12887.11,191
Tomás Correia,Netherlands,CeraVe AM Facial Moisturising Lotion SPF25 125ml,2023-11-03,3916.34,56
Laura Carvalho,Netherlands,Skinceuticals Triple Lipid Restore 2:4:2 30ml,2024-12-13,666.98,16
Pedro Santos,Argentina,First Aid Beauty Hello FAB Coconut Skin Smoothie Priming Moisturizer 20ml,2020-04-08,6454.98,58
Afonso Vieira,Argentina,Neutrogena Bright Boost Gel Cream 40ml,2020-11-14,296.97,26
Martim Rodrigues,Philippines,Olay Luminous Whip Face Moisturiser 200ml,2023-07-30,5985.37,90
Inês Martins,United Kingdom,REN Clean Skincare Perfect Canvas Clean Primer 75ml,2021-02-15,1817.93,141
Leonor Jesus,Singapore,Avène XeraCalm A.D Lipid-Replenishing Cream 75ml,2022-10-26,3468.69,31
Martim Silva,China,Tatcha The Eye Concentrate 75ml,2020-08-05,5127.02,47
Diogo Ribeiro,Sweden,Kiehl's Rare Earth Deep Pore Cleansing Masque 40ml,2023-11-12,1184.03,65
Francisco Almeida,Spain,REN Clean Skincare Radiance Perfection Serum 50ml,2020-09-19,2406.08,107
Margarida Silva,United Kingdom,REN Clean Skincare Ready Steady Glow Daily AHA Tonic 40ml,2023-02-02,8231.07,79
Carolina Jesus,Poland,Paula's Choice CLINICAL 1% Retinol Treatment 340g,2023-08-11,4482.38,63
Matilde Carvalho,France,Avène Cleanance Expert Emulsion 56.7g,2023-10-16,8228.57,248
Tomás Almeida,Italy,First Aid Beauty FAB Skin Lab Resurfacing Liquid 10% AHA 200ml,2021-02-19,3767.09,46
Laura Mendes,Brazil,Avène XeraCalm A.D Lipid-Replenishing Cream 30ml,2020-12-21,22742.82,447
Gonçalo Ribeiro,Sweden,First Aid Beauty Ultra Repair Tinted Moisturizer SPF 30 340g,2022-06-07,10939.69,111
Francisco Fernandes,France,La Roche-Posay Hyalu B5 Serum 50ml,2024-11-07,29051.84,271
Leonor Jesus,Argentina,Drunk Elephant A-Passioni Retinol Cream 125ml,2022-02-17,23264.51,240
Laura Ribeiro,United Kingdom,First Aid Beauty Hello FAB Coconut Skin Smoothie Priming Moisturizer 60ml,2022-02-09,157.1,27
Rodrigo Jesus,Canada,The Ordinary Natural Moisturising Factors + HA 56.7g,2022-04-10,2576.92,127
Ana Ferreira,Indonesia,Paula's Choice RESIST Anti-Aging Clear Skin Hydrator 150ml,2020-10-19,2114.41,68
Ana Moreira,South Korea,The Ordinary Natural Moisturising Factors + HA 340g,2021-11-03,1767.16,50
Inês Ferreira,South Korea,La Roche-Posay Lipikar Balm AP+ 60ml,2021-08-25,4318.6,55
Laura Soares,Germany,COSRX Full Fit Propolis Light Cream 30ml,2022-10-01,3974.06,84
Joana Santos,Canada,Avène Antirougeurs Jour Redness Relief Cream 60ml,2022-08-20,7254.04,130
Afonso Pereira,Germany,Estée Lauder Nutritious Super-Pomegranate Radiant Energy Eye Jelly 100ml,2024-12-29,5501.27,90
Tomás Ribeiro,Japan,Neutrogena Rapid Wrinkle Repair Retinol Cream 200ml,2024-04-21,11730.01,327
Carolina Silva,Philippines,Clinique All About Eyes Rich 30ml,2024-08-01,4709.35,264
João Martins,Argentina,First Aid Beauty KP Bump Eraser Body Scrub 75ml,2024-10-29,3144.55,41
Ana Teixeira,Thailand,Estée Lauder Resilience Lift Firming & Sculpting Eye Cream 50ml,2023-11-05,967.61,14
Ana Ferreira,Argentina,COSRX AC Collection Lightweight Soothing Moisturizer 50ml,2022-04-22,7163.55,116
Laura Ribeiro,South Korea,Avène Retrinal+ 0.1 Intensive Cream 125ml,2022-01-09,13389.95,141
Joana Oliveira,Poland,Pixi Retinol Tonic 100ml,2023-04-20,1047.63,23
Martim Silva,Germany,REN Clean Skincare Perfect Canvas Clean Primer 250ml,2024-05-08,420.56,19
Francisco Vieira,Netherlands,COSRX AHA/BHA Clarifying Treatment Toner 100ml,2023-11-14,7453.83,91
Sofia Martins,Brazil,First Aid Beauty Ultra Repair Cream 15ml,2022-02-26,4935.15,103
João Nunes,China,COSRX Oil-Free Ultra-Moisturizing Lotion 340g,2021-03-23,278.44,10
Clara Gomes,Chile,Drunk Elephant B-Hydra Intensive Hydration Serum 30g,2022-11-01,5930.91,128
Rafael Martins,South Korea,Paula's Choice BOOST 10% Niacinamide Booster 30ml,2021-01-28,5878.0,100
Rafael Gomes,Argentina,The Ordinary Glycolic Acid 7% Toning Solution 60ml,2022-07-07,3945.36,52
Tiago Carvalho,Philippines,Avène Hydrance Rich Rehydrating Cream 200ml,2022-04-01,3284.08,41
João Neves,Brazil,Tatcha The Eye Concentrate 56.7g,2021-01-18,16559.05,238
Margarida Oliveira,Colombia,Sunday Riley Saturn Sulfur Acne Treatment Mask 200ml,2024-11-27,22524.95,375
Afonso Sousa,Mexico,Estée Lauder Perfectly Clean Multi-Action Foam Cleanser 20ml,2022-02-20,1423.07,83
Afonso Pereira,Chile,Clinique Repairwear Laser Focus Eye Cream 340g,2020-06-08,9811.71,120
Sara Mendes,Netherlands,Olay Regenerist Micro-Sculpting Cream 60ml,2020-04-25,2079.38,48
Diogo Neves,China,Pixi Vitamin-C Juice Cleanser 200ml,2024-08-31,4810.84,50
Dinis Carvalho,Mexico,Neutrogena Bright Boost Gel Cream 56.7g,2021-04-01,1407.82,74
Dinis Ferreira,Philippines,Bioderma Pigmentbio C-Concentrate Brightening Serum 340g,2023-11-01,4410.38,55
Rafael Pereira,Sweden,COSRX Oil-Free Ultra-Moisturizing Lotion 40ml,2023-03-05,3524.15,82
Inês Cardoso,United Kingdom,Paula's Choice BOOST 10% Niacinamide Booster 340g,2022-07-25,3571.76,145
Diogo Ribeiro,Colombia,Skinceuticals Physical Fusion UV Defense SPF 50 60ml,2023-09-03,2271.72,44
Matilde Teixeira,Mexico,Pixi Rose Ceramide Cream 100ml,2024-02-27,3455.12,147
Laura Pereira,South Korea,Neutrogena Hydro Boost Eye Gel-Cream 75ml,2020-04-16,5908.89,109
Mariana Teixeira,Italy,Paula's Choice SKIN RECOVERY Replenishing Moisturizer 30g,2023-05-28,2055.51,23
João Martins,United States,Neutrogena Bright Boost Gel Cream 340g,2022-04-13,2122.33,99
Sofia Gomes,Spain,COSRX Advanced Snail 96 Mucin Power Essence 340g,2022-06-08,2916.42,34
Maria Fernandes,United Kingdom,Olay Vitamin C + Peptide 24 Face Moisturizer 30g,2021-11-15,2646.05,70
Tomás Coelho,Colombia,Murad AHA/BHA Exfoliating Cleanser 30ml,2024-09-04,2803.44,46
Clara Monteiro,Indonesia,Murad AHA/BHA Exfoliating Cleanser 20ml,2020-09-30,7566.22,72
Carolina Ferreira,Indonesia,REN Clean Skincare Evercalm Global Protection Day Cream 50ml,2023-08-05,2698.96,130
Pedro Pereira,Chile,Paula's Choice SKIN RECOVERY Replenishing Moisturizer 40ml,2023-01-25,11880.49,153
Francisco Almeida,Netherlands,Olay Vitamin C + Peptide 24 Face Moisturizer 100ml,2021-10-13,12276.08,145
Matilde Moreira,Colombia,Olay Super Serum 5-in-1 250ml,2024-06-17,1742.37,95
Carolina Silva,Italy,Skinceuticals C E Ferulic Serum 20ml,2023-06-08,31797.75,315
Maria Correia,Brazil,Olay Eyes Ultimate Eye Cream 30ml,2020-05-26,114.38,36
Rafael Neves,China,Neutrogena Ultra Sheer Dry-Touch Sunscreen SPF 50+ 125ml,2020-04-14,11620.96,442
Dinis Ferreira,Indonesia,La Roche-Posay Cicaplast Baume B5 200ml,2021-08-15,9535.41,341
Inês Ribeiro,Brazil,Tatcha The Eye Concentrate 75ml,2020-10-08,6995.26,85
Miguel Martins,Canada,First Aid Beauty Ultra Repair Cream 40ml,2020-04-08,28008.94,361
Francisco Mendes,Thailand,Sunday Riley Auto Correct Brightening and Depuffing Eye Contour Cream 15ml,2020-09-29,5565.13,90
João Martins,Brazil,Murad Retinol Youth Renewal Serum 40ml,2021-01-12,7643.22,67
Joana Costa,Poland,CeraVe Healing Ointment 30ml,2020-08-22,2105.51,135
Rodrigo Soares,Japan,The Ordinary Hyaluronic Acid 2% + B5 60ml,2021-07-17,13877.36,143
Rafael Pereira,Italy,Pixi +C VIT Brightening Serum 100ml,2023-10-09,1827.09,109
Tiago Carvalho,United Kingdom,REN Clean Skincare Evercalm Global Protection Day Cream 30ml,2021-02-23,4628.54,70
Margarida Silva,Germany,La Roche-Posay Toleriane Double Repair Moisturiser 40ml,2024-08-22,5250.58,53
Rafael Gomes,Germany,First Aid Beauty Ultra Repair Tinted Moisturizer SPF 30 200ml,2022-06-13,5679.89,146
Leonor Coelho,Netherlands,Bioderma Sensibio Light Soothing Cream 56.7g,2024-12-12,2446.07,61
Leonor Rodrigues,Argentina,Drunk Elephant T.L.C. Framboos Glycolic Night Serum 30g,2023-03-13,24521.44,217
Francisco Mendes,Chile,La Roche-Posay Effaclar Mat Moisturiser 60ml,2024-02-20,5020.37,117
Tomás Correia,Philippines,CeraVe Skin Renewing Night Cream 60ml,2021-12-31,597.6,117
Afonso Monteiro,Poland,Neutrogena Norwegian Formula Face Cream 40ml,2021-11-14,22905.57,451
Sara Mendes,South Korea,Clinique Repairwear Laser Focus Eye Cream 340g,2024-07-08,3452.47,82
Ana Ferreira,India,Clinique Moisture Surge 100H Auto-Replenishing Hydrator 30ml,2020-07-01,10639.17,116
Matilde Moreira,Singapore,Murad Retinol Youth Renewal Serum 15ml,2020-01-03,16358.97,219
Catarina Correia,Netherlands,First Aid Beauty FAB Skin Lab Resurfacing Liquid 10% AHA 50ml,2023-05-02,4341.85,70
Lucas Costa,Italy,Pixi Glow Tonic 150ml,2022-10-21,33964.93,478
Maria Coelho,Mexico,Sunday Riley C.E.O. 15% Vitamin C Brightening Serum 15ml,2020-04-16,6069.77,63
Dinis Ferreira,Indonesia,Avène XeraCalm A.D Lipid-Replenishing Cream 30ml,2022-12-12,437.28,37
Martim Rodrigues,India,Murad Hydro-Dynamic Ultimate Moisture 200ml,2024-06-08,20616.0,198
Laura Ribeiro,Colombia,Tatcha The Clarifying Clay Mask 75ml,2023-08-06,1902.56,18
Sofia Rodrigues,Japan,Kiehl's Clearly Corrective Dark Spot Solution 250ml,2022-09-28,7386.88,79
Tiago Jesus,Germany,Olay Regenerist Collagen Peptide24 Serum 60ml,2023-08-16,5483.86,139
Leonor Coelho,Brazil,Pixi Retinol Tonic 30g,2024-02-03,1739.22,65
Rafael Martins,China,Drunk Elephant Lala Retro Whipped Cream 200ml,2022-01-29,3409.88,68
Afonso Martins,India,First Aid Beauty Pure Skin Face Cleanser 20ml,2022-02-12,7920.71,72
Francisco Almeida,Poland,Bioderma Atoderm Intensive Baume 50ml,2021-11-07,13021.11,293
Clara Mendes,Italy,COSRX Ultimate Moisturizing Honey Overnight Mask 150ml,2023-12-01,2719.93,109
Diogo Monteiro,United Kingdom,REN Clean Skincare Radiance Perfection Serum 250ml,2024-02-21,14096.87,260
Leonor Pinto,United Kingdom,Bioderma Pigmentbio C-Concentrate Brightening Serum 50ml,2023-02-07,2698.61,103
Carolina Ferreira,Spain,Murad Vita-C Glycolic Brightening Serum 150ml,2024-07-04,3686.89,40
Martim Rodrigues,Philippines,Neutrogena Hydro Boost Eye Gel-Cream 30g,2021-11-13,2075.37,43
Leonor Marques,Germany,Avène Eau Thermale Spray 30ml,2024-04-07,2082.86,35
Leonor Pinto,South Korea,Pixi Overnight Glow Serum 15ml,2020-11-24,38802.84,340
Tomás Rodrigues,United Kingdom,The Ordinary Glycolic Acid 7% Toning Solution 30g,2022-01-28,2303.62,88
João Nunes,China,La Roche-Posay Lipikar Balm AP+ 100ml,2020-05-14,11151.56,150
Gonçalo Ferreira,Poland,First Aid Beauty FAB Skin Lab Resurfacing Liquid 10% AHA 75ml,2020-01-16,5980.21,104
Sara Almeida,Mexico,CeraVe Renewing SA Cream 125ml,2021-02-14,1711.41,18
Catarina Monteiro,India,Sunday Riley Good Genes All-In-One Lactic Acid Treatment 56.7g,2020-10-17,4565.06,52
João Mendes,Italy,Kiehl's Powerful-Strength Line-Reducing Concentrate 50ml,2024-11-16,8454.56,329
Inês Cardoso,Brazil,Murad Vita-C Glycolic Brightening Serum 200ml,2022-10-24,22706.79,308
Rafael Pereira,Chile,Drunk Elephant Lala Retro Whipped Cream 56.7g,2024-01-02,40706.78,494
Martim Rodrigues,Mexico,Clinique Dramatically Different Moisturising Lotion+ 30g,2021-01-29,9480.18,308
Ana Teixeira,Argentina,Pixi Hydrating Milky Serum 250ml,2022-03-24,1680.19,103
Beatriz Cardoso,Chile,Tatcha The Water Cream 30g,2021-08-04,19169.7,263
Ana Teixeira,United States,Murad Hydro-Dynamic Ultimate Moisture 250ml,2023-06-23,12469.87,121
Carolina Pereira,Poland,Paula's Choice RESIST Anti-Aging Clear Skin Hydrator 150ml,2023-02-15,6741.87,68
Afonso Martins,Canada,Pixi +C VIT Brightening Serum 30ml,2024-11-09,8810.05,118
Rafael Gomes,Germany,COSRX Balancium B5 Biome Comfort Cream 60ml,2024-05-08,309.03,32
Rodrigo Jesus,Chile,CeraVe Eye Repair Cream 100ml,2021-05-16,279.92,75
Laura Ribeiro,Japan,Olay Retinol24 Night Moisturizer 15ml,2020-10-26,6012.37,57
Catarina Jesus,Philippines,Neutrogena Ultra Sheer Dry-Touch Sunscreen SPF 50+ 75ml,2020-08-19,9945.64,115
Sara Mendes,Thailand,La Roche-Posay Cicaplast Baume B5 60ml,2020-05-29,12844.35,156
Joana Costa,United States,Clinique Even Better Clinical Radical Dark Spot Corrector 150ml,2020-10-15,24735.84,205
João Martins,Poland,Avène Cicalfate+ Restorative Protective Cream 30ml,2024-10-04,5000.52,117
Rafael Vieira,Canada,Murad Rapid Resurgence Eye Lift 60ml,2023-11-04,12486.26,304
Ana Teixeira,Singapore,The Ordinary Glycolic Acid 7% Toning Solution 20ml,2022-09-16,3471.19,64
Sara Ferreira,Chile,La Roche-Posay Toleriane Double Repair Moisturiser 250ml,2021-09-21,863.32,104
Martim Silva,South Korea,Estée Lauder Re-Nutriv Ultimate Lift Age-Correcting Crème 15ml,2020-04-21,12874.16,166
Gonçalo Ribeiro,Indonesia,Murad Oil-Control Mattifier SPF45 30g,2020-09-17,11008.28,107
Lucas Costa,United States,Paula's Choice SKIN PERFECTING 2% BHA Liquid Exfoliant 20ml,2021-10-29,31654.63,294
Maria Correia,Germany,COSRX AHA/BHA Clarifying Treatment Toner 200ml,2021-03-30,7992.41,128
Joana Teixeira,Thailand,CeraVe Eye Repair Cream 30g,2022-09-30,2339.6,118
Leonor Marques,United Kingdom,Murad Cellular Hydration Barrier Repair Cream 20ml,2023-01-24,1075.04,77
Mariana Neves,Philippines,Estée Lauder Nutritious Super-Pomegranate Radiant Energy Eye Jelly 30g,2022-12-15,578.71,105
Miguel Marques,Italy,Bioderma Sensibio H2O Micellar Water 340g,2023-07-01,2738.19,326
Dinis Monteiro,Sweden,COSRX Advanced Snail 92 All in One Cream 20ml,2020-09-20,10550.79,106
Matilde Carvalho,Indonesia,COSRX Advanced Snail 92 All in One Cream 200ml,2022-08-01,2224.72,112
Joana Costa,Germany,The Ordinary Natural Moisturising Factors + HA 30ml,2024-08-08,2026.51,73
Sara Cruz,United States,Olay Regenerist Micro-Sculpting Cream 30ml,2024-07-11,5249.31,56
Pedro Cruz,Argentina,Murad Brightening Booster 56.7g,2024-11-07,6952.17,85
Afonso Jesus,India,Sunday Riley Ice Ceramide Moisturizing Cream 125ml,2022-10-31,5662.38,92
João Costa,Germany,Murad Cellular Hydration Barrier Repair Cream 60ml,2020-06-26,11292.38,277
Miguel Rocha,Colombia,REN Clean Skincare V-Cense Revitalising Eye Cream 250ml,2021-04-23,9520.14,105
Rafael Neves,Spain,Avène Antirougeurs Jour Redness Relief Cream 20ml,2022-02-07,23297.29,217
Sofia Carvalho,China,Paula's Choice SKIN RECOVERY Replenishing Moisturizer 200ml,2021-08-22,25928.27,269
Sara Ferreira,Argentina,CeraVe Eye Repair Cream 200ml,2023-04-09,7212.7,94
Margarida Marques,Indonesia,REN Clean Skincare Clean Screen Mineral SPF30 200ml,2021-10-30,20719.86,183
Tiago Gomes,United Kingdom,Tatcha The Essence Plump Skin Softener 150ml,2023-09-28,462.14,132
Francisco Vieira,South Korea,Drunk Elephant B-Hydra Intensive Hydration Serum 150ml,2021-10-09,19932.25,281
Sofia Jesus,United States,Murad AHA/BHA Exfoliating Cleanser 15ml,2021-03-25,898.59,15
João Neves,Brazil,Olay Vitamin C + Peptide 24 Face Moisturizer 50ml,2020-12-20,2287.44,94
Martim Teixeira,Indonesia,REN Clean Skincare Radiance Perfection Serum 50ml,2022-08-15,6960.09,65
Martim Rodrigues,United States,The Ordinary Niacinamide 10% + Zinc 1% 15ml,2024-11-19,7451.27,143
Dinis Silva,Spain,Tatcha The Eye Concentrate 60ml,2022-01-15,6264.95,77
Mariana Soares,Thailand,Skinceuticals Physical Fusion UV Defense SPF 50 30g,2024-03-19,7354.6,129
Tomás Ribeiro,Thailand,The Ordinary Hyaluronic Acid 2% + B5 125ml,2022-09-04,26097.07,295
Afonso Monteiro,South Korea,Bioderma Hydrabio Gel-Crème 100ml,2021-03-28,516.79,108
Mariana Soares,Indonesia,La Roche-Posay Lipikar Balm AP+ 75ml,2021-04-15,11188.21,320
Miguel Ferreira,Sweden,Pixi Glow Tonic 100ml,2021-01-14,1136.82,11
Dinis Monteiro,South Korea,The Ordinary Hyaluronic Acid 2% + B5 30ml,2023-06-23,5498.87,104
Ana Monteiro,Japan,Paula's Choice CLINICAL 1% Retinol Treatment 15ml,2021-03-28,5624.6,283
Tiago Gomes,United Kingdom,REN Clean Skincare Evercalm Global Protection Day Cream 340g,2023-09-15,4040.13,72
Sofia Jesus,Indonesia,Kiehl's Clearly Corrective Dark Spot Solution 30g,2020-09-22,3583.92,56
Mariana Cruz,Brazil,Sunday Riley Auto Correct Brightening and Depuffing Eye Contour Cream 100ml,2024-05-09,10914.96,211
Sofia Carvalho,South Korea,Neutrogena Bright Boost Gel Cream 50ml,2020-12-17,12470.47,135
Mariana Teixeira,United States,Olay Regenerist Collagen Peptide24 Serum 56.7g,2022-06-07,6940.37,67
Inês Cardoso,Spain,Avène Antirougeurs Jour Redness Relief Cream 30g,2024-10-17,5650.55,260
Diogo Ribeiro,United Kingdom,COSRX AHA/BHA Clarifying Treatment Toner 150ml,2022-05-20,186.79,16
Diogo Neves,South Korea,Kiehl's Powerful-Strength Line-Reducing Concentrate 20ml,2023-05-30,37505.33,459
Leonor Martins,Italy,Avène Antirougeurs Jour Redness Relief Cream 30g,2022-02-15,1160.06,62
Miguel Martins,Thailand,Avène Antirougeurs Jour Redness Relief Cream 30ml,2020-04-20,11952.85,113
Margarida Pereira,Canada,Bioderma Atoderm Intensive Baume 340g,2022-12-28,464.49,34
Rafael Vieira,Italy,COSRX Advanced Snail 96 Mucin Power Essence 340g,2023-07-27,853.65,17
Joana Santos,Colombia,Drunk Elephant F-Balm Electrolyte Waterbalm 250ml,2020-06-19,716.03,61
Joana Teixeira,China,Paula's Choice DEFENSE Antioxidant Pore Purifier 60ml,2020-11-04,1846.8,50
Rafael Martins,United States,Olay Total Effects 7-in-1 Moisturiser 50ml,2023-04-21,7390.23,140
Carolina Coelho,United Kingdom,Murad Hydro-Dynamic Ultimate Moisture 50ml,2024-01-19,18082.4,252
Ana Teixeira,Canada,COSRX Ultimate Moisturizing Honey Overnight Mask 150ml,2021-02-02,1860.17,36
Beatriz Ferreira,Philippines,Kiehl's Powerful-Strength Line-Reducing Concentrate 100ml,2023-09-21,2865.47,66
Sara Cruz,United Kingdom,Skinceuticals Physical Fusion UV Defense SPF 50 56.7g,2020-06-24,4680.29,61
Sara Fernandes,India,Avène Cicalfate+ Restorative Protective Cream 250ml,2022-03-31,6105.63,144
Gonçalo Almeida,South Korea,Pixi +C VIT Brightening Serum 340g,2023-11-04,16550.97,275
Beatriz Cardoso,Italy,Clinique Repairwear Laser Focus Eye Cream 340g,2024-02-07,18666.63,244
Inês Martins,United Kingdom,La Roche-Posay Lipikar Balm AP+ 340g,2021-07-31,37757.56,367
Martim Rodrigues,Colombia,Tatcha The Clarifying Clay Mask 60ml,2021-09-04,4239.99,92
Francisco Fernandes,South Korea,La Roche-Posay Lipikar Balm AP+ 56.7g,2024-01-24,838.65,61
Afonso Jesus,South Korea,Skinceuticals B5 Gel Hydrating Serum 150ml,2024-06-29,3590.11,54
Margarida Mendes,Argentina,Sunday Riley Tidal Brightening Enzyme Water Cream 30g,2022-02-10,2623.02,51
Rafael Vieira,Colombia,Neutrogena Hydro Boost Water Gel 50ml,2020-07-27,4506.81,75
João Mendes,Poland,CeraVe Skin Renewing Night Cream 100ml,2021-11-13,3873.62,40
Leonor Martins,United States,Paula's Choice CLINICAL 1% Retinol Treatment 40ml,2020-02-29,4008.79,96
João Neves,Netherlands,First Aid Beauty Ultra Repair Cream 340g,2021-02-19,16285.66,309
Miguel Rocha,Italy,CeraVe Healing Ointment 20ml,2023-07-01,479.79,29
Rodrigo Soares,South Korea,CeraVe AM Facial Moisturising Lotion SPF25 40ml,2020-08-18,4086.18,75
Lucas Santos,Brazil,The Ordinary Salicylic Acid 2% Solution 200ml,2023-02-06,2271.5,38
Joana Oliveira,Singapore,Avène Hydrance Rich Rehydrating Cream 40ml,2021-07-04,12174.5,118
Carolina Vieira,India,Olay Total Effects 7-in-1 Moisturiser 30ml,2020-12-13,11060.3,150
João Mendes,Indonesia,Sunday Riley UFO Ultra-Clarifying Face Oil 40ml,2024-08-05,1934.86,113
Afonso Martins,Thailand,REN Clean Skincare V-Cense Revitalising Eye Cream 30g,2023-05-20,464.41,67
Francisco Almeida,India,Tatcha The Rice Polish Foaming Enzyme Powder 20ml,2023-01-06,939.43,50
Laura Soares,Thailand,Estée Lauder Micro Essence Skin Activating Treatment Lotion 200ml,2022-12-04,436.76,10
Laura Pereira,Thailand,Olay Super Serum 5-in-1 340g,2020-05-28,1320.99,108
Rodrigo Cruz,United States,Murad Brightening Booster 340g,2021-06-01,417.18,83
Martim Teixeira,Italy,Avène Eau Thermale Spray 200ml,2021-01-03,4923.33,65
Rodrigo Teixeira,Mexico,CeraVe Skin Renewing Night Cream 15ml,2024-12-19,24060.46,338
Catarina Correia,China,Avène Cleanance Expert Emulsion 200ml,2021-03-03,6553.85,145
Joana Costa,Argentina,Olay Eyes Ultimate Eye Cream 150ml,2022-02-23,2789.71,66
Sofia Carvalho,Brazil,REN Clean Skincare Perfect Canvas Clean Primer 56.7g,2023-04-24,10598.2,204
Afonso Jesus,France,First Aid Beauty Hello FAB Coconut Skin Smoothie Priming Moisturizer 20ml,2024-08-28,1155.4,22
Mariana Neves,Sweden,Pixi Overnight Glow Serum 40ml,2020-03-06,1157.33,22
Rafael Pereira,Argentina,COSRX Advanced Snail 92 All in One Cream 250ml,2020-02-21,3279.09,88
Rodrigo Coelho,Canada,Murad AHA/BHA Exfoliating Cleanser 30g,2022-09-12,326.95,109
Mariana Cruz,Spain,Murad Hydro-Dynamic Ultimate Moisture 200ml,2022-03-19,5854.53,77
Rafael Neves,South Korea,Tatcha The Dewy Skin Cream 50ml,2021-12-25,5790.25,83
Sofia Jesus,Spain,Kiehl's Ultra Facial Cream 30ml,2023-10-25,6736.27,78
Afonso Jesus,Chile,REN Clean Skincare Clean Screen Mineral SPF30 250ml,2023-06-15,4083.72,50
Ana Vieira,South Korea,COSRX AC Collection Lightweight Soothing Moisturizer 20ml,2022-02-18,5839.22,407
Ana Ferreira,Philippines,Bioderma Hydrabio Gel-Crème 60ml,2021-11-18,5684.98,125
Sofia Mendes,Poland,Neutrogena Oil-Free Acne Wash 340g,2024-05-15,1643.82,32
Diogo Rocha,China,Drunk Elephant Virgin Marula Luxury Face Oil 30g,2021-11-22,12940.85,113
Miguel Martins,Sweden,Neutrogena Ultra Sheer Dry-Touch Sunscreen SPF 50+ 340g,2020-10-13,953.23,49
Leonor Marques,Netherlands,REN Clean Skincare Clean Screen Mineral SPF30 15ml,2022-08-29,5134.12,119
Margarida Silva,France,La Roche-Posay Toleriane Hydrating Gentle Cleanser 30ml,2024-04-24,10098.23,91
Ana Teixeira,Canada,COSRX Full Fit Propolis Light Cream 40ml,2020-04-08,22831.45,237
Pedro Cruz,Japan,Bioderma Atoderm Intensive Baume 60ml,2023-05-04,6645.33,70
Laura Soares,Netherlands,The Ordinary Niacinamide 10% + Zinc 1% 50ml,2023-09-15,10052.72,156
Carolina Pereira,Poland,First Aid Beauty Ultra Repair Firming Collagen Cream 60ml,2022-03-02,5051.88,103
Gonçalo Rodrigues,China,Tatcha The Silk Cream 30g,2023-02-13,5219.48,94
Leonor Martins,China,Pixi Skintreats Rose Caviar Eye Cream 125ml,2022-04-20,11020.8,117
Inês Ferreira,Sweden,Drunk Elephant Lala Retro Whipped Cream 56.7g,2020-09-29,3051.29,28
Gonçalo Coelho,Japan,First Aid Beauty Ultra Repair Firming Collagen Cream 100ml,2024-06-10,9738.91,128
Miguel Ferreira,Mexico,Avène Antirougeurs Jour Redness Relief Cream 56.7g,2020-01-26,5514.33,113
Dinis Ferreira,Canada,Neutrogena Cellular Boost Concentrate Serum 50ml,2021-07-09,2452.76,26
Rodrigo Soares,Colombia,Skinceuticals Phyto Corrective Gel 125ml,2023-03-19,10769.92,148
Afonso Monteiro,United States,Drunk Elephant Protini Polypeptide Cream 100ml,2020-09-23,2210.01,47
Rafael Pereira,United States,COSRX Advanced Snail 92 All in One Cream 100ml,2023-07-15,5049.67,46
Laura Fernandes,South Korea,COSRX AHA/BHA Clarifying Treatment Toner 125ml,2024-08-05,1700.87,41
Catarina Jesus,Netherlands,Drunk Elephant A-Passioni Retinol Cream 56.7g,2024-11-03,1889.23,117
Gonçalo Rodrigues,Spain,Drunk Elephant B-Hydra Intensive Hydration Serum 30g,2024-11-02,2669.51,67
Clara Gomes,Japan,Kiehl's Midnight Recovery Concentrate 150ml,2024-06-29,1217.19,51
Francisco Almeida,United States,Paula's Choice CALM Redness Relief Moisturizer SPF 30 50ml,2021-05-22,1520.18,63
Leonor Marques,Germany,Drunk Elephant F-Balm Electrolyte Waterbalm 30ml,2022-06-10,4974.27,138
Mariana Martins,Thailand,Neutrogena Ultra Sheer Dry-Touch Sunscreen SPF 50+ 200ml,2021-08-26,25443.19,266
Mariana Soares,Thailand,CeraVe Renewing SA Cream 40ml,2022-08-09,3670.47,51
João Martins,United Kingdom,Olay Super Serum 5-in-1 125ml,2022-03-24,8255.18,89
Mariana Neves,Sweden,Sunday Riley Good Genes All-In-One Lactic Acid Treatment 20ml,2020-02-06,20457.88,198
Pedro Sousa,China,Kiehl's Midnight Recovery Concentrate 100ml,2023-04-30,5717.45,117
Carolina Silva,India,First Aid Beauty Eye Duty Triple Remedy AM Gel Cream 340g,2021-02-13,7226.37,149
Joana Santos,Philippines,Kiehl's Rare Earth Deep Pore Cleansing Masque 60ml,2021-10-27,10798.86,355
Carolina Jesus,Spain,Tatcha The Essence Plump Skin Softener 20ml,2021-11-15,7524.92,93
Laura Costa,Canada,Murad Oil-Control Mattifier SPF45 150ml,2021-09-16,6654.69,73
Catarina Martins,Sweden,CeraVe Eye Repair Cream 250ml,2023-08-18,11763.1,259
Beatriz Ferreira,Canada,Murad Cellular Hydration Barrier Repair Cream 60ml,2022-01-12,86.0,29
Tomás Almeida,Italy,Olay Retinol24 Night Moisturizer 100ml,2023-01-02,3347.36,94
Gonçalo Fernandes,Brazil,Neutrogena Cellular Boost Concentrate Serum 100ml,2024-04-09,283.23,38
Gonçalo Rodrigues,United Kingdom,Pixi Retinol Tonic 125ml,2024-06-04,7425.23,138
Rodrigo Cruz,Germany,Olay Total Effects 7-in-1 Moisturiser 75ml,2020-10-18,3519.74,43
Rafael Neves,United States,The Ordinary Hyaluronic Acid 2% + B5 250ml,2020-02-10,25872.19,300
Ana Vieira,Netherlands,First Aid Beauty KP Bump Eraser Body Scrub 75ml,2022-09-12,2522.67,25
Pedro Pereira,Colombia,Clinique Smart Night Custom-Repair Moisturiser 30ml,2021-12-14,6423.94,116
Sofia Mendes,Sweden,Bioderma Pigmentbio C-Concentrate Brightening Serum 30g,2020-05-28,611.54,89
Gonçalo Rodrigues,Colombia,Murad AHA/BHA Exfoliating Cleanser 60ml,2022-11-08,699.96,28
Laura Mendes,Chile,Olay Regenerist Micro-Sculpting Cream 30ml,2022-04-06,339.33,53
Leonor Coelho,Thailand,COSRX Ultimate Moisturizing Honey Overnight Mask 40ml,2022-09-20,8116.74,85
Dinis Cardoso,Poland,CeraVe Eye Repair Cream 150ml,2020-06-25,1870.08,31
Laura Pereira,Singapore,Skinceuticals Metacell Renewal B3 40ml,2024-10-20,426.01,49
Joana Teixeira,Canada,Pixi Skintreats Rose Caviar Eye Cream 150ml,2024-08-16,413.96,59
Afonso Pereira,Singapore,Bioderma Hydrabio Gel-Crème 50ml,2021-03-17,2273.76,69
Sofia Carvalho,Spain,CeraVe AM Facial Moisturising Lotion SPF25 200ml,2023-12-23,10485.15,215
João Neves,China,Clinique Dramatically Different Moisturising Lotion+ 15ml,2023-07-25,2469.33,23
Matilde Moreira,Thailand,Clinique Dramatically Different Moisturising Lotion+ 20ml,2020-01-22,3577.89,30
Francisco Almeida,United States,Neutrogena Oil-Free Acne Wash 56.7g,2020-02-10,2541.6,23
Rodrigo Cruz,Philippines,Clinique Even Better Clinical Radical Dark Spot Corrector 50ml,2024-01-20,481.36,109
Martim Marques,Spain,COSRX AC Collection Lightweight Soothing Moisturizer 100ml,2020-02-17,830.4,22
Pedro Santos,Japan,Kiehl's Rare Earth Deep Pore Cleansing Masque 250ml,2023-09-08,10363.85,104
Inês Ribeiro,Thailand,Clinique Smart Night Custom-Repair Moisturiser 15ml,2020-10-10,24270.92,384
Gonçalo Ferreira,India,Avène XeraCalm A.D Lipid-Replenishing Cream 100ml,2021-04-25,3929.71,64
Laura Ribeiro,Brazil,Neutrogena Hydro Boost Eye Gel-Cream 200ml,2024-11-11,4605.63,61
João Martins,France,REN Clean Skincare Clean Screen Mineral SPF30 200ml,2020-06-10,15975.07,147
João Nunes,Brazil,The Ordinary Salicylic Acid 2% Solution 30g,2024-06-04,2056.89,88
Sofia Martins,Indonesia,Clinique Take The Day Off Cleansing Balm 30g,2021-09-30,183.5,11
Dinis Monteiro,Singapore,Drunk Elephant T.L.C. Framboos Glycolic Night Serum 20ml,2024-04-10,668.93,63
Rafael Pereira,Japan,Avène Retrinal+ 0.1 Intensive Cream 250ml,2021-04-04,6269.07,126
Miguel Martins,Italy,Paula's Choice CALM Redness Relief Moisturizer SPF 30 125ml,2020-12-27,3958.97,203
Rodrigo Cruz,Spain,Clinique Turnaround Overnight Revitalizing Moisturizer 250ml,2021-01-18,4172.54,70
Laura Pereira,Italy,Neutrogena Cellular Boost Concentrate Serum 56.7g,2020-03-11,5936.15,104
Afonso Pereira,South Korea,Skinceuticals A.G.E. Eye Complex 50ml,2022-07-06,1909.71,71
Gonçalo Ribeiro,France,Paula's Choice CLINICAL 1% Retinol Treatment 50ml,2023-10-06,4788.31,80
Dinis Silva,Spain,Olay Vitamin C + Peptide 24 Face Moisturizer 30g,2022-03-30,2789.98,59
Francisco Vieira,South Korea,Paula's Choice CLINICAL 1% Retinol Treatment 15ml,2023-11-20,7712.45,120
Pedro Cruz,Singapore,Murad Rapid Resurgence Eye Lift 340g,2024-12-30,26758.08,267
Martim Pinto,Argentina,REN Clean Skincare Overnight Glow Dark Spot Sleeping Cream 200ml,2023-05-03,7425.12,95
Dinis Pereira,Singapore,REN Clean Skincare Overnight Glow Dark Spot Sleeping Cream 200ml,2024-02-22,29303.42,348
Diogo Oliveira,Philippines,Olay Eyes Ultimate Eye Cream 56.7g,2020-02-10,852.33,11
Diogo Oliveira,Chile,Neutrogena Norwegian Formula Face Cream 250ml,2020-02-28,4886.69,87
Sara Cruz,Sweden,The Ordinary AHA 30% + BHA 2% Peeling Solution 20ml,2020-02-10,2497.51,85
Gonçalo Rodrigues,India,REN Clean Skincare Vita Mineral Active 7 Eye Gel 60ml,2023-04-28,2467.34,61
Martim Cardoso,Canada,Paula's Choice SKIN RECOVERY Replenishing Moisturizer 15ml,2020-01-18,1904.79,106
Laura Fernandes,Spain,Sunday Riley C.E.O. 15% Vitamin C Brightening Serum 200ml,2022-05-20,1681.82,21
Afonso Oliveira,Poland,First Aid Beauty Ultra Repair Firming Collagen Cream 50ml,2024-05-31,36314.75,374
Afonso Rocha,United Kingdom,Sunday Riley Ice Ceramide Moisturizing Cream 60ml,2020-12-20,16762.81,222
Francisco Mendes,Indonesia,REN Clean Skincare Ready Steady Glow Daily AHA Tonic 60ml,2020-02-16,9679.53,182
Gonçalo Ribeiro,Argentina,Murad Cellular Hydration Barrier Repair Cream 15ml,2023-12-04,519.16,10
Miguel Martins,Spain,Murad Rapid Resurgence Eye Lift 30g,2020-07-12,10934.09,97
Sara Cruz,China,Sunday Riley Luna Sleeping Night Oil 30g,2021-11-01,8903.61,91
Afonso Martins,Germany,La Roche-Posay Lipikar Balm AP+ 15ml,2020-07-12,3598.54,61
Ana Ferreira,Mexico,Skinceuticals A.G.E. Eye Complex 150ml,2023-10-14,4801.91,106
Clara Cardoso,Chile,REN Clean Skincare Radiance Perfection Serum 75ml,2023-05-01,9549.17,86
Ana Ferreira,Philippines,Kiehl's Midnight Recovery Concentrate 250ml,2021-03-02,1428.07,95
Rafael Pereira,Philippines,Bioderma Sensibio Light Soothing Cream 50ml,2023-05-27,8271.89,138
Afonso Monteiro,China,The Ordinary Niacinamide 10% + Zinc 1% 200ml,2024-07-26,360.09,27
Ana Ferreira,Singapore,Skinceuticals Metacell Renewal B3 30ml,2021-10-11,3671.09,93
Rafael Martins,Singapore,First Aid Beauty Ultra Repair Tinted Moisturizer SPF 30 250ml,2023-06-25,1968.7,30
Sara Fernandes,Canada,Drunk Elephant C-Firma Fresh Day Serum 50ml,2023-01-04,10550.57,134
Carolina Silva,Singapore,La Roche-Posay Lipikar Balm AP+ 50ml,2024-05-26,1561.3,29
Matilde Cruz,South Korea,Kiehl's Powerful-Strength Line-Reducing Concentrate 30g,2023-10-22,7144.77,192
Ana Monteiro,China,The Ordinary Natural Moisturising Factors + HA 75ml,2021-12-25,3992.39,134
Inês Cruz,Mexico,La Roche-Posay Effaclar Mat Moisturiser 30g,2021-06-26,11121.59,227
Afonso Vieira,India,Avène Antirougeurs Jour Redness Relief Cream 15ml,2022-05-26,523.58,94
Tomás Coelho,Colombia,Kiehl's Powerful-Strength Line-Reducing Concentrate 56.7g,2021-05-23,2516.09,42
Gonçalo Ribeiro,Germany,First Aid Beauty Ultra Repair Tinted Moisturizer SPF 30 100ml,2022-06-27,904.72,27
Rodrigo Soares,Poland,Bioderma Pigmentbio C-Concentrate Brightening Serum 15ml,2023-12-21,2220.24,25
Laura Soares,Philippines,Tatcha The Dewy Skin Cream 150ml,2024-01-08,6553.29,70
João Martins,India,Avène XeraCalm A.D Lipid-Replenishing Cream 340g,2020-09-27,195.71,32
Francisco Coelho,Brazil,Paula's Choice DEFENSE Antioxidant Pore Purifier 200ml,2022-08-13,5695.04,83
Inês Ferreira,Germany,Kiehl's Ultra Facial Cream 250ml,2024-06-08,6828.42,67
Francisco Almeida,Philippines,Clinique Turnaround Overnight Revitalizing Moisturizer 50ml,2024-01-04,27874.81,402
Sara Fernandes,China,REN Clean Skincare Vita Mineral Active 7 Eye Gel 340g,2022-07-12,6613.29,117
Margarida Silva,United States,Paula's Choice SKIN PERFECTING 2% BHA Liquid Exfoliant 15ml,2022-01-18,2225.71,65
Margarida Marques,Thailand,Pixi Skintreats Rose Caviar Eye Cream 50ml,2024-11-04,12946.91,251
Sofia Carvalho,Poland,Neutrogena Hydro Boost Water Gel 56.7g,2023-04-26,921.28,12
Tomás Almeida,Philippines,Clinique Repairwear Laser Focus Eye Cream 60ml,2020-10-18,11692.72,118
Dinis Carvalho,Italy,Pixi Retinol Tonic 30ml,2024-03-12,3896.68,170
Leonor Pinto,Thailand,Sunday Riley C.E.O. 15% Vitamin C Brightening Serum 340g,2021-07-04,5698.66,142
Maria Fernandes,Canada,Neutrogena Hydro Boost Water Gel 40ml,2022-12-11,1136.33,84
Tomás Ribeiro,France,REN Clean Skincare Vita Mineral Active 7 Eye Gel 340g,2023-01-08,1425.78,119
Martim Marques,China,Drunk Elephant Protini Polypeptide Cream 50ml,2021-01-23,4011.17,58
Maria Ferreira,Italy,Avène Cleanance Expert Emulsion 30ml,2023-12-24,1177.84,28
Martim Pinto,France,Skinceuticals Metacell Renewal B3 100ml,2022-11-20,7862.09,94
Sara Almeida,Indonesia,Estée Lauder Re-Nutriv Ultimate Lift Age-Correcting Crème 20ml,2023-11-13,23184.96,486
Gonçalo Fernandes,India,Drunk Elephant Virgin Marula Luxury Face Oil 250ml,2020-02-29,1944.9,92
Inês Martins,Italy,Sunday Riley C.E.O. 15% Vitamin C Brightening Serum 56.7g,2022-06-24,6457.8,109
Maria Coelho,Germany,La Roche-Posay Anthelios Invisible Fluid SPF50+ 340g,2022-06-09,7005.01,74
Ana Nunes,United States,CeraVe Healing Ointment 100ml,2021-05-12,4437.33,77
Afonso Martins,China,Tatcha The Eye Concentrate 20ml,2023-11-06,21214.48,428
Gonçalo Ribeiro,Brazil,Kiehl's Midnight Recovery Concentrate 200ml,2020-04-22,1132.36,36
Diogo Rodrigues,Brazil,Pixi Glow Tonic 30ml,2023-10-29,3059.25,210
Rodrigo Cruz,Mexico,CeraVe Healing Ointment 150ml,2023-07-17,1367.54,64
Margarida Pereira,Chile,Avène Cicalfate+ Restorative Protective Cream 250ml,2021-10-17,27267.91,339
Laura Ribeiro,Japan,Tatcha The Water Cream 30ml,2024-01-27,4709.21,125
Sofia Martins,Philippines,La Roche-Posay Anthelios Invisible Fluid SPF50+ 50ml,2021-08-05,12314.93,122
Catarina Jesus,Thailand,REN Clean Skincare Perfect Canvas Clean Primer 30g,2020-08-19,12533.74,106
Mariana Teixeira,Poland,COSRX AHA/BHA Clarifying Treatment Toner 56.7g,2024-01-18,11192.04,104
Sofia Jesus,Singapore,Tatcha The Rice Polish Foaming Enzyme Powder 15ml,2024-07-27,1442.98,40
Afonso Monteiro,South Korea,Estée Lauder Nutritious Super-Pomegranate Radiant Energy Eye Jelly 30ml,2022-01-29,4622.62,81
Carolina Jesus,Poland,Murad Vita-C Glycolic Brightening Serum 200ml,2021-09-24,9340.03,137
Ana Vieira,India,First Aid Beauty Pure Skin Face Cleanser 125ml,2024-09-20,3470.76,42
Inês Cardoso,Italy,The Ordinary Niacinamide 10% + Zinc 1% 100ml,2020-08-01,16425.88,385
Maria Coelho,Spain,Drunk Elephant Virgin Marula Luxury Face Oil 20ml,2021-10-17,6680.4,117
Lucas Ribeiro,Poland,Sunday Riley Luna Sleeping Night Oil 20ml,2020-05-17,4294.65,44
Laura Carvalho,France,The Ordinary Salicylic Acid 2% Solution 250ml,2022-07-04,1799.7,88
Francisco Almeida,Argentina,Drunk Elephant T.L.C. Framboos Glycolic Night Serum 125ml,2023-10-24,3371.15,99
Sofia Carvalho,Brazil,Olay Regenerist Micro-Sculpting Cream 15ml,2024-09-13,621.86,21
Mariana Cruz,Spain,Kiehl's Powerful-Strength Line-Reducing Concentrate 56.7g,2021-09-12,3079.81,39
Laura Ribeiro,Canada,The Ordinary Glycolic Acid 7% Toning Solution 150ml,2020-04-29,2808.5,46
Carolina Pereira,Canada,Olay Retinol24 Night Moisturizer 75ml,2022-06-14,7382.84,335
Ana Teixeira,Argentina,Tatcha The Water Cream 40ml,2021-12-30,2118.58,115
Rodrigo Pereira,Canada,Bioderma Nodé Detox Shampoo 60ml,2024-09-28,10161.25,146
Mariana Soares,Argentina,Murad Hydro-Dynamic Ultimate Moisture 125ml,2022-11-19,12299.74,120
Margarida Oliveira,Japan,Drunk Elephant B-Hydra Intensive Hydration Serum 125ml,2022-09-24,11342.29,146
Rafael Neves,Poland,Estée Lauder Perfectly Clean Multi-Action Foam Cleanser 60ml,2023-03-08,12192.95,124
João Nunes,Indonesia,Skinceuticals C E Ferulic Serum 75ml,2024-07-08,8477.25,72
Beatriz Cardoso,Japan,Kiehl's Midnight Recovery Concentrate 250ml,2024-10-02,2967.07,99
Diogo Cardoso,Indonesia,Tatcha The Water Cream 60ml,2020-03-16,3190.97,162
Rafael Gomes,China,Avène Cicalfate+ Restorative Protective Cream 125ml,2024-10-25,1662.78,376
Inês Nunes,Thailand,COSRX Advanced Snail 96 Mucin Power Essence 100ml,2023-04-09,14335.59,467
Lucas Ribeiro,France,Kiehl's Ultra Facial Cream 20ml,2022-01-01,9697.77,122
Sofia Mendes,Germany,Avène XeraCalm A.D Lipid-Replenishing Cream 340g,2020-12-08,10241.1,111
Diogo Monteiro,South Korea,REN Clean Skincare Overnight Glow Dark Spot Sleeping Cream 50ml,2023-01-05,1192.69,21
Inês Martins,United States,Murad Brightening Booster 15ml,2024-03-11,8320.59,251
Dinis Ferreira,Canada,Skinceuticals C E Ferulic Serum 150ml,2024-04-25,14435.41,461
Miguel Rocha,India,Bioderma Atoderm Intensive Baume 125ml,2023-02-16,20653.04,306
Pedro Santos,Spain,CeraVe Eye Repair Cream 56.7g,2020-12-25,2718.46,29
Afonso Vieira,Poland,Tatcha The Indigo Overnight Repair Treatment 250ml,2021-08-04,2969.28,59
Pedro Santos,Sweden,Sunday Riley Good Genes All-In-One Lactic Acid Treatment 30ml,2021-07-29,1355.5,20
Dinis Pereira,Thailand,Pixi Vitamin-C Juice Cleanser 20ml,2020-07-10,19870.84,279
Ana Vieira,Colombia,Olay Total Effects 7-in-1 Moisturiser 200ml,2022-12-06,3951.21,56
Mariana Soares,India,COSRX Oil-Free Ultra-Moisturizing Lotion 75ml,2024-11-02,2494.5,49
Tomás Martins,Thailand,First Aid Beauty Ultra Repair Cream 30g,2024-07-14,7678.97,273
Afonso Almeida,Singapore,Drunk Elephant C-Firma Fresh Day Serum 100ml,2023-12-18,584.89,29
Margarida Marques,Spain,Pixi Retinol Tonic 20ml,2020-05-28,37267.72,425
Mariana Mendes,Brazil,Tatcha The Water Cream 20ml,2022-12-27,1175.89,44
Pedro Santos,Singapore,REN Clean Skincare Perfect Canvas Clean Primer 200ml,2020-04-29,4737.45,53
Miguel Martins,United Kingdom,Avène Cleanance Expert Emulsion 50ml,2023-09-17,552.98,131
Inês Ferreira,Indonesia,Skinceuticals A.G.E. Eye Complex 125ml,2022-07-18,4031.66,65
Carolina Silva,Chile,Clinique Moisture Surge 100H Auto-Replenishing Hydrator 340g,2024-09-26,13719.7,123
Afonso Martins,France,Pixi Rose Ceramide Cream 75ml,2022-01-26,14170.26,130
Rafael Pereira,Thailand,First Aid Beauty FAB Skin Lab Resurfacing Liquid 10% AHA 60ml,2021-08-09,19796.17,318
Dinis Monteiro,Canada,La Roche-Posay Toleriane Hydrating Gentle Cleanser 100ml,2020-11-15,4756.85,241
Ana Vieira,Canada,Pixi Vitamin-C Juice Cleanser 75ml,2023-01-20,4401.49,290
Margarida Teixeira,Canada,Drunk Elephant C-Firma Fresh Day Serum 200ml,2024-04-09,2997.72,81
Laura Carvalho,United States,Neutrogena Ultra Sheer Dry-Touch Sunscreen SPF 50+ 150ml,2023-03-20,6419.2,109
Tomás Neves,China,Murad Retinol Youth Renewal Serum 60ml,2021-05-15,6890.49,94
Beatriz Marques,India,Drunk Elephant Virgin Marula Luxury Face Oil 60ml,2020-11-14,2602.1,23
Rafael Mendes,Japan,Bioderma Sensibio Light Soothing Cream 56.7g,2022-04-08,1437.48,31
Leonor Marques,United States,First Aid Beauty FAB Skin Lab Resurfacing Liquid 10% AHA 150ml,2022-07-05,2127.46,33
Catarina Correia,Sweden,COSRX Ultimate Moisturizing Honey Overnight Mask 20ml,2022-11-14,3845.59,47
Tiago Carvalho,France,Kiehl's Rare Earth Deep Pore Cleansing Masque 200ml,2020-08-02,1664.85,18
Catarina Monteiro,India,Avène Retrinal+ 0.1 Intensive Cream 125ml,2023-10-07,7953.47,77
Clara Monteiro,South Korea,Kiehl's Clearly Corrective Dark Spot Solution 250ml,2021-06-18,20121.27,345
Dinis Carvalho,Mexico,La Roche-Posay Toleriane Double Repair Moisturiser 75ml,2023-06-15,6856.07,61
Inês Cruz,France,Bioderma Sensibio H2O Micellar Water 30ml,2023-12-07,490.01,14
Ana Ferreira,United Kingdom,La Roche-Posay Toleriane Double Repair Moisturiser 200ml,2023-06-29,33366.55,392
Carolina Jesus,Mexico,Skinceuticals Metacell Renewal B3 75ml,2022-06-15,1467.88,21
Afonso Oliveira,Colombia,The Ordinary Natural Moisturising Factors + HA 15ml,2020-02-13,18111.76,284
Martim Pinto,Mexico,Sunday Riley C.E.O. 15% Vitamin C Brightening Serum 30ml,2023-12-28,1198.46,228
Tomás Neves,Mexico,Clinique All About Eyes Rich 30g,2023-08-03,9877.01,122
Lucas Rodrigues,Brazil,La Roche-Posay Retinol B3 Serum 125ml,2023-06-07,1056.34,22
Ana Ferreira,Spain,First Aid Beauty Ultra Repair Tinted Moisturizer SPF 30 50ml,2020-12-10,734.45,10
Joana Costa,Canada,Kiehl's Clearly Corrective Dark Spot Solution 150ml,2023-06-30,6978.73,73
Dinis Carvalho,Mexico,La Roche-Posay Cicaplast Baume B5 15ml,2022-06-22,18473.56,267
Lucas Coelho,Singapore,Murad Vita-C Glycolic Brightening Serum 15ml,2022-05-30,2168.49,144
Diogo Oliveira,Sweden,La Roche-Posay Effaclar Mat Moisturiser 30g,2024-03-07,13374.79,384
Margarida Cardoso,Philippines,Neutrogena Norwegian Formula Face Cream 60ml,2021-08-20,184.69,25
Afonso Sousa,Germany,Avène Retrinal+ 0.1 Intensive Cream 125ml,2020-02-21,1215.09,136
Afonso Monteiro,Canada,COSRX Full Fit Propolis Light Cream 150ml,2023-07-08,26549.03,263
Pedro Cruz,United States,Murad Retinol Youth Renewal Serum 15ml,2024-06-24,2720.2,109
João Martins,United Kingdom,La Roche-Posay Retinol B3 Serum 200ml,2020-02-01,5204.85,120
Carolina Ferreira,Sweden,Skinceuticals Phyto Corrective Gel 15ml,2020-02-25,2144.16,48
Maria Moreira,Chile,CeraVe Moisturising Cream 20ml,2022-12-14,1053.63,44
Rafael Martins,Germany,Olay Regenerist Micro-Sculpting Cream 60ml,2020-02-22,22888.75,207
Tiago Jesus,Chile,Neutrogena Cellular Boost Concentrate Serum 200ml,2022-01-08,8115.13,90
Sofia Rodrigues,Thailand,Kiehl's Midnight Recovery Concentrate 50ml,2024-02-01,10029.34,106
Afonso Sousa,Sweden,Clinique Moisture Surge 100H Auto-Replenishing Hydrator 75ml,2020-12-08,1630.24,33
Clara Gomes,Mexico,Kiehl's Calendula Serum-Infused Water Cream 250ml,2020-06-20,2437.95,78
Sara Ferreira,Brazil,Kiehl's Midnight Recovery Concentrate 125ml,2021-09-13,1787.26,235
Lucas Ribeiro,Thailand,Olay Super Serum 5-in-1 200ml,2021-02-23,1638.04,138
Francisco Mendes,Chile,CeraVe Moisturising Cream 200ml,2022-08-24,10776.59,102
Lucas Costa,United Kingdom,Bioderma Nodé Detox Shampoo 30g,2023-12-12,1584.27,45
Rodrigo Moreira,Singapore,Drunk Elephant F-Balm Electrolyte Waterbalm 250ml,2024-03-15,13764.86,224
Inês Cardoso,Japan,Kiehl's Creamy Eye Treatment with Avocado 75ml,2023-03-07,4657.01,75
João Martins,Singapore,Skinceuticals Metacell Renewal B3 340g,2020-01-20,136.34,18
Maria Moreira,Chile,Sunday Riley UFO Ultra-Clarifying Face Oil 60ml,2020-05-06,13449.51,143
Diogo Neves,Singapore,La Roche-Posay Toleriane Hydrating Gentle Cleanser 30ml,2020-12-26,2714.1,24
Inês Ribeiro,Sweden,Drunk Elephant Virgin Marula Luxury Face Oil 125ml,2020-10-31,3209.93,75
Laura Ribeiro,Philippines,Avène Antirougeurs Jour Redness Relief Cream 125ml,2024-04-01,2456.45,121
Laura Soares,Philippines,First Aid Beauty Pure Skin Face Cleanser 60ml,2021-12-24,3474.39,148
Mariana Martins,Colombia,Tatcha The Indigo Overnight Repair Treatment 60ml,2022-10-18,3250.79,127
Rodrigo Pereira,China,Kiehl's Clearly Corrective Dark Spot Solution 30ml,2022-02-27,6386.32,58
Dinis Pereira,South Korea,La Roche-Posay Anthelios Invisible Fluid SPF50+ 20ml,2021-10-17,8340.56,77
Afonso Martins,Spain,Murad Brightening Booster 60ml,2020-11-20,7867.2,89
Francisco Almeida,Indonesia,La Roche-Posay Effaclar Mat Moisturiser 56.7g,2020-01-30,1723.87,17
Joana Fernandes,Brazil,Estée Lauder Nutritious Super-Pomegranate Radiant Energy Eye Jelly 30g,2024-09-09,13076.07,155
Clara Cardoso,Colombia,COSRX Advanced Snail 96 Mucin Power Essence 75ml,2023-05-23,4020.7,63
Inês Ribeiro,France,Skinceuticals Triple Lipid Restore 2:4:2 50ml,2023-08-23,3799.88,164
João Mendes,France,The Ordinary Salicylic Acid 2% Solution 340g,2020-07-09,9174.29,150
Lucas Costa,Colombia,Bioderma Sensibio Light Soothing Cream 30ml,2021-01-29,9011.84,243
Maria Correia,Brazil,Clinique Take The Day Off Cleansing Balm 100ml,2022-07-26,10344.07,217
Ana Ferreira,Italy,Estée Lauder Re-Nutriv Ultimate Lift Age-Correcting Crème 40ml,2024-07-17,8854.07,110
Sofia Jesus,Thailand,Olay Super Serum 5-in-1 100ml,2020-01-24,1945.56,31
Sara Mendes,Germany,Paula's Choice EARTH SOURCED Antioxidant-Enriched Natural Moisturizer 250ml,2020-05-26,2755.32,37
Maria Coelho,Mexico,Neutrogena Bright Boost Gel Cream 30g,2020-08-25,2153.98,80
Martim Teixeira,United States,Clinique All About Eyes Rich 150ml,2020-06-14,3374.15,77
Martim Rodrigues,United States,Olay Regenerist Collagen Peptide24 Serum 40ml,2022-01-02,2482.46,26
Laura Ribeiro,Philippines,Sunday Riley Auto Correct Brightening and Depuffing Eye Contour Cream 60ml,2020-07-10,1122.97,138
Mariana Neves,Sweden,Sunday Riley C.E.O. 15% Vitamin C Brightening Serum 150ml,2024-07-29,7160.68,126
Dinis Monteiro,France,CeraVe PM Facial Moisturising Lotion 100ml,2021-02-09,3827.52,76
Dinis Pereira,France,Drunk Elephant C-Firma Fresh Day Serum 56.7g,2024-06-15,11382.18,208
Sara Ferreira,France,Tatcha The Indigo Overnight Repair Treatment 200ml,2023-03-05,19203.43,191
Rafael Neves,Germany,Bioderma Pigmentbio C-Concentrate Brightening Serum 200ml,2020-08-12,28556.24,389
Leonor Pinto,Chile,First Aid Beauty KP Bump Eraser Body Scrub 56.7g,2021-06-21,4254.22,59
Margarida Silva,China,COSRX Ultimate Moisturizing Honey Overnight Mask 250ml,2021-06-11,21383.05,247
Sara Mendes,South Korea,Pixi Rose Ceramide Cream 50ml,2021-01-11,12747.26,133
Margarida Silva,China,Olay Luminous Whip Face Moisturiser 250ml,2022-12-20,5771.43,70
Mariana Soares,Philippines,Drunk Elephant Virgin Marula Luxury Face Oil 60ml,2021-02-03,566.26,41
Catarina Correia,United States,Sunday Riley Ice Ceramide Moisturizing Cream 56.7g,2021-04-11,3207.89,54
Rafael Pereira,China,Skinceuticals Triple Lipid Restore 2:4:2 150ml,2023-06-03,7256.24,76
Maria Fernandes,France,Bioderma Pigmentbio C-Concentrate Brightening Serum 40ml,2021-10-14,3985.3,124
Ana Ferreira,Germany,Avène Cleanance Expert Emulsion 60ml,2022-12-06,19748.8,204
Francisco Coelho,Spain,Skinceuticals Triple Lipid Restore 2:4:2 60ml,2023-11-13,7235.69,103
Laura Fernandes,Netherlands,First Aid Beauty Ultra Repair Firming Collagen Cream 340g,2024-07-31,1098.23,103
Martim Cardoso,Mexico,First Aid Beauty Hello FAB Coconut Skin Smoothie Priming Moisturizer 20ml,2020-03-26,9234.32,294
Margarida Mendes,India,Clinique Take The Day Off Cleansing Balm 75ml,2020-10-07,21808.84,291
Laura Ribeiro,Italy,First Aid Beauty Ultra Repair Tinted Moisturizer SPF 30 100ml,2024-04-14,1531.49,112
Catarina Martins,Argentina,Pixi Overnight Glow Serum 100ml,2023-05-31,1202.81,13
Clara Monteiro,Indonesia,Pixi Overnight Glow Serum 50ml,2024-02-17,4579.12,82
João Vieira,Sweden,Tatcha The Eye Concentrate 56.7g,2023-04-13,1574.86,127
Matilde Moreira,South Korea,Kiehl's Clearly Corrective Dark Spot Solution 50ml,2022-10-28,3733.62,128
Diogo Oliveira,India,Drunk Elephant A-Passioni Retinol Cream 30g,2020-09-23,6887.76,149
Mariana Mendes,Germany,Paula's Choice EARTH SOURCED Antioxidant-Enriched Natural Moisturizer 340g,2020-01-26,4584.14,128
Maria Moreira,Colombia,Murad AHA/BHA Exfoliating Cleanser 100ml,2020-11-06,3715.23,112
Rafael Neves,France,Avène XeraCalm A.D Lipid-Replenishing Cream 100ml,2023-04-04,6691.3,88
Afonso Monteiro,United Kingdom,Paula's Choice CLINICAL 1% Retinol Treatment 340g,2020-07-25,24825.16,346
Dinis Pereira,Italy,Avène Eau Thermale Spray 30g,2022-03-16,136.17,18
Afonso Rocha,Chile,Tatcha The Rice Polish Foaming Enzyme Powder 125ml,2020-02-21,9287.43,105
Leonor Pinto,Canada,La Roche-Posay Hyalu B5 Serum 30ml,2022-11-10,306.64,26
Diogo Cardoso,India,Tatcha The Silk Cream 100ml,2021-03-16,8718.81,133
Miguel Marques,Spain,Olay Regenerist Micro-Sculpting Cream 340g,2024-08-18,9598.12,115
Margarida Pereira,China,The Ordinary Retinol 0.5% in Squalane 250ml,2023-03-16,11503.93,116
Sofia Gomes,Netherlands,CeraVe Hydrating Cleanser 100ml,2024-05-19,6104.58,72
Catarina Martins,India,Sunday Riley Auto Correct Brightening and Depuffing Eye Contour Cream 125ml,2024-08-26,3670.33,46
Ana Ferreira,Germany,Bioderma Hydrabio Gel-Crème 60ml,2020-05-15,2431.1,47
Tomás Martins,Sweden,COSRX Full Fit Propolis Light Cream 250ml,2024-02-18,29668.79,276
Maria Ferreira,Singapore,CeraVe Healing Ointment 60ml,2023-11-19,1591.9,69
Carolina Marques,Indonesia,Tatcha The Essence Plump Skin Softener 20ml,2020-10-17,4165.15,51
Gonçalo Fernandes,Japan,REN Clean Skincare Ready Steady Glow Daily AHA Tonic 340g,2020-09-08,565.73,16
Afonso Sousa,Brazil,Tatcha The Water Cream 30g,2024-09-11,12774.15,264
Lucas Santos,Philippines,Sunday Riley C.E.O. 15% Vitamin C Brightening Serum 30ml,2020-10-05,689.25,107
Beatriz Ferreira,India,La Roche-Posay Anthelios Invisible Fluid SPF50+ 20ml,2021-06-11,2086.09,19
Miguel Marques,Canada,La Roche-Posay Toleriane Hydrating Gentle Cleanser 15ml,2022-08-05,596.41,79
Laura Costa,Singapore,The Ordinary Niacinamide 10% + Zinc 1% 30g,2022-03-03,5768.44,66
Rafael Martins,France,Bioderma Sensibio Light Soothing Cream 40ml,2024-11-30,7006.24,87
Joana Fernandes,China,CeraVe Renewing SA Cream 200ml,2024-12-16,2064.37,41
João Cardoso,Germany,Murad Rapid Resurgence Eye Lift 100ml,2020-06-30,944.7,133
Beatriz Jesus,Spain,Kiehl's Rare Earth Deep Pore Cleansing Masque 15ml,2024-02-11,3988.32,101
Laura Fernandes,South Korea,First Aid Beauty Ultra Repair Cream 60ml,2020-09-10,1619.04,67
Leonor Jesus,Indonesia,Bioderma Sensibio Light Soothing Cream 56.7g,2023-05-08,1297.3,32
Tomás Coelho,Thailand,Estée Lauder Advanced Night Repair Serum 56.7g,2021-06-03,4183.81,293
Tomás Correia,Indonesia,Sunday Riley Tidal Brightening Enzyme Water Cream 200ml,2020-04-04,3628.83,45
Inês Nunes,Sweden,First Aid Beauty Hello FAB Coconut Skin Smoothie Priming Moisturizer 100ml,2022-10-06,6538.84,285
Rafael Vieira,India,Tatcha The Silk Cream 30ml,2021-11-04,4601.71,107
Diogo Ribeiro,Philippines,Bioderma Hydrabio Gel-Crème 30g,2020-02-03,18408.52,272
Leonor Coelho,Italy,Bioderma Hydrabio Gel-Crème 125ml,2020-12-07,5211.22,156
Ana Ferreira,Canada,La Roche-Posay Lipikar Balm AP+ 15ml,2021-04-25,263.06,48
Tomás Almeida,Poland,First Aid Beauty Hello FAB Coconut Skin Smoothie Priming Moisturizer 50ml,2023-03-25,5368.34,63
Rafael Neves,Italy,First Aid Beauty KP Bump Eraser Body Scrub 56.7g,2021-06-17,26935.42,270
Afonso Vieira,Colombia,La Roche-Posay Anthelios Invisible Fluid SPF50+ 30g,2023-07-17,2719.48,381
Lucas Santos,Chile,REN Clean Skincare Ready Steady Glow Daily AHA Tonic 75ml,2022-06-26,5898.44,86
Rodrigo Coelho,Singapore,First Aid Beauty Ultra Repair Firming Collagen Cream 200ml,2022-11-27,2685.82,98
Martim Marques,Germany,La Roche-Posay Toleriane Double Repair Moisturiser 200ml,2024-11-09,271.15,55
Sofia Nunes,Colombia,Tatcha The Water Cream 30g,2020-02-12,4593.23,132
Joana Fernandes,South Korea,Avène Hydrance Rich Rehydrating Cream 125ml,2021-12-02,415.35,12
Ana Ferreira,Chile,Tatcha The Indigo Overnight Repair Treatment 125ml,2024-11-21,297.31,82
Pedro Ferreira,Netherlands,Avène Antirougeurs Jour Redness Relief Cream 56.7g,2023-02-08,746.24,22
Pedro Sousa,Mexico,Kiehl's Calendula Serum-Infused Water Cream 150ml,2023-07-27,972.66,15
Lucas Costa,Thailand,Clinique Repairwear Laser Focus Eye Cream 200ml,2022-01-18,256.88,20
Francisco Fernandes,Spain,First Aid Beauty Ultra Repair Cream 125ml,2021-09-10,9470.82,91
Laura Carvalho,France,Avène Antirougeurs Jour Redness Relief Cream 125ml,2024-03-31,4045.67,40
Sara Cruz,Indonesia,Pixi Vitamin-C Juice Cleanser 30g,2020-09-25,2299.4,103
João Costa,Sweden,Sunday Riley Auto Correct Brightening and Depuffing Eye Contour Cream 200ml,2022-11-20,395.27,21
Carolina Ferreira,Poland,COSRX Ultimate Moisturizing Honey Overnight Mask 250ml,2022-11-03,2042.22,19
Afonso Martins,Singapore,Murad Vita-C Glycolic Brightening Serum 20ml,2022-06-09,14919.82,145
Catarina Monteiro,Italy,Clinique Repairwear Laser Focus Eye Cream 340g,2021-01-07,11168.99,150
Afonso Almeida,Thailand,Tatcha The Indigo Overnight Repair Treatment 30g,2024-03-07,1147.39,15
Tomás Martins,Sweden,Drunk Elephant A-Passioni Retinol Cream 40ml,2022-11-16,682.69,26
Tomás Almeida,Colombia,Kiehl's Powerful-Strength Line-Reducing Concentrate 15ml,2021-11-27,4702.63,103
Martim Ferreira,Brazil,Bioderma Pigmentbio C-Concentrate Brightening Serum 30g,2022-07-20,2435.13,118
Dinis Silva,India,Bioderma Sensibio H2O Micellar Water 250ml,2022-04-01,641.19,88
Laura Mendes,Poland,Estée Lauder Perfectly Clean Multi-Action Foam Cleanser 56.7g,2022-03-21,10989.42,134
Joana Fernandes,China,First Aid Beauty Ultra Repair Firming Collagen Cream 30ml,2024-12-21,13556.83,139
Lucas Costa,Philippines,La Roche-Posay Anthelios Invisible Fluid SPF50+ 250ml,2020-10-24,29439.96,334
Afonso Jesus,France,La Roche-Posay Anthelios Invisible Fluid SPF50+ 75ml,2024-11-24,8129.18,93
Mariana Soares,India,REN Clean Skincare Clean Screen Mineral SPF30 40ml,2023-04-11,1239.49,12
Laura Mendes,India,CeraVe AM Facial Moisturising Lotion SPF25 30ml,2023-12-15,922.13,123
Sofia Nunes,Italy,Estée Lauder Nutritious Super-Pomegranate Radiant Energy Eye Jelly 250ml,2023-07-02,9615.14,142
Catarina Jesus,India,Avène Antirougeurs Jour Redness Relief Cream 125ml,2020-09-15,4501.19,48
Sofia Martins,United States,Kiehl's Midnight Recovery Concentrate 40ml,2024-04-04,2474.12,77
Afonso Neves,Indonesia,Olay Vitamin C + Peptide 24 Face Moisturizer 125ml,2024-10-06,2418.72,111
Sofia Gomes,Japan,Bioderma Cicabio Arnica+ Repairing Cream 20ml,2023-02-04,41815.44,439
Margarida Cardoso,Poland,Bioderma Nodé Detox Shampoo 100ml,2020-05-04,2595.33,46
Laura Costa,Netherlands,Paula's Choice SKIN PERFECTING 2% BHA Liquid Exfoliant 40ml,2021-09-11,398.17,57
Laura Fernandes,Italy,Pixi Overnight Glow Serum 40ml,2022-09-04,7402.24,136
Clara Mendes,Colombia,Bioderma Sensibio H2O Micellar Water 60ml,2024-07-16,2439.5,65
Ana Ferreira,Thailand,Clinique Repairwear Laser Focus Eye Cream 150ml,2021-01-25,12829.9,261
Gonçalo Rodrigues,Indonesia,CeraVe Renewing SA Cream 50ml,2020-08-12,7834.86,132
Martim Cardoso,Thailand,COSRX Ultimate Moisturizing Honey Overnight Mask 60ml,2020-02-06,2796.65,148
Beatriz Cardoso,Brazil,Pixi Skintreats Rose Caviar Eye Cream 15ml,2022-06-22,2814.51,70
Francisco Almeida,Thailand,Drunk Elephant Lala Retro Whipped Cream 250ml,2020-06-08,992.4,46
Joana Oliveira,France,Drunk Elephant Protini Polypeptide Cream 125ml,2023-12-22,2161.86,19
Margarida Teixeira,Spain,COSRX Advanced Snail 92 All in One Cream 340g,2022-08-26,4378.86,88
Tomás Coelho,China,REN Clean Skincare Clean Screen Mineral SPF30 40ml,2021-06-17,2791.34,32
Laura Fernandes,Thailand,COSRX Advanced Snail 92 All in One Cream 125ml,2024-10-25,9806.34,113
Catarina Neves,Indonesia,Bioderma Atoderm Intensive Baume 20ml,2023-04-20,8857.47,135
Carolina Jesus,Italy,First Aid Beauty Ultra Repair Cream 200ml,2022-01-25,7017.93,108
Afonso Pereira,Spain,COSRX Oil-Free Ultra-Moisturizing Lotion 40ml,2023-04-30,3577.46,60
Francisco Fernandes,Italy,Avène Hydrance Rich Rehydrating Cream 20ml,2021-03-31,6260.39,122
Rodrigo Soares,Germany,Bioderma Hydrabio Gel-Crème 50ml,2022-04-19,5278.45,112
Beatriz Cardoso,United Kingdom,Drunk Elephant B-Hydra Intensive Hydration Serum 30ml,2020-04-07,350.36,59
Inês Cruz,India,Estée Lauder Revitalizing Supreme+ Moisturizer 15ml,2020-04-07,4867.23,129
Catarina Martins,Singapore,Estée Lauder Revitalizing Supreme+ Moisturizer 250ml,2023-05-20,4210.97,148
Carolina Pereira,Canada,CeraVe Eye Repair Cream 150ml,2024-12-13,10085.09,179
Rafael Neves,Indonesia,Neutrogena Oil-Free Acne Wash 75ml,2020-12-05,3834.83,110
Matilde Cruz,China,Avène Cleanance Expert Emulsion 15ml,2021-01-01,4094.38,104
Margarida Oliveira,Singapore,Olay Regenerist Micro-Sculpting Cream 125ml,2021-09-05,2186.64,133
Inês Cruz,Spain,The Ordinary Niacinamide 10% + Zinc 1% 75ml,2021-03-04,13761.66,167
Mariana Cruz,Germany,Paula's Choice CLINICAL 1% Retinol Treatment 200ml,2021-10-22,5350.65,57
Gonçalo Ribeiro,Italy,Kiehl's Super Multi-Corrective Anti-Aging Face & Neck Cream 200ml,2022-08-20,6206.94,129
Pedro Cruz,Spain,COSRX Oil-Free Ultra-Moisturizing Lotion 56.7g,2022-03-27,2518.66,119
Tomás Correia,Singapore,Estée Lauder Revitalizing Supreme+ Moisturizer 60ml,2021-10-08,5417.99,75
Miguel Marques,Netherlands,Drunk Elephant T.L.C. Framboos Glycolic Night Serum 15ml,2021-06-12,287.68,17
Leonor Rodrigues,Chile,Sunday Riley Saturn Sulfur Acne Treatment Mask 200ml,2020-05-17,21032.57,203
Tiago Jesus,Singapore,Kiehl's Super Multi-Corrective Anti-Aging Face & Neck Cream 60ml,2022-06-14,276.21,16
Joana Teixeira,Netherlands,The Ordinary Retinol 0.5% in Squalane 340g,2020-05-18,1172.94,115
Rafael Pereira,Indonesia,Drunk Elephant T.L.C. Framboos Glycolic Night Serum 340g,2021-08-19,12003.08,119
Sara Almeida,Argentina,Clinique Take The Day Off Cleansing Balm 150ml,2024-04-20,33223.01,395
Margarida Cardoso,Brazil,CeraVe PM Facial Moisturising Lotion 125ml,2021-08-18,11024.99,96
Rodrigo Coelho,South Korea,REN Clean Skincare Perfect Canvas Clean Primer 50ml,2022-02-19,28391.31,317
Afonso Oliveira,Spain,Estée Lauder Perfectly Clean Multi-Action Foam Cleanser 40ml,2022-04-17,11841.94,147
Inês Monteiro,Thailand,First Aid Beauty Ultra Repair Cream 250ml,2024-12-19,12346.79,127
Inês Martins,France,Skinceuticals Physical Fusion UV Defense SPF 50 340g,2020-01-19,7117.75,77
João Neves,China,CeraVe Skin Renewing Night Cream 40ml,2024-03-19,8196.04,93
Margarida Silva,Germany,Sunday Riley C.E.O. 15% Vitamin C Brightening Serum 56.7g,2020-06-01,318.33,89
Mariana Cruz,Japan,Clinique Smart Night Custom-Repair Moisturiser 60ml,2022-04-24,271.27,43
Inês Nunes,Spain,Paula's Choice BOOST 10% Niacinamide Booster 30ml,2022-11-01,894.74,247
Margarida Cardoso,Canada,Olay Regenerist Micro-Sculpting Cream 20ml,2020-04-05,1634.32,20
Beatriz Jesus,United Kingdom,The Ordinary Niacinamide 10% + Zinc 1% 60ml,2023-01-11,6056.12,65
Inês Cardoso,France,Avène Hydrance Rich Rehydrating Cream 100ml,2020-02-19,7575.71,113
Leonor Martins,Sweden,CeraVe Healing Ointment 340g,2021-03-23,1687.96,106
Margarida Teixeira,Spain,Paula's Choice CLINICAL 1% Retinol Treatment 30g,2021-01-10,2357.74,55
Rodrigo Teixeira,Netherlands,Clinique Repairwear Laser Focus Eye Cream 100ml,2023-02-05,5624.64,91
Dinis Ferreira,Indonesia,Sunday Riley Auto Correct Brightening and Depuffing Eye Contour Cream 200ml,2023-02-13,6649.16,75
Rafael Vieira,Spain,Kiehl's Calendula Serum-Infused Water Cream 125ml,2023-01-02,10852.42,130
Rafael Mendes,Sweden,Tatcha The Eye Concentrate 30g,2024-07-03,6367.25,59
Carolina Coelho,Sweden,Sunday Riley Good Genes All-In-One Lactic Acid Treatment 125ml,2024-04-22,7183.96,125
Leonor Pinto,United States,La Roche-Posay Effaclar Mat Moisturiser 125ml,2020-03-19,32952.11,301
Mariana Teixeira,United Kingdom,First Aid Beauty Eye Duty Triple Remedy AM Gel Cream 100ml,2021-09-01,3810.75,367
Inês Martins,Spain,Tatcha The Essence Plump Skin Softener 200ml,2024-04-25,6522.61,74
Afonso Oliveira,United States,Pixi Rose Ceramide Cream 125ml,2021-01-03,9128.13,127
Miguel Marques,Mexico,Skinceuticals Phyto Corrective Gel 30g,2022-06-20,7588.81,65
Afonso Almeida,France,Skinceuticals B5 Gel Hydrating Serum 50ml,2024-10-17,3617.49,55
Miguel Rocha,Japan,Neutrogena Norwegian Formula Face Cream 125ml,2022-12-27,2977.99,136
Carolina Pereira,Colombia,Sunday Riley UFO Ultra-Clarifying Face Oil 100ml,2021-03-05,1792.49,25
Martim Ferreira,Italy,REN Clean Skincare Radiance Perfection Serum 50ml,2024-08-30,16968.98,278
Afonso Pereira,Poland,COSRX Advanced Snail 96 Mucin Power Essence 56.7g,2024-10-05,719.15,76
Pedro Sousa,Poland,Estée Lauder Advanced Night Repair Serum 250ml,2024-07-19,4750.98,97
Rafael Martins,India,Pixi Vitamin-C Juice Cleanser 100ml,2021-10-12,15142.34,282
Rodrigo Coelho,Mexico,Olay Total Effects 7-in-1 Moisturiser 56.7g,2021-12-03,2757.99,43
Rafael Vieira,Spain,Tatcha The Rice Polish Foaming Enzyme Powder 15ml,2023-02-16,14458.54,137
Tomás Correia,United Kingdom,Estée Lauder Re-Nutriv Ultimate Lift Age-Correcting Crème 20ml,2020-03-18,1044.93,88
Sofia Martins,France,Estée Lauder Revitalizing Supreme+ Moisturizer 340g,2023-06-24,5847.08,51
Inês Martins,Singapore,Paula's Choice CALM Redness Relief Moisturizer SPF 30 40ml,2021-08-07,4765.31,71
Margarida Oliveira,United States,COSRX Ultimate Moisturizing Honey Overnight Mask 125ml,2023-10-13,544.11,85
Beatriz Cardoso,Colombia,Estée Lauder DayWear Multi-Protection Anti-Oxidant 24H Moisturizer SPF15 40ml,2020-09-14,10352.2,126
Rafael Pereira,South Korea,REN Clean Skincare Radiance Perfection Serum 30g,2020-04-04,8665.76,138
Rafael Martins,Japan,Paula's Choice CLINICAL 1% Retinol Treatment 30ml,2024-07-07,1706.19,70
Carolina Pereira,Poland,Sunday Riley C.E.O. 15% Vitamin C Brightening Serum 250ml,2021-10-06,18748.61,280
Mariana Mendes,Netherlands,Murad Oil-Control Mattifier SPF45 30ml,2021-06-10,10060.05,256
Guilherme Costa,China,La Roche-Posay Anthelios Invisible Fluid SPF50+ 30ml,2021-11-16,1692.16,141
Matilde Carvalho,Argentina,Skinceuticals B5 Gel Hydrating Serum 15ml,2022-06-28,27988.11,302
Guilherme Neves,Canada,Kiehl's Ultra Facial Cream 340g,2020-07-12,1538.21,51
Francisco Jesus,Argentina,Neutrogena Hydro Boost Eye Gel-Cream 15ml,2024-12-11,3587.36,46
Rafael Martins,China,Neutrogena Hydro Boost Eye Gel-Cream 200ml,2022-07-18,11762.79,149
Tomás Almeida,Philippines,Pixi Hydrating Milky Serum 50ml,2024-08-03,3629.52,49
Afonso Jesus,Indonesia,Estée Lauder Perfectly Clean Multi-Action Foam Cleanser 125ml,2022-01-13,5874.29,70
Tomás Neves,China,Bioderma Atoderm Intensive Baume 30g,2022-01-29,4004.63,75
Laura Soares,United States,Neutrogena Hydro Boost Eye Gel-Cream 100ml,2021-04-13,272.2,34
Carolina Pereira,South Korea,CeraVe Hydrating Cleanser 75ml,2021-06-18,10904.89,259
Sofia Jesus,Chile,Pixi Hydrating Milky Serum 20ml,2022-01-01,13310.45,130
Clara Ferreira,Argentina,Kiehl's Creamy Eye Treatment with Avocado 20ml,2021-09-03,6080.56,62
Rodrigo Pereira,India,Drunk Elephant T.L.C. Framboos Glycolic Night Serum 100ml,2022-04-11,22750.66,235
Rodrigo Jesus,Germany,Paula's Choice SKIN RECOVERY Replenishing Moisturizer 30g,2023-12-01,1752.16,34
Carolina Vieira,India,Neutrogena Rapid Wrinkle Repair Retinol Cream 340g,2020-08-28,6209.01,216
Tomás Rodrigues,Argentina,REN Clean Skincare Perfect Canvas Clean Primer 150ml,2020-09-01,2139.44,59
Carolina Silva,China,Olay Regenerist Collagen Peptide24 Serum 30g,2023-10-26,50720.6,497
Maria Coelho,Mexico,COSRX AHA/BHA Clarifying Treatment Toner 75ml,2022-05-29,8350.77,85
Leonor Rodrigues,China,Bioderma Sensibio Light Soothing Cream 15ml,2022-11-30,1844.38,21
Sofia Jesus,Canada,First Aid Beauty Ultra Repair Cream 250ml,2020-01-27,27109.63,279
Margarida Silva,United Kingdom,Skinceuticals A.G.E. Eye Complex 30ml,2020-01-01,418.4,36
Afonso Neves,Argentina,Murad AHA/BHA Exfoliating Cleanser 30g,2022-01-24,21750.71,248
Catarina Monteiro,Singapore,Clinique All About Eyes Rich 20ml,2020-01-29,912.11,47
Carolina Vieira,China,Olay Vitamin C + Peptide 24 Face Moisturizer 75ml,2022-05-10,20602.51,258
Martim Marques,Sweden,Olay Regenerist Collagen Peptide24 Serum 60ml,2020-04-22,8522.16,77
Gonçalo Ferreira,Japan,Bioderma Cicabio Arnica+ Repairing Cream 340g,2022-11-11,892.35,127
Laura Ribeiro,Thailand,Avène Antirougeurs Jour Redness Relief Cream 125ml,2020-09-27,11118.92,148
Afonso Pereira,Spain,Clinique Turnaround Overnight Revitalizing Moisturizer 250ml,2022-08-14,2794.21,64
Rafael Gomes,Italy,Clinique Moisture Surge 100H Auto-Replenishing Hydrator 15ml,2020-04-17,11937.62,109
Afonso Jesus,Canada,The Ordinary Niacinamide 10% + Zinc 1% 30g,2024-03-10,4185.6,41
Afonso Jesus,Indonesia,The Ordinary Natural Moisturising Factors + HA 340g,2022-07-16,1305.56,38
Gonçalo Coelho,South Korea,Murad Rapid Resurgence Eye Lift 40ml,2023-07-27,2051.33,64
Sofia Gomes,Singapore,Skinceuticals B5 Gel Hydrating Serum 30g,2020-12-10,1242.82,34
Francisco Vieira,United Kingdom,Estée Lauder Revitalizing Supreme+ Moisturizer 50ml,2024-10-08,13573.6,125
Carolina Pereira,Spain,Kiehl's Powerful-Strength Line-Reducing Concentrate 60ml,2024-01-02,11312.76,256
Francisco Almeida,Italy,Olay Luminous Whip Face Moisturiser 340g,2022-10-24,200.21,15
Lucas Coelho,Singapore,Bioderma Sensibio H2O Micellar Water 20ml,2020-07-20,10306.51,107
Joana Teixeira,Poland,REN Clean Skincare Radiance Perfection Serum 15ml,2020-08-15,8675.42,83
Guilherme Neves,Brazil,COSRX Oil-Free Ultra-Moisturizing Lotion 30g,2020-08-07,579.13,108
João Martins,Argentina,Olay Regenerist Micro-Sculpting Cream 250ml,2021-04-06,4452.35,80
Dinis Pereira,France,Sunday Riley Auto Correct Brightening and Depuffing Eye Contour Cream 100ml,2022-06-04,4334.98,55
Gonçalo Ferreira,Spain,First Aid Beauty Eye Duty Triple Remedy AM Gel Cream 20ml,2021-05-08,4306.67,121
Francisco Almeida,India,Avène XeraCalm A.D Lipid-Replenishing Cream 30g,2020-03-09,2217.35,20
Carolina Jesus,United States,The Ordinary Glycolic Acid 7% Toning Solution 200ml,2022-09-13,10080.32,231
Martim Pinto,Philippines,Skinceuticals Triple Lipid Restore 2:4:2 100ml,2024-03-25,4027.62,67
Francisco Coelho,Colombia,Kiehl's Super Multi-Corrective Anti-Aging Face & Neck Cream 30ml,2022-07-29,5864.77,78
Pedro Cruz,Mexico,Avène XeraCalm A.D Lipid-Replenishing Cream 50ml,2022-10-28,941.71,34
Rodrigo Jesus,Japan,Neutrogena Oil-Free Acne Wash 30g,2021-01-15,10089.23,93
Afonso Oliveira,Spain,Paula's Choice DEFENSE Antioxidant Pore Purifier 100ml,2022-01-22,1296.53,14
Ana Nunes,Singapore,Tatcha The Dewy Skin Cream 20ml,2023-01-23,1626.6,62
Diogo Rodrigues,France,REN Clean Skincare Radiance Perfection Serum 340g,2021-01-05,3663.43,34
Dinis Monteiro,Singapore,Clinique Even Better Clinical Radical Dark Spot Corrector 20ml,2020-01-26,987.12,10
Sofia Martins,United Kingdom,Bioderma Atoderm Intensive Baume 56.7g,2024-05-20,33072.51,354
Rafael Vieira,Poland,Drunk Elephant Protini Polypeptide Cream 75ml,2020-11-15,7031.59,136
Afonso Sousa,Poland,Olay Regenerist Micro-Sculpting Cream 50ml,2022-02-17,526.49,65
Miguel Marques,Chile,Paula's Choice CALM Redness Relief Moisturizer SPF 30 75ml,2022-04-28,3645.32,249
Martim Ferreira,Italy,REN Clean Skincare Ready Steady Glow Daily AHA Tonic 200ml,2024-10-20,3910.89,110
Rodrigo Pereira,Spain,Tatcha The Water Cream 75ml,2022-09-03,8411.88,292
Rafael Martins,Sweden,Clinique Repairwear Laser Focus Eye Cream 200ml,2022-12-13,11366.23,245
Mariana Cruz,Canada,Avène Eau Thermale Spray 60ml,2022-03-02,2741.55,101
Rodrigo Pinto,Netherlands,Drunk Elephant B-Hydra Intensive Hydration Serum 60ml,2023-08-13,9599.43,143
Tomás Rodrigues,Philippines,Estée Lauder Revitalizing Supreme+ Moisturizer 75ml,2024-02-24,40347.18,483
Leonor Marques,Japan,Skinceuticals Phyto Corrective Gel 50ml,2023-09-04,4291.47,84
Ana Ferreira,South Korea,Skinceuticals Phyto Corrective Gel 20ml,2024-10-04,4508.86,63
Lucas Santos,Netherlands,The Ordinary Niacinamide 10% + Zinc 1% 20ml,2020-11-05,7964.22,74
Afonso Monteiro,Japan,Tatcha The Eye Concentrate 20ml,2021-04-30,4670.5,57
João Mendes,Thailand,Kiehl's Clearly Corrective Dark Spot Solution 200ml,2021-05-30,2634.16,43
Mariana Martins,Poland,Paula's Choice RESIST Anti-Aging Clear Skin Hydrator 250ml,2020-08-30,2612.37,36
Tiago Cardoso,Japan,Estée Lauder Resilience Lift Firming & Sculpting Eye Cream 60ml,2020-03-08,1554.63,73
Afonso Martins,Singapore,Paula's Choice SKIN RECOVERY Replenishing Moisturizer 56.7g,2022-02-08,3570.18,38
Gonçalo Ribeiro,United Kingdom,COSRX AHA/BHA Clarifying Treatment Toner 40ml,2022-08-10,240.15,49
Leonor Coelho,China,First Aid Beauty Ultra Repair Firming Collagen Cream 30ml,2022-07-04,5941.13,321
Catarina Monteiro,Philippines,Paula's Choice RESIST Anti-Aging Clear Skin Hydrator 100ml,2024-06-26,4913.5,171
Dinis Carvalho,Poland,Kiehl's Midnight Recovery Concentrate 200ml,2024-02-06,11314.73,130
Carolina Silva,Colombia,COSRX Advanced Snail 96 Mucin Power Essence 250ml,2023-09-11,7134.46,120
Rafael Pereira,India,Pixi Retinol Tonic 125ml,2024-09-30,6162.37,146
Afonso Monteiro,Spain,Estée Lauder Advanced Night Repair Serum 75ml,2020-08-08,26626.68,229
Francisco Mendes,Germany,Olay Vitamin C + Peptide 24 Face Moisturizer 30g,2020-01-14,1481.26,34
Afonso Almeida,Brazil,COSRX Balancium B5 Biome Comfort Cream 340g,2023-11-28,4780.71,81
Francisco Almeida,Mexico,REN Clean Skincare Overnight Glow Dark Spot Sleeping Cream 340g,2020-03-08,9483.88,348
Leonor Marques,Japan,Estée Lauder Resilience Lift Firming & Sculpting Eye Cream 340g,2021-06-09,6204.68,110
Joana Fernandes,Thailand,Bioderma Cicabio Arnica+ Repairing Cream 200ml,2023-02-22,8014.46,126
Rafael Martins,Thailand,The Ordinary Glycolic Acid 7% Toning Solution 75ml,2020-06-11,11661.95,101
Ana Ferreira,Thailand,CeraVe Healing Ointment 100ml,2023-05-14,2531.9,53
Rodrigo Soares,Argentina,Estée Lauder Perfectly Clean Multi-Action Foam Cleanser 200ml,2020-03-20,19964.3,176
Clara Gomes,Sweden,COSRX Full Fit Propolis Light Cream 15ml,2022-10-08,2769.16,121
Rafael Martins,Chile,CeraVe Moisturising Cream 60ml,2024-02-17,9180.21,101
Clara Cardoso,Canada,Murad Vita-C Glycolic Brightening Serum 100ml,2022-10-13,2706.78,138
Joana Teixeira,Poland,REN Clean Skincare Clean Screen Mineral SPF30 340g,2021-11-02,2175.26,104
Maria Fernandes,Spain,La Roche-Posay Hyalu B5 Serum 60ml,2024-03-14,5779.27,145
Joana Teixeira,Argentina,CeraVe Eye Repair Cream 150ml,2024-04-15,4468.79,144
Margarida Silva,Philippines,Sunday Riley Good Genes All-In-One Lactic Acid Treatment 125ml,2024-11-29,7439.14,224
Lucas Ribeiro,Brazil,First Aid Beauty KP Bump Eraser Body Scrub 75ml,2022-09-22,1981.39,20
Francisco Mendes,Japan,REN Clean Skincare V-Cense Revitalising Eye Cream 30ml,2021-03-22,5615.94,112
Diogo Monteiro,China,Skinceuticals Triple Lipid Restore 2:4:2 50ml,2022-08-17,13475.01,182
Diogo Neves,Brazil,CeraVe Skin Renewing Night Cream 150ml,2023-11-07,24815.68,415
Matilde Moreira,Chile,Murad Cellular Hydration Barrier Repair Cream 75ml,2021-11-20,10524.02,103
Rodrigo Teixeira,Thailand,Neutrogena Hydro Boost Water Gel 200ml,2021-05-13,8463.55,107
Catarina Jesus,Poland,Kiehl's Midnight Recovery Concentrate 250ml,2024-09-25,18773.3,385
Matilde Moreira,Japan,Pixi Skintreats Rose Caviar Eye Cream 250ml,2022-07-22,14813.6,135
Sara Mendes,Singapore,Pixi +C VIT Brightening Serum 250ml,2023-07-18,354.15,101
Joana Oliveira,Italy,La Roche-Posay Lipikar Balm AP+ 200ml,2021-08-18,1249.7,23
Rodrigo Jesus,Poland,Skinceuticals C E Ferulic Serum 30g,2023-05-24,26402.31,266
Ana Ferreira,Italy,La Roche-Posay Lipikar Balm AP+ 60ml,2023-05-15,393.05,11
Catarina Neves,Argentina,COSRX Oil-Free Ultra-Moisturizing Lotion 56.7g,2020-01-15,5267.89,278
Afonso Rocha,Japan,Bioderma Nodé Detox Shampoo 40ml,2024-12-07,6287.69,140
Diogo Martins,Netherlands,Clinique Turnaround Overnight Revitalizing Moisturizer 20ml,2021-10-05,6102.87,69
Mariana Neves,Spain,Pixi Skintreats Rose Caviar Eye Cream 250ml,2022-09-28,382.59,89
Tomás Rodrigues,Poland,Paula's Choice EARTH SOURCED Antioxidant-Enriched Natural Moisturizer 250ml,2022-12-27,13096.65,190
Sofia Carvalho,Colombia,Avène Cicalfate+ Restorative Protective Cream 75ml,2023-11-24,18160.13,174
Sofia Nunes,Netherlands,Sunday Riley Luna Sleeping Night Oil 60ml,2021-04-06,6864.74,64
Maria Coelho,Germany,Sunday Riley Auto Correct Brightening and Depuffing Eye Contour Cream 56.7g,2021-04-25,2639.52,49
Rafael Mendes,Sweden,REN Clean Skincare Vita Mineral Active 7 Eye Gel 100ml,2024-04-03,986.56,307
Dinis Cardoso,France,CeraVe Moisturising Cream 100ml,2020-11-04,2970.07,103
Inês Cruz,South Korea,Murad Hydro-Dynamic Ultimate Moisture 15ml,2020-12-23,10755.92,150
Sofia Martins,Chile,Neutrogena Cellular Boost Concentrate Serum 75ml,2024-02-22,13158.65,191
Afonso Jesus,India,La Roche-Posay Toleriane Hydrating Gentle Cleanser 30g,2022-03-09,2020.22,87
Sofia Martins,China,Bioderma Pigmentbio C-Concentrate Brightening Serum 340g,2023-09-20,20055.81,521
Pedro Ferreira,Colombia,La Roche-Posay Retinol B3 Serum 200ml,2021-04-25,1465.18,44
João Mendes,Singapore,Sunday Riley Saturn Sulfur Acne Treatment Mask 200ml,2021-12-05,1068.69,83
Tomás Ribeiro,Spain,Neutrogena Norwegian Formula Face Cream 340g,2023-03-30,17793.51,424
Dinis Monteiro,Philippines,Tatcha The Silk Cream 50ml,2022-10-01,990.31,49
Lucas Santos,India,Estée Lauder Revitalizing Supreme+ Moisturizer 20ml,2023-09-17,28454.53,393
Sara Fernandes,India,Neutrogena Cellular Boost Concentrate Serum 15ml,2021-10-02,2717.56,83
Gonçalo Ferreira,China,Neutrogena Hydro Boost Water Gel 200ml,2024-11-13,21967.46,454
Rodrigo Moreira,United States,REN Clean Skincare Overnight Glow Dark Spot Sleeping Cream 150ml,2024-06-16,12490.68,130
Sofia Carvalho,Canada,Pixi Overnight Glow Serum 50ml,2024-06-15,3234.83,52
Leonor Coelho,Colombia,La Roche-Posay Toleriane Double Repair Moisturiser 30ml,2020-10-31,21360.61,346
Catarina Martins,Thailand,Skinceuticals Metacell Renewal B3 50ml,2022-06-27,436.29,11
Laura Carvalho,Argentina,Neutrogena Hydro Boost Eye Gel-Cream 40ml,2023-06-19,4199.34,81
Carolina Jesus,Singapore,Bioderma Atoderm Intensive Baume 75ml,2023-06-01,173.0,52
Afonso Neves,Netherlands,Clinique Take The Day Off Cleansing Balm 60ml,2020-05-17,5171.04,112
Leonor Martins,Poland,First Aid Beauty Hello FAB Coconut Skin Smoothie Priming Moisturizer 150ml,2020-10-10,1409.27,126
Carolina Silva,South Korea,Drunk Elephant Lala Retro Whipped Cream 150ml,2021-01-16,6053.9,135
Afonso Vieira,Netherlands,The Ordinary Niacinamide 10% + Zinc 1% 250ml,2024-05-01,12151.79,236
Rafael Pereira,Argentina,Clinique Repairwear Laser Focus Eye Cream 200ml,2021-09-05,2796.87,74
Laura Ribeiro,Italy,Pixi Retinol Tonic 30g,2023-03-05,1348.23,17
Sofia Carvalho,Spain,Tatcha The Eye Concentrate 56.7g,2023-03-31,2926.05,126
Maria Ferreira,Canada,Drunk Elephant Protini Polypeptide Cream 40ml,2020-05-20,4364.53,117
Diogo Costa,United Kingdom,La Roche-Posay Lipikar Balm AP+ 50ml,2021-10-20,4357.03,75
Rafael Vieira,Italy,The Ordinary Hyaluronic Acid 2% + B5 100ml,2024-03-13,10830.46,318
Mariana Soares,Indonesia,Murad Brightening Booster 30g,2021-10-22,2962.37,87
Rodrigo Coelho,Singapore,Murad AHA/BHA Exfoliating Cleanser 60ml,2022-12-22,10219.92,275
Francisco Vieira,Singapore,Tatcha The Eye Concentrate 75ml,2021-11-05,225.35,36
Margarida Oliveira,Spain,Murad Brightening Booster 50ml,2022-02-22,1180.2,92
Francisco Fernandes,United States,Drunk Elephant Protini Polypeptide Cream 100ml,2020-03-16,327.78,41
Miguel Marques,India,COSRX AHA/BHA Clarifying Treatment Toner 150ml,2022-03-29,2297.89,88
João Costa,France,La Roche-Posay Toleriane Double Repair Moisturiser 100ml,2023-03-22,3134.41,28
Afonso Monteiro,Argentina,Paula's Choice SKIN RECOVERY Replenishing Moisturizer 150ml,2022-07-14,2091.11,37
Inês Ferreira,Chile,First Aid Beauty Hello FAB Coconut Skin Smoothie Priming Moisturizer 100ml,2023-11-02,848.61,16
Afonso Oliveira,Argentina,First Aid Beauty Eye Duty Triple Remedy AM Gel Cream 56.7g,2024-06-02,107.93,26
Diogo Cardoso,Thailand,Estée Lauder Advanced Night Repair Serum 60ml,2020-02-28,804.58,46
Rodrigo Moreira,Philippines,Bioderma Pigmentbio C-Concentrate Brightening Serum 340g,2022-06-04,6746.36,67
Diogo Monteiro,South Korea,COSRX Full Fit Propolis Light Cream 50ml,2023-01-02,7139.92,145
Clara Cardoso,Japan,Murad Rapid Resurgence Eye Lift 340g,2022-06-08,10968.38,482
Tiago Almeida,Indonesia,CeraVe Skin Renewing Night Cream 30g,2022-08-26,4932.11,216
Sara Cruz,Argentina,Skinceuticals C E Ferulic Serum 150ml,2023-06-20,1130.28,51
Lucas Rodrigues,Indonesia,Neutrogena Oil-Free Acne Wash 150ml,2022-04-07,511.23,44
Rodrigo Pereira,Thailand,Avène Cicalfate+ Restorative Protective Cream 125ml,2022-04-11,4903.55,127
Leonor Coelho,Philippines,Skinceuticals B5 Gel Hydrating Serum 200ml,2021-02-27,46177.23,456
Francisco Almeida,Thailand,Drunk Elephant F-Balm Electrolyte Waterbalm 40ml,2020-03-09,5140.81,58
Afonso Vieira,Brazil,Sunday Riley Luna Sleeping Night Oil 150ml,2021-05-04,4725.5,70
Gonçalo Almeida,Argentina,Paula's Choice RESIST Anti-Aging Clear Skin Hydrator 20ml,2021-12-09,5228.41,62
Diogo Rocha,Italy,Neutrogena Cellular Boost Concentrate Serum 30g,2020-12-08,4955.97,66
Matilde Moreira,India,Tatcha The Indigo Overnight Repair Treatment 75ml,2023-11-03,3146.05,60
Rafael Pereira,Japan,Skinceuticals C E Ferulic Serum 100ml,2023-12-06,2441.95,51
Margarida Cardoso,Singapore,Clinique All About Eyes Rich 60ml,2023-10-03,1463.68,128
Lucas Costa,United States,Avène Cleanance Expert Emulsion 30ml,2021-07-22,5284.71,185
Maria Coelho,Spain,Murad Retinol Youth Renewal Serum 15ml,2020-11-08,9740.49,135
Beatriz Jesus,Thailand,Skinceuticals Discoloration Defense Serum 125ml,2020-03-22,413.26,12
Laura Soares,Sweden,The Ordinary AHA 30% + BHA 2% Peeling Solution 200ml,2023-02-17,5728.36,525
Afonso Martins,Chile,First Aid Beauty FAB Skin Lab Resurfacing Liquid 10% AHA 56.7g,2022-05-14,4207.95,44
Sofia Rodrigues,India,The Ordinary Buffet Multi-Technology Peptide Serum 340g,2024-06-19,20193.12,322
Laura Mendes,Italy,Neutrogena Oil-Free Acne Wash 30g,2021-05-07,13592.17,125
Laura Pereira,South Korea,Estée Lauder Nutritious Super-Pomegranate Radiant Energy Eye Jelly 15ml,2022-08-21,10547.97,172
Laura Soares,Canada,Sunday Riley Ice Ceramide Moisturizing Cream 125ml,2023-12-21,18147.63,193
Lucas Costa,Poland,Drunk Elephant Virgin Marula Luxury Face Oil 30ml,2020-09-07,16986.48,143
Lucas Rodrigues,Netherlands,Paula's Choice CALM Redness Relief Moisturizer SPF 30 100ml,2024-03-16,3528.67,68
Leonor Coelho,Argentina,The Ordinary Hyaluronic Acid 2% + B5 60ml,2023-08-15,27085.28,404
Martim Rodrigues,Chile,Pixi Overnight Glow Serum 60ml,2022-06-17,2913.86,240
Rodrigo Teixeira,Chile,The Ordinary AHA 30% + BHA 2% Peeling Solution 50ml,2020-06-19,2588.0,63
Laura Fernandes,Brazil,CeraVe Hydrating Cleanser 56.7g,2024-08-19,4279.66,45
Carolina Silva,Poland,Bioderma Nodé Detox Shampoo 50ml,2022-04-08,1372.12,23
Rodrigo Pinto,United Kingdom,Estée Lauder Micro Essence Skin Activating Treatment Lotion 20ml,2021-01-22,4465.45,101
Diogo Rocha,Mexico,Sunday Riley Good Genes All-In-One Lactic Acid Treatment 40ml,2024-11-21,8167.73,128
Martim Cardoso,Indonesia,Sunday Riley UFO Ultra-Clarifying Face Oil 20ml,2020-02-19,2241.97,363
Joana Santos,Italy,Clinique All About Eyes Rich 20ml,2023-06-28,1036.2,113
Sofia Mendes,Germany,CeraVe PM Facial Moisturising Lotion 340g,2022-12-06,7607.19,81
Afonso Almeida,Canada,Murad Rapid Resurgence Eye Lift 50ml,2023-12-24,270.23,12
Laura Soares,Germany,COSRX Oil-Free Ultra-Moisturizing Lotion 100ml,2023-11-06,13653.59,148
Inês Monteiro,Philippines,COSRX AC Collection Lightweight Soothing Moisturizer 30ml,2023-08-10,1094.4,21
Matilde Carvalho,United States,CeraVe Eye Repair Cream 40ml,2024-10-30,1500.82,48
Mariana Cruz,France,Avène Cleanance Expert Emulsion 15ml,2020-04-28,2884.24,57
Afonso Monteiro,Chile,COSRX Ultimate Moisturizing Honey Overnight Mask 50ml,2021-09-26,7371.88,77
Lucas Rodrigues,Mexico,Sunday Riley Ice Ceramide Moisturizing Cream 20ml,2023-02-11,5464.09,103
Afonso Pereira,China,Neutrogena Cellular Boost Concentrate Serum 75ml,2024-11-26,35399.05,480
Diogo Cardoso,Thailand,Tatcha The Rice Polish Foaming Enzyme Powder 20ml,2021-03-16,7126.84,155
Miguel Martins,Sweden,Estée Lauder Resilience Lift Firming & Sculpting Eye Cream 100ml,2020-10-08,623.76,17
Rodrigo Pereira,Brazil,Paula's Choice SKIN PERFECTING 2% BHA Liquid Exfoliant 30ml,2024-12-02,16654.01,184
João Martins,Spain,REN Clean Skincare Evercalm Global Protection Day Cream 30g,2023-08-19,3591.49,72
Carolina Ferreira,China,Neutrogena Oil-Free Acne Wash 30g,2021-03-07,12832.17,122
Laura Pereira,France,La Roche-Posay Anthelios Invisible Fluid SPF50+ 250ml,2023-10-06,252.78,19
Sofia Martins,Poland,Pixi Glow Tonic 30ml,2024-04-05,8664.25,313
Rodrigo Pereira,India,Drunk Elephant Lala Retro Whipped Cream 75ml,2020-05-03,29269.15,324
Ana Nunes,Chile,Neutrogena Oil-Free Acne Wash 50ml,2021-06-30,7897.25,88
Carolina Marques,Canada,Skinceuticals Discoloration Defense Serum 50ml,2024-09-13,33011.14,292
Mariana Teixeira,Italy,COSRX Oil-Free Ultra-Moisturizing Lotion 200ml,2022-11-11,6439.98,179
Tiago Gomes,United Kingdom,Skinceuticals C E Ferulic Serum 30g,2022-09-19,288.31,10
Rafael Neves,Canada,First Aid Beauty Hello FAB Coconut Skin Smoothie Priming Moisturizer 50ml,2023-09-13,2776.62,105
Ana Nunes,Japan,Sunday Riley Good Genes All-In-One Lactic Acid Treatment 125ml,2022-12-31,14585.66,144
Francisco Almeida,Japan,La Roche-Posay Anthelios Invisible Fluid SPF50+ 56.7g,2022-01-18,8749.16,150
Tomás Rodrigues,Italy,COSRX Oil-Free Ultra-Moisturizing Lotion 56.7g,2023-03-22,1384.98,16
Francisco Vieira,Chile,Skinceuticals Physical Fusion UV Defense SPF 50 200ml,2022-02-09,12165.79,122
Afonso Sousa,Poland,First Aid Beauty Ultra Repair Cream 20ml,2023-08-22,7362.17,79
Sofia Nunes,India,Pixi Vitamin-C Juice Cleanser 150ml,2024-05-26,59.46,12
Sofia Mendes,Brazil,La Roche-Posay Hyalu B5 Serum 340g,2020-07-18,3764.85,68
Afonso Neves,Philippines,COSRX AHA/BHA Clarifying Treatment Toner 30ml,2022-06-09,24937.16,241
Rodrigo Coelho,Canada,La Roche-Posay Hyalu B5 Serum 200ml,2023-01-12,4785.04,147
Mariana Martins,Mexico,REN Clean Skincare Ready Steady Glow Daily AHA Tonic 40ml,2022-02-19,850.06,65
João Neves,Germany,Sunday Riley Auto Correct Brightening and Depuffing Eye Contour Cream 30g,2022-08-28,1482.03,124
Carolina Jesus,Canada,First Aid Beauty FAB Skin Lab Resurfacing Liquid 10% AHA 15ml,2020-05-28,19276.0,199
João Vieira,Argentina,The Ordinary Niacinamide 10% + Zinc 1% 40ml,2020-11-12,4812.01,276
Catarina Monteiro,Spain,Clinique Repairwear Laser Focus Eye Cream 20ml,2022-01-04,3955.28,308
Clara Gomes,Mexico,La Roche-Posay Hyalu B5 Serum 60ml,2024-04-16,3072.51,82
Pedro Ferreira,South Korea,First Aid Beauty KP Bump Eraser Body Scrub 30g,2022-07-11,27154.91,338
Sara Fernandes,Colombia,Olay Retinol24 Night Moisturizer 100ml,2023-03-17,2994.04,85
Martim Teixeira,United States,Kiehl's Ultra Facial Cream 20ml,2024-01-24,2823.9,30
Carolina Ferreira,Colombia,REN Clean Skincare V-Cense Revitalising Eye Cream 125ml,2020-05-31,1382.01,57
Sofia Nunes,Chile,Olay Regenerist Micro-Sculpting Cream 125ml,2021-09-26,5709.89,343
Martim Teixeira,Italy,Sunday Riley UFO Ultra-Clarifying Face Oil 30g,2021-11-14,11883.06,321
Tomás Ribeiro,Chile,La Roche-Posay Toleriane Double Repair Moisturiser 30g,2023-07-17,8088.97,75
Francisco Mendes,Philippines,COSRX Balancium B5 Biome Comfort Cream 20ml,2023-10-23,5429.98,51
Beatriz Marques,Thailand,Tatcha The Clarifying Clay Mask 250ml,2020-02-12,7290.19,80
Diogo Martins,Brazil,Drunk Elephant Lala Retro Whipped Cream 40ml,2023-12-30,3312.26,56
Diogo Monteiro,Mexico,Murad Rapid Resurgence Eye Lift 40ml,2022-01-13,12370.76,177
Leonor Rodrigues,Argentina,Estée Lauder Micro Essence Skin Activating Treatment Lotion 30g,2024-07-19,5404.65,47
Mariana Neves,France,Skinceuticals Triple Lipid Restore 2:4:2 30g,2023-07-21,35277.47,355
Margarida Marques,France,Drunk Elephant T.L.C. Framboos Glycolic Night Serum 250ml,2023-12-17,3763.13,104
Inês Monteiro,India,Bioderma Sebium Pore Refiner 200ml,2024-07-23,2546.0,421
Tomás Martins,Sweden,Sunday Riley UFO Ultra-Clarifying Face Oil 30g,2023-02-22,7628.72,68
Mariana Neves,Canada,COSRX Advanced Snail 92 All in One Cream 250ml,2024-03-02,1822.18,45
Tomás Almeida,Singapore,Neutrogena Oil-Free Acne Wash 60ml,2023-04-28,3990.9,135
Tomás Neves,Singapore,The Ordinary Hyaluronic Acid 2% + B5 75ml,2023-03-09,1469.41,39
Margarida Mendes,Chile,Tatcha The Clarifying Clay Mask 250ml,2020-10-23,9526.46,105
Clara Mendes,Sweden,The Ordinary Buffet Multi-Technology Peptide Serum 15ml,2020-02-25,840.42,80
Clara Gomes,United States,Skinceuticals A.G.E. Eye Complex 40ml,2021-05-07,10671.28,308
Inês Ribeiro,Philippines,Sunday Riley Luna Sleeping Night Oil 125ml,2023-10-17,3810.47,36
Inês Ferreira,United States,COSRX Full Fit Propolis Light Cream 30ml,2023-02-19,26403.6,323
Afonso Monteiro,India,Kiehl's Super Multi-Corrective Anti-Aging Face & Neck Cream 60ml,2024-01-23,5784.27,125
Leonor Jesus,Singapore,Pixi Rose Ceramide Cream 125ml,2021-11-25,10403.6,137
Margarida Pereira,Italy,Paula's Choice SKIN PERFECTING 2% BHA Liquid Exfoliant 40ml,2024-06-27,12401.52,111
Dinis Ferreira,Chile,Bioderma Hydrabio Gel-Crème 150ml,2022-04-12,1237.6,38
Pedro Santos,Indonesia,Murad Oil-Control Mattifier SPF45 250ml,2022-06-06,2383.97,54
Mariana Teixeira,Japan,Olay Total Effects 7-in-1 Moisturiser 100ml,2020-02-29,4120.03,89
Ana Monteiro,Italy,Sunday Riley C.E.O. 15% Vitamin C Brightening Serum 250ml,2023-11-23,10934.19,104
Inês Monteiro,Poland,REN Clean Skincare Evercalm Global Protection Day Cream 125ml,2023-08-08,2780.04,28
Guilherme Neves,Thailand,Paula's Choice CALM Redness Relief Moisturizer SPF 30 15ml,2024-10-31,3544.16,74
Gonçalo Rodrigues,France,Tatcha The Dewy Skin Cream 125ml,2021-02-12,2419.57,122
Sofia Jesus,Argentina,Sunday Riley C.E.O. 15% Vitamin C Brightening Serum 50ml,2021-07-23,35655.68,418
Mariana Martins,Germany,Tatcha The Indigo Overnight Repair Treatment 50ml,2023-12-21,833.31,26
Tiago Almeida,Netherlands,Paula's Choice SKIN RECOVERY Replenishing Moisturizer 100ml,2021-06-24,9474.98,146
João Neves,United Kingdom,Paula's Choice CLINICAL 1% Retinol Treatment 20ml,2021-12-29,994.21,17
Rafael Martins,Thailand,The Ordinary AHA 30% + BHA 2% Peeling Solution 50ml,2020-10-03,7647.2,121
Francisco Vieira,Philippines,Sunday Riley Ice Ceramide Moisturizing Cream 30g,2020-04-13,3989.79,67
Carolina Coelho,United Kingdom,Paula's Choice BOOST 10% Niacinamide Booster 30g,2020-03-03,2231.67,117
Inês Monteiro,Colombia,Tatcha The Eye Concentrate 75ml,2024-08-21,6111.92,58
Ana Teixeira,Italy,Drunk Elephant F-Balm Electrolyte Waterbalm 50ml,2021-01-22,10016.22,163
João Neves,Spain,Clinique Smart Night Custom-Repair Moisturiser 30g,2023-10-05,843.0,111
João Costa,Philippines,Estée Lauder Re-Nutriv Ultimate Lift Age-Correcting Crème 30g,2023-02-14,10863.17,140
Matilde Cruz,China,Olay Regenerist Micro-Sculpting Cream 30g,2022-09-25,1395.21,23
Rafael Pereira,Canada,REN Clean Skincare Vita Mineral Active 7 Eye Gel 200ml,2021-06-14,1110.83,12
Sofia Martins,Brazil,COSRX AHA/BHA Clarifying Treatment Toner 200ml,2024-08-29,4519.68,60
Joana Santos,South Korea,First Aid Beauty Hello FAB Coconut Skin Smoothie Priming Moisturizer 15ml,2023-10-28,9428.65,164
Joana Teixeira,United States,CeraVe Renewing SA Cream 100ml,2020-11-29,4756.78,91
Mariana Teixeira,France,REN Clean Skincare Overnight Glow Dark Spot Sleeping Cream 30ml,2024-06-19,1585.07,132
Afonso Martins,United States,Pixi +C VIT Brightening Serum 250ml,2024-03-06,26849.03,368
Dinis Monteiro,Singapore,Neutrogena Hydro Boost Eye Gel-Cream 150ml,2022-10-28,3650.35,94
Leonor Rodrigues,Poland,The Ordinary Buffet Multi-Technology Peptide Serum 56.7g,2022-06-24,11824.44,141
Rafael Mendes,Chile,First Aid Beauty Ultra Repair Cream 30ml,2023-12-06,468.09,80
Diogo Ribeiro,Spain,Pixi Hydrating Milky Serum 250ml,2022-03-15,1912.99,99
Sara Ferreira,Brazil,Drunk Elephant C-Firma Fresh Day Serum 56.7g,2022-02-16,816.83,23
Martim Rodrigues,Japan,Olay Eyes Ultimate Eye Cream 30ml,2020-08-01,7715.66,69
Maria Moreira,Canada,Pixi Vitamin-C Juice Cleanser 40ml,2020-09-24,1401.49,146
Ana Monteiro,Spain,REN Clean Skincare Perfect Canvas Clean Primer 150ml,2023-04-28,2726.38,34
Joana Fernandes,China,Drunk Elephant Virgin Marula Luxury Face Oil 250ml,2024-08-06,4826.1,252
Tomás Neves,Chile,Kiehl's Calendula Serum-Infused Water Cream 20ml,2022-12-10,16030.24,345
Maria Fernandes,China,Clinique All About Eyes Rich 30ml,2020-10-12,23149.06,219
Diogo Oliveira,Mexico,Tatcha The Water Cream 125ml,2020-01-22,9883.29,109
Laura Soares,United Kingdom,REN Clean Skincare Vita Mineral Active 7 Eye Gel 340g,2020-10-09,837.99,12
Gonçalo Ferreira,South Korea,COSRX AHA/BHA Clarifying Treatment Toner 125ml,2023-05-21,4483.99,117
Clara Ferreira,Mexico,Bioderma Sensibio Light Soothing Cream 340g,2020-03-31,1157.87,34
Rodrigo Pereira,France,REN Clean Skincare Vita Mineral Active 7 Eye Gel 40ml,2020-01-10,369.06,41
Afonso Neves,India,Paula's Choice SKIN PERFECTING 2% BHA Liquid Exfoliant 60ml,2024-06-01,6426.17,94
Margarida Oliveira,France,REN Clean Skincare Overnight Glow Dark Spot Sleeping Cream 60ml,2020-12-26,1059.86,44
Rodrigo Moreira,Colombia,Tatcha The Rice Polish Foaming Enzyme Powder 30g,2020-10-26,1589.75,24
Clara Mendes,South Korea,Skinceuticals Physical Fusion UV Defense SPF 50 30ml,2021-08-19,986.61,219
Diogo Monteiro,Germany,Sunday Riley Auto Correct Brightening and Depuffing Eye Contour Cream 60ml,2022-02-17,361.06,62
Martim Marques,South Korea,Skinceuticals Triple Lipid Restore 2:4:2 40ml,2024-02-25,4135.16,135
Afonso Pereira,Colombia,Clinique Moisture Surge 100H Auto-Replenishing Hydrator 60ml,2023-04-27,12511.58,223
Laura Costa,South Korea,Tatcha The Silk Cream 20ml,2022-01-26,1401.4,53
Afonso Pereira,Japan,Bioderma Atoderm Intensive Baume 125ml,2022-09-14,17010.26,242
Margarida Teixeira,Poland,Estée Lauder Perfectly Clean Multi-Action Foam Cleanser 60ml,2024-08-10,13148.99,424
Leonor Jesus,France,Kiehl's Powerful-Strength Line-Reducing Concentrate 75ml,2024-04-05,4981.11,73
Beatriz Cardoso,Spain,La Roche-Posay Retinol B3 Serum 100ml,2024-06-12,5260.31,72
Gonçalo Ferreira,Sweden,COSRX AC Collection Lightweight Soothing Moisturizer 30ml,2021-07-09,7582.83,186
Carolina Pereira,Indonesia,Skinceuticals C E Ferulic Serum 15ml,2021-06-09,4369.1,103
Lucas Santos,United Kingdom,Tatcha The Eye Concentrate 50ml,2023-10-03,3559.8,71
Joana Teixeira,India,Murad Oil-Control Mattifier SPF45 50ml,2021-07-14,2251.56,367
Gonçalo Ribeiro,Germany,REN Clean Skincare Evercalm Global Protection Day Cream 100ml,2021-09-24,1980.08,122
Lucas Coelho,United States,Drunk Elephant F-Balm Electrolyte Waterbalm 340g,2023-07-12,1767.48,17
Leonor Jesus,Colombia,Neutrogena Norwegian Formula Face Cream 56.7g,2020-04-27,21745.45,212
Lucas Costa,United States,Tatcha The Eye Concentrate 30g,2020-08-02,22808.59,322
Rodrigo Cruz,Brazil,Neutrogena Hydro Boost Water Gel 200ml,2020-10-13,1914.73,69
Mariana Soares,Argentina,Estée Lauder DayWear Multi-Protection Anti-Oxidant 24H Moisturizer SPF15 60ml,2024-01-09,7972.04,144
Rafael Pereira,Spain,Bioderma Hydrabio Gel-Crème 340g,2021-01-15,2598.4,98
Martim Cardoso,Poland,Paula's Choice CALM Redness Relief Moisturizer SPF 30 125ml,2022-12-20,14191.3,141
Mariana Mendes,Chile,Drunk Elephant Virgin Marula Luxury Face Oil 20ml,2024-09-20,1594.19,21
Rodrigo Pinto,India,Pixi Overnight Glow Serum 30g,2023-10-27,5988.52,68
Afonso Monteiro,Singapore,Bioderma Hydrabio Gel-Crème 30ml,2020-11-09,392.32,43
Ana Teixeira,France,Bioderma Sebium Pore Refiner 56.7g,2022-01-07,2274.81,114
Francisco Fernandes,Spain,Clinique Smart Night Custom-Repair Moisturiser 30ml,2023-01-10,25037.37,234
Sofia Rodrigues,United States,First Aid Beauty Ultra Repair Firming Collagen Cream 125ml,2023-10-20,5486.17,52
Carolina Marques,Thailand,Clinique Dramatically Different Moisturising Lotion+ 200ml,2022-10-28,7811.49,77
Gonçalo Ribeiro,United Kingdom,Sunday Riley Good Genes All-In-One Lactic Acid Treatment 30ml,2022-05-20,1413.69,339
Beatriz Cardoso,Argentina,Estée Lauder Resilience Lift Firming & Sculpting Eye Cream 250ml,2020-08-22,5428.39,91
Francisco Jesus,Thailand,Estée Lauder Advanced Night Repair Serum 100ml,2023-07-05,25182.26,397
Rodrigo Cruz,Japan,Drunk Elephant Virgin Marula Luxury Face Oil 150ml,2023-06-05,2457.36,56
Lucas Costa,Colombia,First Aid Beauty Ultra Repair Cream 100ml,2022-06-16,10161.82,319
Maria Fernandes,India,Tatcha The Silk Cream 75ml,2021-08-11,5377.63,111
Afonso Martins,United Kingdom,Olay Luminous Whip Face Moisturiser 20ml,2023-11-28,10046.38,108
Rafael Pereira,Netherlands,REN Clean Skincare Overnight Glow Dark Spot Sleeping Cream 150ml,2024-09-08,11541.51,104
Miguel Ferreira,United Kingdom,Estée Lauder Perfectly Clean Multi-Action Foam Cleanser 200ml,2022-03-22,9167.65,80
Inês Martins,Canada,Pixi Vitamin-C Juice Cleanser 250ml,2022-03-10,3983.58,50
Sara Cruz,Canada,Kiehl's Ultra Facial Cream 40ml,2020-11-17,26037.27,396
Catarina Jesus,South Korea,Pixi Skintreats Rose Caviar Eye Cream 15ml,2024-09-29,3897.57,107
Martim Pinto,United States,Drunk Elephant A-Passioni Retinol Cream 15ml,2023-04-07,5681.26,140
Guilherme Neves,Canada,La Roche-Posay Hyalu B5 Serum 30ml,2020-05-01,1584.56,14
Joana Fernandes,Mexico,Tatcha The Rice Polish Foaming Enzyme Powder 75ml,2023-06-10,13791.96,115
Guilherme Neves,Canada,REN Clean Skincare Ready Steady Glow Daily AHA Tonic 125ml,2022-10-21,12158.89,135
Sofia Nunes,Thailand,Estée Lauder Advanced Night Repair Serum 150ml,2023-09-05,16237.72,318
Carolina Vieira,France,Sunday Riley Saturn Sulfur Acne Treatment Mask 340g,2022-06-22,6113.71,154
Francisco Jesus,Argentina,Neutrogena Hydro Boost Eye Gel-Cream 50ml,2024-12-03,9873.27,350
Ana Ferreira,China,Neutrogena Hydro Boost Eye Gel-Cream 60ml,2020-07-14,19812.57,311
Ana Ferreira,France,Neutrogena Bright Boost Gel Cream 60ml,2021-12-02,4802.92,64
Carolina Marques,Singapore,Bioderma Atoderm Intensive Baume 250ml,2020-08-31,1346.67,16
Joana Santos,Thailand,Murad Rapid Resurgence Eye Lift 40ml,2023-07-08,1041.69,16
Diogo Cardoso,United Kingdom,Pixi Retinol Tonic 60ml,2021-07-26,8366.26,297
Mariana Soares,Chile,Skinceuticals Metacell Renewal B3 30g,2021-02-11,330.7,23
Inês Nunes,United Kingdom,Neutrogena Norwegian Formula Face Cream 15ml,2023-08-29,12395.04,198
João Nunes,China,Estée Lauder Revitalizing Supreme+ Moisturizer 30ml,2021-04-29,1335.26,76
Miguel Martins,China,Drunk Elephant Protini Polypeptide Cream 250ml,2020-12-28,1663.71,30
Inês Ribeiro,Germany,Pixi Rose Ceramide Cream 40ml,2021-02-14,12908.72,128
Dinis Ferreira,Philippines,Drunk Elephant F-Balm Electrolyte Waterbalm 40ml,2022-12-17,4500.41,66
Leonor Rodrigues,Sweden,REN Clean Skincare Vita Mineral Active 7 Eye Gel 56.7g,2023-06-28,12296.32,161
Inês Martins,Thailand,Murad Retinol Youth Renewal Serum 100ml,2020-07-08,4123.09,67
Sofia Nunes,Thailand,La Roche-Posay Lipikar Balm AP+ 125ml,2023-07-18,9195.99,117
Carolina Jesus,Chile,The Ordinary Retinol 0.5% in Squalane 250ml,2022-09-08,7432.08,82
Diogo Cardoso,France,Tatcha The Clarifying Clay Mask 30g,2021-01-17,5134.36,65
Maria Coelho,Philippines,Clinique Moisture Surge 100H Auto-Replenishing Hydrator 60ml,2023-04-05,10550.27,121
João Vieira,Thailand,La Roche-Posay Anthelios Invisible Fluid SPF50+ 100ml,2022-11-09,18036.32,156
Dinis Ferreira,Japan,Kiehl's Midnight Recovery Concentrate 150ml,2024-08-20,7719.24,72
Sara Mendes,Colombia,Skinceuticals A.G.E. Eye Complex 200ml,2024-12-13,505.47,15
Catarina Monteiro,Indonesia,Tatcha The Essence Plump Skin Softener 340g,2023-07-06,4559.25,142
Sofia Mendes,Colombia,COSRX AC Collection Lightweight Soothing Moisturizer 340g,2020-02-18,27312.43,416
Tomás Ribeiro,China,Murad AHA/BHA Exfoliating Cleanser 60ml,2024-04-27,11697.55,144
Miguel Rocha,Philippines,COSRX AHA/BHA Clarifying Treatment Toner 100ml,2020-03-05,10051.8,91
Rafael Mendes,Indonesia,Bioderma Pigmentbio C-Concentrate Brightening Serum 150ml,2023-07-04,1526.72,62
Afonso Martins,Argentina,Olay Luminous Whip Face Moisturiser 30ml,2020-08-20,4196.05,98
Matilde Moreira,Colombia,Sunday Riley Ice Ceramide Moisturizing Cream 200ml,2023-10-02,1021.85,69
Miguel Ferreira,Philippines,La Roche-Posay Hyalu B5 Serum 56.7g,2021-02-18,3519.08,134
Carolina Jesus,Argentina,COSRX Balancium B5 Biome Comfort Cream 40ml,2021-02-13,3615.97,364
Rafael Neves,Philippines,Estée Lauder Re-Nutriv Ultimate Lift Age-Correcting Crème 40ml,2021-05-10,5912.98,81
Inês Monteiro,Germany,The Ordinary Buffet Multi-Technology Peptide Serum 15ml,2021-05-05,16632.37,256
Rodrigo Jesus,Japan,CeraVe AM Facial Moisturising Lotion SPF25 150ml,2024-09-13,10992.65,92
Margarida Cardoso,Thailand,First Aid Beauty Ultra Repair Cream 50ml,2023-06-26,35955.53,321
Rodrigo Coelho,Chile,CeraVe Hydrating Cleanser 60ml,2021-01-12,4349.93,40
Rafael Gomes,France,Kiehl's Clearly Corrective Dark Spot Solution 200ml,2023-03-02,6828.06,136
Afonso Almeida,Singapore,Tatcha The Dewy Skin Cream 100ml,2021-06-10,13824.91,128
Tiago Jesus,United Kingdom,The Ordinary Natural Moisturising Factors + HA 200ml,2021-04-27,1130.67,27
Margarida Oliveira,Spain,COSRX Advanced Snail 96 Mucin Power Essence 340g,2021-08-11,606.43,101
Inês Cardoso,United Kingdom,Tatcha The Rice Polish Foaming Enzyme Powder 75ml,2024-05-10,7964.45,103
Diogo Neves,Singapore,Drunk Elephant T.L.C. Framboos Glycolic Night Serum 100ml,2022-07-08,12918.18,125
Mariana Mendes,Italy,The Ordinary Niacinamide 10% + Zinc 1% 30ml,2023-02-03,4747.25,486
Martim Marques,Singapore,Sunday Riley UFO Ultra-Clarifying Face Oil 250ml,2024-04-03,525.92,11
Catarina Jesus,Chile,Murad Oil-Control Mattifier SPF45 100ml,2024-10-22,1184.19,23
Tomás Correia,Sweden,Pixi +C VIT Brightening Serum 30g,2024-04-26,3524.77,128
Rodrigo Pinto,France,Estée Lauder Micro Essence Skin Activating Treatment Lotion 56.7g,2020-05-17,1596.69,22
Joana Fernandes,Netherlands,La Roche-Posay Lipikar Balm AP+ 50ml,2020-07-31,1634.31,29
Pedro Ferreira,Indonesia,Murad Rapid Resurgence Eye Lift 250ml,2020-10-27,2467.68,165
Inês Cardoso,Japan,Estée Lauder Nutritious Super-Pomegranate Radiant Energy Eye Jelly 56.7g,2020-01-24,1190.84,60
Inês Martins,Canada,Sunday Riley Auto Correct Brightening and Depuffing Eye Contour Cream 30ml,2022-01-20,2795.18,42
Afonso Neves,United States,Drunk Elephant Virgin Marula Luxury Face Oil 56.7g,2021-11-02,2878.34,73
Rodrigo Cruz,Chile,Skinceuticals C E Ferulic Serum 60ml,2024-12-17,10693.07,121
Margarida Silva,Mexico,Kiehl's Rare Earth Deep Pore Cleansing Masque 30ml,2024-06-12,13970.65,127
Ana Vieira,India,Murad AHA/BHA Exfoliating Cleanser 30ml,2023-04-14,16143.74,352
Pedro Cruz,Thailand,Drunk Elephant Lala Retro Whipped Cream 75ml,2023-03-26,15203.5,276
Margarida Silva,Philippines,Paula's Choice SKIN PERFECTING 2% BHA Liquid Exfoliant 20ml,2021-05-03,1648.79,18
Sara Almeida,Canada,Tatcha The Essence Plump Skin Softener 50ml,2021-05-19,4379.01,130
João Martins,Poland,Clinique All About Eyes Rich 340g,2022-03-10,4028.56,60
Gonçalo Ribeiro,Netherlands,Tatcha The Rice Polish Foaming Enzyme Powder 50ml,2021-07-21,19749.12,186
Joana Fernandes,Philippines,Kiehl's Powerful-Strength Line-Reducing Concentrate 30ml,2022-05-27,13621.32,147
Leonor Marques,Japan,Drunk Elephant A-Passioni Retinol Cream 40ml,2024-11-28,2871.39,52
Rafael Pereira,Spain,Kiehl's Rare Earth Deep Pore Cleansing Masque 340g,2021-09-12,16030.84,411
Sara Ferreira,Brazil,Olay Regenerist Collagen Peptide24 Serum 340g,2023-01-29,27533.86,403
Sofia Rodrigues,Argentina,COSRX Advanced Snail 92 All in One Cream 75ml,2022-03-20,2399.9,44
João Vieira,Mexico,Drunk Elephant C-Firma Fresh Day Serum 30g,2020-12-08,748.89,23
Sofia Martins,Sweden,The Ordinary AHA 30% + BHA 2% Peeling Solution 56.7g,2023-11-05,7355.65,69
Diogo Monteiro,Netherlands,Tatcha The Indigo Overnight Repair Treatment 100ml,2021-11-18,5823.18,82
Lucas Rodrigues,France,Skinceuticals Phyto Corrective Gel 150ml,2022-12-11,5097.62,261
Mariana Mendes,Argentina,REN Clean Skincare Evercalm Global Protection Day Cream 200ml,2024-11-03,8553.08,120
Leonor Rodrigues,France,Clinique All About Eyes Rich 340g,2022-04-12,10490.05,111
Francisco Fernandes,China,Estée Lauder Perfectly Clean Multi-Action Foam Cleanser 30g,2023-05-05,2668.37,60
Rodrigo Coelho,Argentina,REN Clean Skincare Evercalm Global Protection Day Cream 200ml,2022-07-23,1781.79,37
Sofia Rodrigues,Germany,Bioderma Atoderm Intensive Baume 100ml,2024-02-06,4710.63,124
Rodrigo Teixeira,India,Drunk Elephant B-Hydra Intensive Hydration Serum 30g,2024-07-05,10321.1,254
Margarida Cardoso,India,Olay Regenerist Micro-Sculpting Cream 20ml,2024-06-22,5147.88,97
Laura Fernandes,Sweden,Tatcha The Clarifying Clay Mask 20ml,2024-05-29,984.76,27
Dinis Silva,United States,Skinceuticals B5 Gel Hydrating Serum 340g,2020-05-04,8615.3,127
Miguel Martins,China,Olay Super Serum 5-in-1 60ml,2023-11-07,10334.8,135
Tiago Cardoso,Canada,Estée Lauder Nutritious Super-Pomegranate Radiant Energy Eye Jelly 50ml,2020-01-20,6983.38,124
Gonçalo Almeida,China,Sunday Riley Ice Ceramide Moisturizing Cream 150ml,2022-10-28,15061.39,343
Gonçalo Almeida,China,Drunk Elephant T.L.C. Framboos Glycolic Night Serum 60ml,2023-01-04,756.25,96
Lucas Costa,Netherlands,La Roche-Posay Hyalu B5 Serum 150ml,2021-02-17,45850.74,529
Dinis Silva,Indonesia,Tatcha The Clarifying Clay Mask 50ml,2024-11-26,5750.35,86
Tomás Ribeiro,Italy,Avène PhysioLift Night Smoothing Balm 15ml,2023-12-05,6787.03,318
Gonçalo Ribeiro,Brazil,Skinceuticals Metacell Renewal B3 56.7g,2020-12-25,14952.46,135
Carolina Ferreira,Thailand,Avène Eau Thermale Spray 125ml,2021-12-10,10105.84,111
Mariana Mendes,Spain,Avène Retrinal+ 0.1 Intensive Cream 125ml,2023-05-06,1137.11,126
Afonso Jesus,Germany,COSRX AHA/BHA Clarifying Treatment Toner 75ml,2022-05-12,14684.54,142
João Martins,Italy,Olay Regenerist Collagen Peptide24 Serum 40ml,2022-01-29,6145.55,144
Francisco Almeida,Indonesia,Murad Retinol Youth Renewal Serum 100ml,2024-01-21,2098.75,61
Tiago Gomes,Japan,REN Clean Skincare Clean Screen Mineral SPF30 100ml,2023-05-29,275.45,20
Leonor Jesus,India,The Ordinary Salicylic Acid 2% Solution 30g,2021-04-10,10105.33,106
Leonor Rodrigues,Thailand,Tatcha The Clarifying Clay Mask 20ml,2022-12-10,10444.48,118
Miguel Rocha,Singapore,Murad AHA/BHA Exfoliating Cleanser 125ml,2021-03-17,1597.22,24
Tomás Martins,Japan,Bioderma Nodé Detox Shampoo 20ml,2023-04-13,7553.03,175
Francisco Mendes,Colombia,Skinceuticals Phyto Corrective Gel 125ml,2022-08-08,8608.83,80
Pedro Cruz,Brazil,Drunk Elephant Protini Polypeptide Cream 56.7g,2021-05-16,24719.36,451
Mariana Martins,Netherlands,Paula's Choice BOOST 10% Niacinamide Booster 150ml,2024-02-02,8429.09,144
Afonso Vieira,Netherlands,REN Clean Skincare Ready Steady Glow Daily AHA Tonic 340g,2024-06-23,7139.28,67
João Vieira,China,COSRX Ultimate Moisturizing Honey Overnight Mask 150ml,2020-10-12,2584.8,69
Sofia Martins,Italy,Avène Antirougeurs Jour Redness Relief Cream 40ml,2020-06-26,17348.61,320
Diogo Ribeiro,Brazil,Paula's Choice CALM Redness Relief Moisturizer SPF 30 100ml,2024-07-11,3315.46,30
Beatriz Jesus,Argentina,First Aid Beauty Hello FAB Coconut Skin Smoothie Priming Moisturizer 20ml,2020-09-21,5662.97,119
João Mendes,Mexico,Avène XeraCalm A.D Lipid-Replenishing Cream 30ml,2022-12-29,1018.06,20
Leonor Rodrigues,South Korea,Neutrogena Norwegian Formula Face Cream 30ml,2020-11-09,2565.34,59
Margarida Silva,Philippines,REN Clean Skincare Evercalm Global Protection Day Cream 340g,2024-02-21,10314.51,151
Martim Pinto,India,Estée Lauder Resilience Lift Firming & Sculpting Eye Cream 40ml,2023-12-21,4452.52,145
Rafael Pereira,Poland,Pixi Skintreats Rose Caviar Eye Cream 15ml,2021-11-26,7801.96,71
Tomás Rodrigues,Sweden,Sunday Riley Luna Sleeping Night Oil 50ml,2021-03-18,4849.94,55
Inês Martins,China,Pixi Skintreats Rose Caviar Eye Cream 250ml,2023-06-05,10590.86,287
Clara Cardoso,Colombia,Murad Retinol Youth Renewal Serum 200ml,2021-03-14,2211.42,174
Pedro Cruz,United States,Murad Hydro-Dynamic Ultimate Moisture 340g,2021-12-02,6739.64,215
Pedro Ferreira,Chile,The Ordinary Buffet Multi-Technology Peptide Serum 75ml,2024-10-23,3458.57,69
Laura Pereira,India,COSRX Balancium B5 Biome Comfort Cream 250ml,2024-10-07,12038.7,149
Mariana Neves,United States,CeraVe Moisturising Cream 75ml,2023-10-17,7577.04,120
Laura Soares,Argentina,Tatcha The Essence Plump Skin Softener 40ml,2021-08-02,11258.86,136
João Nunes,India,La Roche-Posay Lipikar Balm AP+ 250ml,2022-02-19,22845.59,370
Pedro Cruz,Poland,Avène Cleanance Expert Emulsion 56.7g,2022-08-04,7218.82,73
Tiago Gomes,Colombia,Avène PhysioLift Night Smoothing Balm 60ml,2020-05-15,1560.49,106
Dinis Cardoso,Philippines,COSRX Balancium B5 Biome Comfort Cream 60ml,2024-08-15,2511.2,144
Beatriz Cardoso,Philippines,Pixi Overnight Glow Serum 340g,2022-07-20,708.79,174
Maria Ferreira,Brazil,REN Clean Skincare Radiance Perfection Serum 50ml,2023-01-12,23634.36,292
Ana Monteiro,Thailand,Drunk Elephant C-Firma Fresh Day Serum 75ml,2022-11-29,1272.83,66
João Nunes,Poland,Kiehl's Powerful-Strength Line-Reducing Concentrate 56.7g,2020-06-06,6951.22,93
Afonso Almeida,China,Avène PhysioLift Night Smoothing Balm 15ml,2020-12-03,23229.36,297
Tomás Coelho,India,CeraVe Skin Renewing Night Cream 15ml,2024-03-01,3830.17,112
João Vieira,United States,The Ordinary Natural Moisturising Factors + HA 20ml,2022-07-19,1774.4,76
Mariana Cruz,Indonesia,Avène Cleanance Expert Emulsion 150ml,2023-12-04,1204.39,53
Joana Costa,Brazil,Clinique Repairwear Laser Focus Eye Cream 100ml,2022-12-22,5982.89,121
Ana Ferreira,Brazil,Sunday Riley UFO Ultra-Clarifying Face Oil 125ml,2024-10-04,3312.38,60
Margarida Cardoso,Canada,REN Clean Skincare Radiance Perfection Serum 75ml,2020-01-14,11427.12,116
Inês Cruz,Mexico,Neutrogena Hydro Boost Water Gel 250ml,2020-02-07,11722.89,108
Gonçalo Ribeiro,India,Neutrogena Norwegian Formula Face Cream 56.7g,2021-02-27,3033.73,356
Afonso Sousa,India,Olay Eyes Ultimate Eye Cream 30ml,2021-06-06,5300.88,70
Sofia Gomes,United Kingdom,REN Clean Skincare Radiance Perfection Serum 200ml,2021-08-31,2798.38,107
Martim Marques,Indonesia,Bioderma Sebium Pore Refiner 20ml,2021-10-06,7879.95,68
Matilde Cruz,Indonesia,Sunday Riley Good Genes All-In-One Lactic Acid Treatment 50ml,2023-04-21,33452.63,440
Sofia Carvalho,Japan,Murad Oil-Control Mattifier SPF45 250ml,2023-05-02,21893.57,370
Sara Cruz,Brazil,Olay Total Effects 7-in-1 Moisturiser 30ml,2022-08-06,3268.57,123
Maria Fernandes,Thailand,Olay Super Serum 5-in-1 30ml,2024-07-05,28697.41,337
Maria Coelho,Thailand,Olay Regenerist Micro-Sculpting Cream 30g,2022-06-06,754.68,114
Sofia Mendes,United Kingdom,Tatcha The Eye Concentrate 200ml,2022-01-06,4254.81,77
Joana Oliveira,Canada,Sunday Riley Ice Ceramide Moisturizing Cream 340g,2020-02-07,2398.73,215
Gonçalo Ferreira,Italy,REN Clean Skincare Vita Mineral Active 7 Eye Gel 150ml,2024-07-30,23444.82,272
Lucas Rodrigues,Netherlands,Drunk Elephant T.L.C. Framboos Glycolic Night Serum 75ml,2023-01-24,3516.61,46
Martim Silva,Argentina,La Roche-Posay Hyalu B5 Serum 30ml,2021-10-21,6927.04,96
Laura Fernandes,Netherlands,Neutrogena Bright Boost Gel Cream 60ml,2024-02-02,8952.24,91
Rafael Gomes,Netherlands,Tatcha The Indigo Overnight Repair Treatment 150ml,2023-03-14,6199.5,61
Rafael Neves,Indonesia,La Roche-Posay Lipikar Balm AP+ 340g,2020-02-11,1129.28,126
Pedro Pereira,South Korea,Skinceuticals Metacell Renewal B3 200ml,2024-04-19,6304.36,147
Carolina Vieira,Germany,Pixi Retinol Tonic 30ml,2021-09-17,4170.33,74
João Nunes,Sweden,Olay Luminous Whip Face Moisturiser 60ml,2023-08-11,2687.43,138
Ana Monteiro,Japan,The Ordinary Salicylic Acid 2% Solution 250ml,2021-07-01,10488.04,238
Rafael Martins,United Kingdom,Pixi +C VIT Brightening Serum 30g,2021-01-01,4762.05,74
Dinis Silva,Poland,La Roche-Posay Lipikar Balm AP+ 60ml,2024-01-15,9722.15,109
Martim Cardoso,Italy,Avène XeraCalm A.D Lipid-Replenishing Cream 60ml,2022-04-30,1781.9,128
João Nunes,Canada,Estée Lauder Revitalizing Supreme+ Moisturizer 30g,2020-08-22,12536.51,223
Francisco Fernandes,Philippines,REN Clean Skincare Overnight Glow Dark Spot Sleeping Cream 75ml,2020-12-13,12484.75,178
Diogo Costa,Spain,REN Clean Skincare Ready Steady Glow Daily AHA Tonic 56.7g,2023-10-07,3217.83,47
Pedro Cruz,Colombia,COSRX AC Collection Lightweight Soothing Moisturizer 125ml,2021-08-28,13271.35,123
Laura Carvalho,Poland,Estée Lauder Nutritious Super-Pomegranate Radiant Energy Eye Jelly 30g,2023-03-12,7241.26,84
Francisco Vieira,United Kingdom,Avène Cicalfate+ Restorative Protective Cream 20ml,2022-01-04,3464.5,35
Clara Mendes,China,Pixi Hydrating Milky Serum 250ml,2023-05-09,6650.87,138
Beatriz Jesus,Poland,Olay Super Serum 5-in-1 30ml,2022-09-05,6569.15,286
Dinis Carvalho,Indonesia,Olay Eyes Ultimate Eye Cream 250ml,2021-09-20,268.39,10
Sofia Carvalho,Philippines,Paula's Choice SKIN RECOVERY Replenishing Moisturizer 30ml,2022-10-17,2884.26,38
Carolina Vieira,Chile,CeraVe Eye Repair Cream 150ml,2022-11-18,4788.27,144
Miguel Martins,France,Skinceuticals Discoloration Defense Serum 50ml,2023-05-27,9858.72,165
Clara Cardoso,Mexico,Estée Lauder Re-Nutriv Ultimate Lift Age-Correcting Crème 60ml,2024-07-04,6373.6,73
Mariana Cruz,Singapore,Pixi Rose Ceramide Cream 125ml,2023-09-29,28952.11,278
Leonor Marques,Sweden,La Roche-Posay Hyalu B5 Serum 60ml,2023-06-20,8968.96,110
Francisco Coelho,United States,Pixi Hydrating Milky Serum 125ml,2024-05-12,555.8,15
Laura Soares,Poland,Olay Luminous Whip Face Moisturiser 340g,2022-08-31,15891.59,200
João Cardoso,France,COSRX Oil-Free Ultra-Moisturizing Lotion 20ml,2022-02-16,2330.55,43
Gonçalo Fernandes,Indonesia,Bioderma Pigmentbio C-Concentrate Brightening Serum 20ml,2022-07-08,2746.77,44
Francisco Jesus,Chile,The Ordinary Buffet Multi-Technology Peptide Serum 125ml,2023-11-02,19513.78,191
Gonçalo Fernandes,South Korea,La Roche-Posay Anthelios Invisible Fluid SPF50+ 100ml,2024-06-14,14938.98,285
Clara Ferreira,Germany,Clinique Repairwear Laser Focus Eye Cream 50ml,2024-05-11,421.2,76
Clara Monteiro,Netherlands,Pixi Rose Ceramide Cream 56.7g,2022-11-05,8021.26,76
Inês Ribeiro,Thailand,Paula's Choice BOOST 10% Niacinamide Booster 75ml,2022-07-06,1721.51,451
Rodrigo Coelho,China,Sunday Riley Tidal Brightening Enzyme Water Cream 340g,2020-07-11,835.81,24
Rafael Pereira,United Kingdom,Clinique Turnaround Overnight Revitalizing Moisturizer 150ml,2020-03-24,32798.18,323
Margarida Cardoso,Argentina,Neutrogena Bright Boost Gel Cream 100ml,2021-03-10,23061.72,272
Mariana Mendes,Thailand,Skinceuticals C E Ferulic Serum 56.7g,2020-08-25,4926.22,45
Rafael Pereira,Netherlands,Neutrogena Cellular Boost Concentrate Serum 20ml,2020-07-12,3043.32,198
Maria Correia,Japan,Pixi Overnight Glow Serum 50ml,2023-06-30,2322.22,54
Mariana Cruz,Canada,Drunk Elephant Lala Retro Whipped Cream 50ml,2022-03-19,5804.88,114
Pedro Ferreira,Sweden,Olay Eyes Ultimate Eye Cream 75ml,2024-02-24,672.04,37
Rodrigo Jesus,India,CeraVe Hydrating Cleanser 250ml,2022-04-08,1817.22,21
Tiago Carvalho,Thailand,Olay Regenerist Micro-Sculpting Cream 75ml,2021-01-03,5567.33,132
Joana Teixeira,South Korea,Paula's Choice CLINICAL 1% Retinol Treatment 56.7g,2023-10-10,13855.1,123
Carolina Marques,Colombia,REN Clean Skincare Clean Screen Mineral SPF30 30ml,2021-07-07,10902.18,119
Laura Soares,Brazil,Bioderma Pigmentbio C-Concentrate Brightening Serum 15ml,2021-03-06,7699.61,128
Afonso Almeida,United Kingdom,Neutrogena Oil-Free Acne Wash 56.7g,2022-07-08,19575.79,196
Joana Fernandes,Netherlands,Kiehl's Rare Earth Deep Pore Cleansing Masque 60ml,2024-10-10,11630.55,121
Inês Cruz,Argentina,CeraVe Healing Ointment 40ml,2022-10-07,2191.73,118
Laura Carvalho,Germany,The Ordinary Niacinamide 10% + Zinc 1% 50ml,2020-03-25,840.42,76
Rodrigo Cruz,United Kingdom,The Ordinary Salicylic Acid 2% Solution 340g,2020-12-02,2877.78,100
Afonso Monteiro,India,Sunday Riley Saturn Sulfur Acne Treatment Mask 340g,2021-03-16,3629.43,150
Ana Vieira,Colombia,Clinique Moisture Surge 100H Auto-Replenishing Hydrator 30g,2023-09-23,2758.75,73
Afonso Neves,United Kingdom,First Aid Beauty KP Bump Eraser Body Scrub 150ml,2020-05-08,5013.88,126
Joana Costa,South Korea,CeraVe Moisturising Cream 250ml,2022-08-10,32245.46,366
Sara Mendes,Colombia,La Roche-Posay Toleriane Hydrating Gentle Cleanser 75ml,2024-08-25,95.67,27
Joana Santos,Netherlands,First Aid Beauty FAB Skin Lab Resurfacing Liquid 10% AHA 56.7g,2024-02-19,2386.35,78
Pedro Cruz,France,Murad Oil-Control Mattifier SPF45 200ml,2020-09-30,3466.71,70
Afonso Monteiro,Colombia,Estée Lauder Nutritious Super-Pomegranate Radiant Energy Eye Jelly 50ml,2024-10-03,31669.92,347
Diogo Ribeiro,Poland,Neutrogena Bright Boost Gel Cream 30ml,2021-10-04,12585.4,112
Sofia Rodrigues,Netherlands,Olay Regenerist Collagen Peptide24 Serum 75ml,2022-07-27,6402.66,150
Leonor Martins,Thailand,Sunday Riley Ice Ceramide Moisturizing Cream 30g,2021-12-07,1205.75,23
Ana Vieira,Italy,The Ordinary Retinol 0.5% in Squalane 125ml,2020-08-17,8887.54,94
Sofia Rodrigues,Brazil,First Aid Beauty Eye Duty Triple Remedy AM Gel Cream 340g,2021-05-28,38085.12,362
Dinis Monteiro,United States,The Ordinary Retinol 0.5% in Squalane 30g,2020-08-31,9768.99,93
Pedro Sousa,Indonesia,Tatcha The Clarifying Clay Mask 150ml,2022-07-12,16655.46,298
Rafael Pereira,Singapore,Estée Lauder DayWear Multi-Protection Anti-Oxidant 24H Moisturizer SPF15 75ml,2023-11-15,46783.39,415
Lucas Ribeiro,South Korea,Pixi Rose Ceramide Cream 60ml,2021-07-16,18017.45,365
Rodrigo Pereira,Spain,Pixi Retinol Tonic 125ml,2022-06-11,9390.87,142
Ana Nunes,Mexico,Clinique All About Eyes Rich 250ml,2020-07-04,15254.5,362
Carolina Vieira,Indonesia,Neutrogena Oil-Free Acne Wash 125ml,2020-07-31,1433.95,70
Laura Ribeiro,France,Sunday Riley Good Genes All-In-One Lactic Acid Treatment 40ml,2021-03-21,990.6,33
Martim Ferreira,Mexico,Estée Lauder Micro Essence Skin Activating Treatment Lotion 60ml,2023-04-16,2297.78,30
Ana Ferreira,Chile,Kiehl's Creamy Eye Treatment with Avocado 250ml,2024-07-15,389.2,56
Laura Ribeiro,Japan,Bioderma Sensibio Light Soothing Cream 75ml,2020-07-30,12878.66,130
Lucas Coelho,Chile,Kiehl's Powerful-Strength Line-Reducing Concentrate 15ml,2022-07-14,2196.54,126
Afonso Martins,United States,Sunday Riley Ice Ceramide Moisturizing Cream 30ml,2020-06-28,3334.2,84
Margarida Pereira,South Korea,Pixi Overnight Glow Serum 100ml,2023-03-07,1586.69,21
Afonso Monteiro,India,Sunday Riley Saturn Sulfur Acne Treatment Mask 50ml,2021-12-18,3844.23,106
Matilde Moreira,Germany,Estée Lauder Revitalizing Supreme+ Moisturizer 56.7g,2023-04-03,10124.96,110
Miguel Rocha,Poland,Pixi Rose Ceramide Cream 50ml,2020-12-10,2950.75,29
Dinis Carvalho,Netherlands,Avène Antirougeurs Jour Redness Relief Cream 30g,2023-09-22,13069.98,140
Leonor Rodrigues,South Korea,Olay Regenerist Collagen Peptide24 Serum 75ml,2023-08-31,4037.59,48
Mariana Soares,United Kingdom,Sunday Riley Ice Ceramide Moisturizing Cream 250ml,2022-02-17,24710.12,359
Lucas Costa,Mexico,Tatcha The Indigo Overnight Repair Treatment 50ml,2022-09-30,10604.46,140
Francisco Jesus,Poland,Kiehl's Calendula Serum-Infused Water Cream 60ml,2021-08-27,2635.18,85
Rafael Martins,France,Estée Lauder DayWear Multi-Protection Anti-Oxidant 24H Moisturizer SPF15 250ml,2022-06-08,4459.05,105
Diogo Costa,Mexico,Tatcha The Rice Polish Foaming Enzyme Powder 340g,2023-06-19,4902.25,57
Dinis Pereira,France,Drunk Elephant B-Hydra Intensive Hydration Serum 340g,2020-07-27,5112.43,132
João Nunes,Indonesia,Pixi Skintreats Rose Caviar Eye Cream 125ml,2023-04-29,476.06,10
Diogo Ribeiro,Italy,Sunday Riley C.E.O. 15% Vitamin C Brightening Serum 100ml,2021-11-16,6383.72,131
Leonor Pinto,France,REN Clean Skincare Evercalm Global Protection Day Cream 340g,2023-06-11,4281.0,48
Pedro Sousa,Germany,First Aid Beauty Ultra Repair Cream 250ml,2021-09-08,803.67,24
Margarida Cardoso,Canada,REN Clean Skincare Radiance Perfection Serum 40ml,2021-03-26,2700.94,79
Ana Vieira,Spain,The Ordinary AHA 30% + BHA 2% Peeling Solution 30g,2024-04-20,15585.66,309
Gonçalo Rodrigues,Colombia,First Aid Beauty Pure Skin Face Cleanser 50ml,2024-01-24,7138.96,182
Catarina Neves,Spain,COSRX Ultimate Moisturizing Honey Overnight Mask 40ml,2024-07-03,1634.0,64
Sara Fernandes,Chile,La Roche-Posay Toleriane Double Repair Moisturiser 30g,2024-04-04,4122.25,50
Carolina Coelho,China,Bioderma Cicabio Arnica+ Repairing Cream 56.7g,2021-03-18,4783.94,70
Tiago Carvalho,France,Tatcha The Indigo Overnight Repair Treatment 30ml,2022-06-22,6082.76,139
Leonor Rodrigues,India,Pixi Hydrating Milky Serum 56.7g,2023-06-16,13131.47,125
Matilde Cruz,South Korea,Drunk Elephant Virgin Marula Luxury Face Oil 100ml,2021-07-12,2818.49,57
Rafael Martins,Japan,Avène Eau Thermale Spray 340g,2020-07-11,8648.13,105
Maria Fernandes,Germany,Kiehl's Rare Earth Deep Pore Cleansing Masque 75ml,2022-07-31,4398.76,94
Guilherme Neves,United States,The Ordinary Niacinamide 10% + Zinc 1% 75ml,2020-11-15,1141.35,52
Afonso Monteiro,Thailand,Sunday Riley Auto Correct Brightening and Depuffing Eye Contour Cream 30g,2021-06-28,22816.47,267
Pedro Cruz,Colombia,Pixi Skintreats Rose Caviar Eye Cream 30g,2020-11-16,553.36,40
Lucas Costa,Poland,Avène XeraCalm A.D Lipid-Replenishing Cream 200ml,2022-02-08,4619.17,178
Matilde Moreira,South Korea,Murad Hydro-Dynamic Ultimate Moisture 100ml,2023-08-23,6877.11,83
Maria Moreira,Canada,La Roche-Posay Toleriane Double Repair Moisturiser 56.7g,2022-08-08,7764.37,80
Ana Teixeira,Singapore,Kiehl's Midnight Recovery Concentrate 60ml,2021-08-27,8866.25,92
Mariana Soares,Argentina,Kiehl's Super Multi-Corrective Anti-Aging Face & Neck Cream 50ml,2021-01-14,4394.08,67
Joana Santos,Sweden,REN Clean Skincare Vita Mineral Active 7 Eye Gel 30ml,2020-07-05,416.97,66
Clara Cardoso,Thailand,Sunday Riley Tidal Brightening Enzyme Water Cream 30g,2021-10-22,3368.41,54
Rafael Gomes,Spain,Drunk Elephant A-Passioni Retinol Cream 30ml,2022-05-01,1345.46,17
Dinis Silva,Canada,Drunk Elephant C-Firma Fresh Day Serum 100ml,2020-01-07,7896.84,99
Sara Fernandes,Japan,La Roche-Posay Anthelios Invisible Fluid SPF50+ 200ml,2021-07-05,6132.71,141
Lucas Santos,France,Paula's Choice RESIST Anti-Aging Clear Skin Hydrator 56.7g,2020-03-18,1053.0,214
Mariana Martins,Japan,Paula's Choice SKIN PERFECTING 2% BHA Liquid Exfoliant 250ml,2021-10-05,28847.61,416
Afonso Almeida,United States,COSRX AC Collection Lightweight Soothing Moisturizer 125ml,2024-02-21,27117.66,482
Tiago Jesus,Sweden,Sunday Riley Ice Ceramide Moisturizing Cream 75ml,2023-05-21,1760.06,39
Guilherme Neves,Italy,COSRX Oil-Free Ultra-Moisturizing Lotion 56.7g,2022-01-13,12536.89,111
Sara Ferreira,Italy,Paula's Choice BOOST 10% Niacinamide Booster 40ml,2023-06-03,20002.1,209
Inês Ferreira,Poland,Olay Regenerist Micro-Sculpting Cream 125ml,2024-01-20,2399.67,134
Sara Almeida,China,REN Clean Skincare Perfect Canvas Clean Primer 30ml,2021-10-11,7250.5,268
João Vieira,India,The Ordinary Niacinamide 10% + Zinc 1% 340g,2023-04-02,859.5,141
Lucas Costa,India,Murad Cellular Hydration Barrier Repair Cream 125ml,2024-04-16,18507.7,201
Pedro Cruz,China,Neutrogena Hydro Boost Water Gel 30ml,2020-03-13,820.44,136
Pedro Pereira,Italy,La Roche-Posay Toleriane Hydrating Gentle Cleanser 75ml,2021-10-03,2630.77,127
Laura Mendes,India,Murad Rapid Resurgence Eye Lift 40ml,2022-03-14,10176.6,111
Dinis Carvalho,India,REN Clean Skincare V-Cense Revitalising Eye Cream 56.7g,2020-06-18,7989.83,80
Martim Silva,Canada,Sunday Riley Saturn Sulfur Acne Treatment Mask 250ml,2023-05-15,1108.39,16
Dinis Silva,Singapore,Olay Vitamin C + Peptide 24 Face Moisturizer 15ml,2024-06-03,1143.4,14
João Martins,Colombia,Tatcha The Dewy Skin Cream 60ml,2020-09-14,2560.79,31
Mariana Soares,Philippines,Drunk Elephant A-Passioni Retinol Cream 50ml,2023-12-13,6000.58,283
Mariana Cruz,Poland,Drunk Elephant T.L.C. Framboos Glycolic Night Serum 75ml,2022-05-02,1386.85,14
Inês Nunes,Colombia,Tatcha The Rice Polish Foaming Enzyme Powder 250ml,2023-07-16,2003.56,65
Rafael Pereira,United Kingdom,Olay Eyes Ultimate Eye Cream 30ml,2021-03-06,916.12,22
Mariana Martins,Chile,Estée Lauder Advanced Night Repair Serum 150ml,2024-03-25,6701.83,146
Laura Pereira,United States,First Aid Beauty FAB Skin Lab Resurfacing Liquid 10% AHA 56.7g,2021-12-03,2524.63,122
Gonçalo Fernandes,Philippines,Neutrogena Oil-Free Acne Wash 75ml,2023-02-22,3294.18,132
Rodrigo Coelho,Colombia,Avène Cleanance Expert Emulsion 30ml,2022-07-30,13209.59,410
Catarina Neves,Brazil,Avène Hydrance Rich Rehydrating Cream 30g,2024-10-31,20603.28,427
Sofia Martins,Brazil,Avène Retrinal+ 0.1 Intensive Cream 30ml,2021-03-26,12039.03,310
Inês Cardoso,Canada,CeraVe PM Facial Moisturising Lotion 15ml,2021-04-05,12509.9,130
Tomás Rodrigues,Singapore,COSRX Oil-Free Ultra-Moisturizing Lotion 250ml,2022-06-08,1426.32,44
Margarida Pereira,Brazil,REN Clean Skincare V-Cense Revitalising Eye Cream 20ml,2020-04-21,996.54,87
Tomás Ribeiro,Brazil,Pixi Glow Tonic 15ml,2024-09-17,10861.12,99
Francisco Fernandes,Italy,Clinique Dramatically Different Moisturising Lotion+ 15ml,2021-06-10,4200.09,41
Laura Pereira,Colombia,Tatcha The Dewy Skin Cream 30g,2022-01-31,4298.47,47
Dinis Pereira,Philippines,Skinceuticals Discoloration Defense Serum 50ml,2024-07-10,31781.04,307
Rafael Martins,United Kingdom,Pixi Overnight Glow Serum 100ml,2024-02-29,845.64,14
Mariana Cruz,Germany,Murad AHA/BHA Exfoliating Cleanser 30ml,2023-05-10,7410.07,96
Leonor Rodrigues,Singapore,La Roche-Posay Lipikar Balm AP+ 200ml,2023-11-09,10453.09,140
Margarida Pereira,Spain,COSRX Advanced Snail 92 All in One Cream 100ml,2023-05-03,4909.71,118
Diogo Rodrigues,Poland,Kiehl's Powerful-Strength Line-Reducing Concentrate 200ml,2022-04-02,2073.4,148
Miguel Ferreira,India,Sunday Riley Good Genes All-In-One Lactic Acid Treatment 40ml,2022-10-11,28835.58,361
Rafael Martins,Japan,Bioderma Sebium Pore Refiner 30g,2021-03-13,3633.16,135
Tiago Gomes,United Kingdom,Neutrogena Cellular Boost Concentrate Serum 125ml,2023-04-02,3323.47,93
Carolina Silva,Netherlands,First Aid Beauty Hello FAB Coconut Skin Smoothie Priming Moisturizer 50ml,2021-08-20,19619.09,187
Tomás Coelho,Chile,Skinceuticals B5 Gel Hydrating Serum 60ml,2021-08-11,4124.19,38
Sofia Jesus,United States,Clinique Repairwear Laser Focus Eye Cream 30g,2024-09-25,23728.79,231
Rodrigo Pinto,Chile,Sunday Riley C.E.O. 15% Vitamin C Brightening Serum 75ml,2020-04-20,1987.36,286
Sofia Rodrigues,Colombia,Olay Total Effects 7-in-1 Moisturiser 40ml,2023-08-02,152.2,18
Pedro Cruz,South Korea,Paula's Choice SKIN RECOVERY Replenishing Moisturizer 100ml,2020-02-24,1294.46,91
Matilde Carvalho,Germany,Kiehl's Ultra Facial Cream 40ml,2024-05-17,988.14,16
Diogo Monteiro,Philippines,REN Clean Skincare Ready Steady Glow Daily AHA Tonic 20ml,2022-07-28,2490.42,26
Mariana Cruz,Netherlands,Drunk Elephant B-Hydra Intensive Hydration Serum 75ml,2020-07-31,1671.11,30
Lucas Costa,Singapore,The Ordinary Glycolic Acid 7% Toning Solution 50ml,2021-08-08,13353.47,125
Lucas Ribeiro,Indonesia,La Roche-Posay Anthelios Invisible Fluid SPF50+ 340g,2020-11-09,8790.91,96
Diogo Martins,India,CeraVe Eye Repair Cream 15ml,2021-08-16,2281.77,299
Pedro Cruz,Canada,Neutrogena Rapid Wrinkle Repair Retinol Cream 125ml,2022-05-05,1419.69,207
Laura Pereira,China,Paula's Choice DEFENSE Antioxidant Pore Purifier 30ml,2020-01-13,10689.94,129
Leonor Rodrigues,Netherlands,First Aid Beauty Ultra Repair Firming Collagen Cream 30g,2023-10-06,8684.76,95
Martim Pinto,Germany,Neutrogena Norwegian Formula Face Cream 60ml,2021-09-25,6846.9,121
Joana Fernandes,United States,The Ordinary Glycolic Acid 7% Toning Solution 100ml,2024-03-28,889.25,11
Laura Mendes,Chile,CeraVe Moisturising Cream 50ml,2023-08-15,9045.82,98
Margarida Mendes,Colombia,REN Clean Skincare Vita Mineral Active 7 Eye Gel 75ml,2023-10-25,23761.07,215
Rodrigo Soares,Italy,Sunday Riley Saturn Sulfur Acne Treatment Mask 60ml,2024-12-13,5392.69,83
Tiago Cardoso,Thailand,La Roche-Posay Anthelios Invisible Fluid SPF50+ 40ml,2023-07-04,10426.03,98
Mariana Mendes,United Kingdom,Neutrogena Ultra Sheer Dry-Touch Sunscreen SPF 50+ 15ml,2021-12-20,16700.87,245
Afonso Martins,Brazil,REN Clean Skincare Vita Mineral Active 7 Eye Gel 20ml,2024-11-02,7274.95,122
Ana Teixeira,Chile,Neutrogena Bright Boost Gel Cream 56.7g,2022-05-15,3148.98,42
Francisco Vieira,Chile,Paula's Choice SKIN PERFECTING 2% BHA Liquid Exfoliant 75ml,2020-02-16,9475.71,297
Mariana Cruz,Argentina,Pixi Skintreats Rose Caviar Eye Cream 75ml,2021-06-11,1578.47,20
Leonor Jesus,France,Olay Vitamin C + Peptide 24 Face Moisturizer 75ml,2024-04-04,6681.58,69
Laura Pereira,Canada,La Roche-Posay Retinol B3 Serum 56.7g,2022-03-16,6157.56,79
Mariana Mendes,India,Pixi Retinol Tonic 150ml,2021-02-02,630.98,20
Laura Costa,Philippines,Tatcha The Dewy Skin Cream 75ml,2024-03-11,8437.57,111
Joana Santos,France,Neutrogena Norwegian Formula Face Cream 56.7g,2022-02-22,1061.77,106
Margarida Marques,United States,Bioderma Sensibio Light Soothing Cream 75ml,2020-12-27,13693.02,220
Matilde Teixeira,Thailand,Drunk Elephant A-Passioni Retinol Cream 56.7g,2021-04-14,9955.03,137
João Costa,India,REN Clean Skincare Vita Mineral Active 7 Eye Gel 50ml,2020-08-19,1699.79,68
Diogo Neves,Italy,Skinceuticals B5 Gel Hydrating Serum 100ml,2023-09-07,9678.5,141
João Nunes,Sweden,Tatcha The Rice Polish Foaming Enzyme Powder 150ml,2021-09-12,5715.73,82
Lucas Santos,Colombia,Tatcha The Essence Plump Skin Softener 125ml,2023-03-17,1741.94,49
Afonso Neves,Mexico,COSRX Oil-Free Ultra-Moisturizing Lotion 40ml,2020-10-24,16991.32,207
Carolina Coelho,Mexico,The Ordinary Glycolic Acid 7% Toning Solution 150ml,2024-04-18,8274.84,153
João Mendes,Thailand,COSRX Ultimate Moisturizing Honey Overnight Mask 75ml,2021-09-16,20020.36,174
Maria Ferreira,South Korea,La Roche-Posay Lipikar Balm AP+ 56.7g,2024-12-28,424.61,101
Rafael Gomes,United Kingdom,Estée Lauder Perfectly Clean Multi-Action Foam Cleanser 15ml,2022-07-01,13312.99,141
Clara Mendes,Colombia,Tatcha The Water Cream 40ml,2021-05-13,14245.54,141
Gonçalo Rodrigues,Mexico,The Ordinary Glycolic Acid 7% Toning Solution 200ml,2021-01-02,932.24,37
Pedro Cruz,South Korea,Bioderma Nodé Detox Shampoo 20ml,2021-03-28,1642.5,51
Inês Monteiro,Netherlands,Drunk Elephant Virgin Marula Luxury Face Oil 60ml,2022-06-08,5127.21,71
Afonso Jesus,France,Estée Lauder Revitalizing Supreme+ Moisturizer 30ml,2024-10-31,2009.96,86
Rafael Vieira,Colombia,Kiehl's Calendula Serum-Infused Water Cream 340g,2022-09-22,2996.91,37
Ana Vieira,Philippines,Drunk Elephant A-Passioni Retinol Cream 150ml,2024-07-31,12905.37,178
Rafael Martins,Brazil,Tatcha The Dewy Skin Cream 15ml,2021-07-10,10523.72,123
Gonçalo Coelho,United Kingdom,Sunday Riley Auto Correct Brightening and Depuffing Eye Contour Cream 50ml,2021-07-24,3715.3,67
Rodrigo Moreira,Italy,First Aid Beauty KP Bump Eraser Body Scrub 20ml,2024-05-07,8060.74,275
Afonso Monteiro,Japan,Sunday Riley Tidal Brightening Enzyme Water Cream 100ml,2020-07-06,6414.53,168
Pedro Pereira,Spain,Pixi Rose Ceramide Cream 250ml,2021-05-29,13709.03,264
Leonor Coelho,South Korea,Sunday Riley Ice Ceramide Moisturizing Cream 20ml,2021-01-05,5480.25,52
Pedro Santos,Chile,CeraVe Healing Ointment 20ml,2022-11-06,1532.08,75
Ana Ferreira,Sweden,La Roche-Posay Effaclar Mat Moisturiser 340g,2024-11-29,5956.17,64
Inês Ferreira,Philippines,Estée Lauder Re-Nutriv Ultimate Lift Age-Correcting Crème 340g,2020-02-29,10790.14,129
Carolina Pereira,Colombia,First Aid Beauty Ultra Repair Cream 40ml,2020-08-29,2698.03,115
Maria Fernandes,Mexico,La Roche-Posay Hyalu B5 Serum 60ml,2021-01-27,377.52,10
Inês Ribeiro,France,La Roche-Posay Effaclar Mat Moisturiser 125ml,2021-11-14,20245.51,281
Ana Teixeira,Canada,REN Clean Skincare Radiance Perfection Serum 125ml,2021-02-21,11190.58,150
Afonso Oliveira,United Kingdom,REN Clean Skincare Radiance Perfection Serum 100ml,2024-04-24,7150.15,149
Gonçalo Coelho,Italy,Sunday Riley Saturn Sulfur Acne Treatment Mask 125ml,2024-11-18,1797.12,48
Pedro Pereira,Poland,Paula's Choice SKIN PERFECTING 2% BHA Liquid Exfoliant 30ml,2022-03-26,8810.07,142
Joana Santos,Italy,Skinceuticals B5 Gel Hydrating Serum 56.7g,2024-10-18,61.75,11
Rodrigo Cruz,Sweden,Pixi Overnight Glow Serum 40ml,2023-11-27,8357.99,142
Matilde Cruz,Germany,Olay Luminous Whip Face Moisturiser 30g,2023-10-28,4574.16,128
Carolina Ferreira,Sweden,Murad Cellular Hydration Barrier Repair Cream 150ml,2020-05-24,4277.75,61
Mariana Cruz,Mexico,Neutrogena Norwegian Formula Face Cream 50ml,2022-02-26,4345.41,158
Pedro Cruz,Chile,Clinique Dramatically Different Moisturising Lotion+ 75ml,2022-02-12,3778.25,38
Sofia Mendes,South Korea,Estée Lauder Nutritious Super-Pomegranate Radiant Energy Eye Jelly 250ml,2020-12-01,28238.34,431
Rodrigo Soares,Colombia,Drunk Elephant F-Balm Electrolyte Waterbalm 75ml,2020-08-19,3326.75,63
Mariana Martins,Philippines,Sunday Riley Tidal Brightening Enzyme Water Cream 150ml,2020-06-01,2664.73,44
Gonçalo Rodrigues,Chile,COSRX Advanced Snail 96 Mucin Power Essence 30g,2022-01-19,2652.91,136
João Nunes,France,CeraVe PM Facial Moisturising Lotion 150ml,2021-08-29,11969.23,145
Dinis Silva,Germany,Neutrogena Norwegian Formula Face Cream 340g,2022-03-05,1260.04,218
Margarida Marques,Mexico,Drunk Elephant T.L.C. Framboos Glycolic Night Serum 20ml,2020-03-22,13230.32,161
Joana Costa,Italy,Kiehl's Midnight Recovery Concentrate 56.7g,2021-01-29,5551.62,106
Diogo Oliveira,Netherlands,Avène Eau Thermale Spray 125ml,2024-02-08,20288.87,264
Afonso Sousa,Indonesia,La Roche-Posay Cicaplast Baume B5 200ml,2022-11-19,1973.0,33
Francisco Mendes,Thailand,Clinique Repairwear Laser Focus Eye Cream 50ml,2022-06-12,6419.89,132
Lucas Coelho,Chile,Paula's Choice BOOST 10% Niacinamide Booster 60ml,2021-10-22,1639.48,16
Catarina Neves,Germany,First Aid Beauty Hello FAB Coconut Skin Smoothie Priming Moisturizer 125ml,2022-11-17,4250.58,75
Clara Cardoso,Italy,Murad Hydro-Dynamic Ultimate Moisture 40ml,2021-08-19,7989.73,149
Rafael Pereira,Poland,Drunk Elephant B-Hydra Intensive Hydration Serum 30ml,2022-05-29,6059.0,125
Joana Santos,Sweden,Neutrogena Hydro Boost Eye Gel-Cream 60ml,2024-06-10,9654.52,114
Inês Martins,France,Skinceuticals Metacell Renewal B3 200ml,2024-09-09,5709.66,75
Diogo Ribeiro,Brazil,La Roche-Posay Effaclar Mat Moisturiser 60ml,2021-12-02,1786.06,29
João Nunes,Sweden,Drunk Elephant F-Balm Electrolyte Waterbalm 75ml,2021-09-20,2956.0,109
Dinis Cardoso,Argentina,Bioderma Sensibio Light Soothing Cream 200ml,2022-01-22,11268.2,146
Ana Vieira,South Korea,REN Clean Skincare V-Cense Revitalising Eye Cream 340g,2023-12-12,298.99,39
Gonçalo Coelho,China,Pixi Hydrating Milky Serum 20ml,2022-07-30,7535.84,300
Rafael Martins,Netherlands,Paula's Choice SKIN RECOVERY Replenishing Moisturizer 30g,2022-11-10,5331.33,103
Beatriz Jesus,Mexico,La Roche-Posay Cicaplast Baume B5 250ml,2023-12-10,4698.57,283
Diogo Martins,Sweden,Murad AHA/BHA Exfoliating Cleanser 40ml,2020-01-22,2011.2,59
Tomás Martins,Germany,Kiehl's Clearly Corrective Dark Spot Solution 340g,2020-12-15,9031.81,101
Ana Moreira,Germany,Olay Eyes Ultimate Eye Cream 30ml,2024-10-04,2093.96,31
Afonso Sousa,Indonesia,Neutrogena Ultra Sheer Dry-Touch Sunscreen SPF 50+ 200ml,2022-05-02,6388.02,133
Tiago Almeida,Spain,Bioderma Sebium Pore Refiner 200ml,2021-03-03,16928.2,175
Joana Teixeira,France,Kiehl's Ultra Facial Cream 100ml,2020-06-27,10123.37,108
Matilde Carvalho,China,Olay Super Serum 5-in-1 75ml,2020-12-17,52366.84,471
Sara Mendes,India,CeraVe Healing Ointment 30g,2021-04-16,703.19,38
Pedro Santos,Mexico,Drunk Elephant F-Balm Electrolyte Waterbalm 60ml,2020-06-10,21357.18,355
Catarina Neves,Spain,Avène Cleanance Expert Emulsion 40ml,2024-07-03,4031.76,408
Afonso Rocha,India,Neutrogena Hydro Boost Eye Gel-Cream 40ml,2023-11-11,1431.36,42
Laura Pereira,Mexico,Murad Retinol Youth Renewal Serum 125ml,2021-01-06,22067.76,347
Gonçalo Fernandes,Argentina,COSRX Full Fit Propolis Light Cream 150ml,2023-11-28,38434.36,373
Afonso Martins,Spain,Skinceuticals Physical Fusion UV Defense SPF 50 15ml,2022-03-10,5592.79,63
João Mendes,Canada,Skinceuticals C E Ferulic Serum 30g,2023-11-09,2881.17,84
Rafael Martins,Japan,Avène PhysioLift Night Smoothing Balm 75ml,2020-10-09,5546.44,97
Margarida Marques,Spain,Drunk Elephant F-Balm Electrolyte Waterbalm 50ml,2020-04-15,360.61,92
Pedro Ferreira,Colombia,COSRX Advanced Snail 96 Mucin Power Essence 30ml,2024-04-26,10248.07,122
Carolina Pereira,Chile,Bioderma Cicabio Arnica+ Repairing Cream 30ml,2020-03-28,11435.59,110
Miguel Martins,Canada,COSRX Balancium B5 Biome Comfort Cream 200ml,2023-06-12,4691.02,51
Martim Rodrigues,India,Tatcha The Water Cream 200ml,2020-04-13,1044.63,131
Rodrigo Pereira,Singapore,Sunday Riley Luna Sleeping Night Oil 340g,2021-03-26,4710.56,113
Mariana Neves,Sweden,COSRX AC Collection Lightweight Soothing Moisturizer 150ml,2020-11-08,4674.84,81
Diogo Costa,Spain,Pixi Vitamin-C Juice Cleanser 40ml,2022-04-26,6421.74,75
Rodrigo Jesus,Brazil,Kiehl's Rare Earth Deep Pore Cleansing Masque 200ml,2023-04-02,3556.74,42
João Mendes,China,Estée Lauder Re-Nutriv Ultimate Lift Age-Correcting Crème 60ml,2023-02-12,13476.03,142
Rodrigo Coelho,Poland,REN Clean Skincare V-Cense Revitalising Eye Cream 30ml,2021-04-25,3199.76,43
Mariana Teixeira,Colombia,First Aid Beauty Hello FAB Coconut Skin Smoothie Priming Moisturizer 60ml,2020-11-17,1475.83,118
Tiago Gomes,Chile,Skinceuticals Triple Lipid Restore 2:4:2 15ml,2021-02-11,26915.69,390
Sofia Nunes,Thailand,Clinique Even Better Clinical Radical Dark Spot Corrector 15ml,2023-04-04,1690.76,145
Rafael Pereira,Thailand,Neutrogena Oil-Free Acne Wash 250ml,2024-01-10,5609.61,124
Tomás Martins,India,Kiehl's Creamy Eye Treatment with Avocado 250ml,2020-12-26,3632.15,36
Dinis Monteiro,United States,Clinique Dramatically Different Moisturising Lotion+ 150ml,2022-04-23,8610.93,146
Dinis Ferreira,Germany,La Roche-Posay Lipikar Balm AP+ 125ml,2021-07-14,7905.19,112
Tomás Coelho,China,Estée Lauder DayWear Multi-Protection Anti-Oxidant 24H Moisturizer SPF15 30ml,2022-01-09,2602.7,70
Laura Mendes,Spain,Neutrogena Norwegian Formula Face Cream 15ml,2024-07-12,1710.91,22
Joana Santos,Colombia,The Ordinary Glycolic Acid 7% Toning Solution 200ml,2021-11-11,11536.24,276
Rodrigo Moreira,China,Clinique All About Eyes Rich 250ml,2022-01-14,11183.45,175
Inês Martins,United Kingdom,La Roche-Posay Retinol B3 Serum 60ml,2024-03-02,33589.92,453
Mariana Soares,Argentina,Sunday Riley Saturn Sulfur Acne Treatment Mask 60ml,2021-04-05,6512.14,135
Diogo Rocha,South Korea,Avène Retrinal+ 0.1 Intensive Cream 200ml,2021-04-17,4153.98,62
Sara Almeida,France,REN Clean Skincare Radiance Perfection Serum 200ml,2022-05-13,5808.6,122
Catarina Monteiro,United States,Bioderma Sebium Pore Refiner 30g,2024-11-08,4637.17,268
Pedro Pereira,Singapore,COSRX Advanced Snail 96 Mucin Power Essence 100ml,2024-12-27,2886.38,27
Rodrigo Pinto,United Kingdom,REN Clean Skincare Radiance Perfection Serum 200ml,2020-08-10,26523.62,321
Matilde Moreira,India,Avène Retrinal+ 0.1 Intensive Cream 250ml,2021-01-30,7471.84,129
Catarina Monteiro,Philippines,Pixi Overnight Glow Serum 30g,2020-10-03,806.63,123
Diogo Costa,Japan,Avène Antirougeurs Jour Redness Relief Cream 200ml,2020-09-27,1399.92,88
Tiago Cardoso,United Kingdom,Kiehl's Clearly Corrective Dark Spot Solution 50ml,2023-04-02,5964.08,62
Miguel Ferreira,Mexico,Olay Retinol24 Night Moisturizer 340g,2024-04-03,38895.21,440
Martim Pinto,Indonesia,Paula's Choice RESIST Anti-Aging Clear Skin Hydrator 340g,2023-05-26,1413.65,37
Tomás Almeida,France,La Roche-Posay Toleriane Double Repair Moisturiser 125ml,2021-12-04,11752.61,119
Rodrigo Pereira,Canada,Estée Lauder Advanced Night Repair Serum 75ml,2020-01-12,5386.67,55
Francisco Almeida,Sweden,Kiehl's Midnight Recovery Concentrate 15ml,2024-07-06,2978.21,34
Lucas Coelho,Indonesia,La Roche-Posay Effaclar Mat Moisturiser 125ml,2021-10-27,21603.98,276
Margarida Teixeira,Argentina,Sunday Riley UFO Ultra-Clarifying Face Oil 125ml,2022-01-08,2197.99,39
Matilde Carvalho,Singapore,Clinique Smart Night Custom-Repair Moisturiser 100ml,2024-07-10,9791.89,130
Tiago Gomes,Mexico,Bioderma Sensibio Light Soothing Cream 40ml,2020-03-25,3750.77,270
Afonso Pereira,Thailand,Skinceuticals A.G.E. Eye Complex 56.7g,2021-09-01,756.41,149
Sofia Gomes,United Kingdom,REN Clean Skincare Ready Steady Glow Daily AHA Tonic 60ml,2020-04-03,6356.17,133
Guilherme Neves,Argentina,Tatcha The Clarifying Clay Mask 30g,2020-08-21,5183.58,128
João Costa,China,Pixi Rose Ceramide Cream 20ml,2020-06-28,1148.44,82
João Nunes,Germany,La Roche-Posay Effaclar Mat Moisturiser 30g,2024-09-10,5573.12,62
Leonor Jesus,Thailand,REN Clean Skincare Ready Steady Glow Daily AHA Tonic 30ml,2023-05-16,4058.87,89
Leonor Rodrigues,Brazil,CeraVe Healing Ointment 50ml,2022-07-31,2566.52,59
Lucas Coelho,United Kingdom,Paula's Choice EARTH SOURCED Antioxidant-Enriched Natural Moisturizer 100ml,2023-08-03,18464.42,178
Afonso Rocha,France,Estée Lauder Nutritious Super-Pomegranate Radiant Energy Eye Jelly 15ml,2020-08-19,424.19,15
Margarida Marques,United Kingdom,Pixi Hydrating Milky Serum 200ml,2020-04-22,1179.68,22
Diogo Cardoso,Spain,Drunk Elephant T.L.C. Framboos Glycolic Night Serum 75ml,2023-11-29,10251.43,87
Sara Mendes,Mexico,COSRX Full Fit Propolis Light Cream 100ml,2020-07-29,6854.64,117
Martim Teixeira,Italy,Olay Total Effects 7-in-1 Moisturiser 20ml,2021-09-20,339.29,54
Clara Ferreira,Indonesia,REN Clean Skincare Overnight Glow Dark Spot Sleeping Cream 200ml,2024-06-30,1550.74,19
Dinis Cardoso,Germany,Olay Total Effects 7-in-1 Moisturiser 20ml,2024-08-19,2367.11,318
Clara Cardoso,United Kingdom,Skinceuticals Phyto Corrective Gel 150ml,2022-05-24,10471.72,108
Rafael Gomes,United Kingdom,Neutrogena Bright Boost Gel Cream 15ml,2023-07-12,1728.1,30
Sofia Martins,Germany,Skinceuticals Metacell Renewal B3 150ml,2024-12-25,3662.9,35
Dinis Cardoso,Philippines,REN Clean Skincare Overnight Glow Dark Spot Sleeping Cream 75ml,2024-08-07,8703.55,108
Francisco Mendes,Sweden,CeraVe Healing Ointment 20ml,2022-05-21,2870.0,88
Joana Teixeira,Netherlands,Neutrogena Oil-Free Acne Wash 30ml,2020-05-06,1787.91,73
Guilherme Neves,Japan,Bioderma Sebium Pore Refiner 30ml,2021-08-18,537.28,45
Ana Nunes,Argentina,Pixi Glow Tonic 56.7g,2021-03-29,916.84,40
Miguel Marques,Philippines,Pixi Retinol Tonic 250ml,2022-09-21,120.5,19
Pedro Cruz,India,First Aid Beauty Ultra Repair Cream 75ml,2021-01-26,2393.2,56
Margarida Mendes,Indonesia,COSRX Balancium B5 Biome Comfort Cream 15ml,2024-09-29,1857.46,70
Sofia Carvalho,Brazil,Drunk Elephant A-Passioni Retinol Cream 100ml,2024-05-25,6743.06,70
Gonçalo Fernandes,Netherlands,COSRX AC Collection Lightweight Soothing Moisturizer 125ml,2021-05-06,5981.65,182
Sara Cruz,Spain,Olay Regenerist Micro-Sculpting Cream 30g,2022-06-03,2784.06,150
Leonor Pinto,Argentina,Pixi Skintreats Rose Caviar Eye Cream 125ml,2023-10-05,1330.04,12
Matilde Carvalho,Italy,REN Clean Skincare Evercalm Global Protection Day Cream 250ml,2024-04-23,936.34,12
Clara Mendes,Japan,Murad AHA/BHA Exfoliating Cleanser 40ml,2024-03-17,8502.3,110
Gonçalo Ribeiro,India,COSRX AC Collection Lightweight Soothing Moisturizer 60ml,2021-07-20,16034.77,146
Carolina Coelho,United States,The Ordinary Niacinamide 10% + Zinc 1% 340g,2022-09-24,539.12,45
Tomás Ribeiro,France,Olay Super Serum 5-in-1 30ml,2022-07-15,791.03,54
Rafael Gomes,United States,Clinique Even Better Clinical Radical Dark Spot Corrector 20ml,2023-04-24,6179.22,77
Clara Monteiro,Sweden,REN Clean Skincare Perfect Canvas Clean Primer 15ml,2020-02-06,2081.46,114
Beatriz Cardoso,Germany,First Aid Beauty Hello FAB Coconut Skin Smoothie Priming Moisturizer 150ml,2022-01-16,3830.44,63
Catarina Monteiro,Spain,Estée Lauder Resilience Lift Firming & Sculpting Eye Cream 100ml,2020-06-06,7385.93,97
João Neves,United Kingdom,REN Clean Skincare Evercalm Global Protection Day Cream 40ml,2020-11-10,9914.55,92
Leonor Marques,Philippines,Pixi Overnight Glow Serum 150ml,2022-06-23,3341.16,34
Mariana Martins,United Kingdom,REN Clean Skincare V-Cense Revitalising Eye Cream 340g,2024-12-13,8562.62,135
Beatriz Cardoso,United Kingdom,Paula's Choice BOOST 10% Niacinamide Booster 20ml,2023-10-30,7277.74,112
Tiago Gomes,Chile,Kiehl's Rare Earth Deep Pore Cleansing Masque 50ml,2023-04-02,10741.09,99
Joana Teixeira,Colombia,Tatcha The Rice Polish Foaming Enzyme Powder 250ml,2023-07-24,35795.75,330
Ana Ferreira,China,Estée Lauder DayWear Multi-Protection Anti-Oxidant 24H Moisturizer SPF15 200ml,2024-11-08,18899.21,263
Rafael Martins,Spain,Olay Regenerist Micro-Sculpting Cream 56.7g,2021-05-27,11281.52,164
Tomás Coelho,Philippines,Skinceuticals B5 Gel Hydrating Serum 150ml,2020-11-01,14654.84,208
Diogo Rocha,United Kingdom,Kiehl's Super Multi-Corrective Anti-Aging Face & Neck Cream 40ml,2024-05-28,5415.09,56
Afonso Martins,China,The Ordinary Glycolic Acid 7% Toning Solution 20ml,2022-08-03,1267.98,18
Matilde Teixeira,United Kingdom,La Roche-Posay Toleriane Double Repair Moisturiser 40ml,2020-11-16,2167.31,304
Diogo Rodrigues,Singapore,Avène Cleanance Expert Emulsion 200ml,2023-11-17,5970.53,148
Martim Rodrigues,Indonesia,Estée Lauder Revitalizing Supreme+ Moisturizer 75ml,2024-03-25,9142.75,86
Catarina Monteiro,Indonesia,CeraVe PM Facial Moisturising Lotion 50ml,2023-09-12,7796.48,125
Lucas Rodrigues,Singapore,Estée Lauder Perfectly Clean Multi-Action Foam Cleanser 15ml,2024-10-01,2679.28,73
Ana Moreira,Italy,First Aid Beauty Ultra Repair Firming Collagen Cream 150ml,2024-09-24,10443.17,118
Tomás Ribeiro,Brazil,Neutrogena Bright Boost Gel Cream 40ml,2024-03-13,8046.1,81
Gonçalo Coelho,Chile,Olay Retinol24 Night Moisturizer 340g,2024-07-19,6647.23,313
Matilde Cruz,Canada,Avène Retrinal+ 0.1 Intensive Cream 30g,2024-04-09,579.62,14
Martim Teixeira,Sweden,REN Clean Skincare Radiance Perfection Serum 40ml,2024-02-15,9366.96,112
Afonso Jesus,Netherlands,Avène Hydrance Rich Rehydrating Cream 150ml,2023-02-05,173.07,57
Lucas Costa,Brazil,First Aid Beauty Ultra Repair Cream 340g,2024-02-18,4734.44,114
Carolina Silva,United States,First Aid Beauty Ultra Repair Tinted Moisturizer SPF 30 15ml,2022-12-28,20254.91,341
Tomás Ribeiro,Netherlands,La Roche-Posay Hyalu B5 Serum 200ml,2022-05-31,1692.34,59
Laura Fernandes,Thailand,Murad Rapid Resurgence Eye Lift 40ml,2021-12-23,7746.45,133
Lucas Costa,Thailand,La Roche-Posay Toleriane Hydrating Gentle Cleanser 150ml,2020-07-08,6678.9,95
Carolina Ferreira,Colombia,Murad Rapid Resurgence Eye Lift 250ml,2022-02-25,1293.71,130
Rodrigo Cruz,Colombia,Neutrogena Hydro Boost Eye Gel-Cream 340g,2020-09-13,16461.72,319
Lucas Santos,Mexico,Murad Vita-C Glycolic Brightening Serum 56.7g,2021-09-09,1471.6,27
Carolina Marques,Argentina,La Roche-Posay Toleriane Double Repair Moisturiser 250ml,2022-01-11,7531.44,121
Afonso Pereira,India,Paula's Choice SKIN PERFECTING 2% BHA Liquid Exfoliant 200ml,2022-07-11,3124.84,184
Laura Fernandes,Colombia,Neutrogena Hydro Boost Water Gel 75ml,2021-09-04,10734.11,94
Carolina Jesus,Indonesia,Bioderma Sensibio H2O Micellar Water 250ml,2020-09-25,4981.7,129
Pedro Ferreira,Brazil,Estée Lauder Re-Nutriv Ultimate Lift Age-Correcting Crème 56.7g,2022-06-05,9011.71,144
João Neves,France,Clinique All About Eyes Rich 50ml,2024-08-03,394.63,124
Beatriz Jesus,Argentina,Kiehl's Ultra Facial Cream 30g,2021-02-18,1421.86,135
Rafael Vieira,Singapore,Sunday Riley Auto Correct Brightening and Depuffing Eye Contour Cream 15ml,2024-05-02,10586.36,127
Mariana Martins,Canada,Neutrogena Ultra Sheer Dry-Touch Sunscreen SPF 50+ 50ml,2022-01-14,2830.63,122
Laura Pereira,Italy,Sunday Riley Luna Sleeping Night Oil 250ml,2022-01-29,34690.19,317
João Vieira,Chile,Estée Lauder Resilience Lift Firming & Sculpting Eye Cream 15ml,2020-05-22,10365.75,102
Diogo Rocha,India,Murad Hydro-Dynamic Ultimate Moisture 150ml,2023-03-22,212.94,15
Leonor Martins,Italy,Bioderma Nodé Detox Shampoo 40ml,2021-04-28,9192.49,271
Afonso Martins,Netherlands,Olay Regenerist Micro-Sculpting Cream 200ml,2023-11-28,15514.54,139
Laura Ribeiro,Netherlands,Bioderma Sebium Pore Refiner 340g,2022-02-22,29911.93,315
Beatriz Cardoso,France,REN Clean Skincare Perfect Canvas Clean Primer 50ml,2022-11-19,2300.4,30
Mariana Neves,Chile,Murad Cellular Hydration Barrier Repair Cream 60ml,2021-11-20,2105.49,47
Rafael Vieira,Thailand,Skinceuticals B5 Gel Hydrating Serum 50ml,2024-12-16,40454.69,514
Joana Santos,Colombia,CeraVe PM Facial Moisturising Lotion 30g,2022-02-17,12807.61,243
João Cardoso,France,Tatcha The Dewy Skin Cream 100ml,2023-11-04,2671.73,45
Joana Costa,Netherlands,Murad Retinol Youth Renewal Serum 30g,2021-08-01,3463.92,94
Sofia Gomes,Thailand,CeraVe Eye Repair Cream 125ml,2021-12-31,2495.52,35
Rafael Pereira,Spain,Skinceuticals C E Ferulic Serum 200ml,2022-09-08,2316.3,45
Diogo Martins,Brazil,La Roche-Posay Toleriane Double Repair Moisturiser 200ml,2020-03-14,11105.83,111
Carolina Pereira,Brazil,Tatcha The Essence Plump Skin Softener 250ml,2023-06-24,8772.44,81
Tomás Ribeiro,Spain,CeraVe Hydrating Cleanser 125ml,2024-10-27,3307.84,93
Dinis Monteiro,Netherlands,Sunday Riley Ice Ceramide Moisturizing Cream 150ml,2024-06-03,6009.4,232
Afonso Monteiro,Colombia,Olay Regenerist Collagen Peptide24 Serum 150ml,2021-07-14,5934.93,139
Leonor Coelho,Philippines,Estée Lauder Resilience Lift Firming & Sculpting Eye Cream 50ml,2021-02-02,356.87,54
Afonso Monteiro,Thailand,Bioderma Hydrabio Gel-Crème 20ml,2021-04-25,8921.02,102
Francisco Fernandes,Sweden,Neutrogena Hydro Boost Water Gel 50ml,2022-08-27,1472.97,133
Guilherme Neves,Brazil,Paula's Choice CLINICAL 1% Retinol Treatment 340g,2024-02-16,45024.34,511
Beatriz Ferreira,Argentina,Drunk Elephant B-Hydra Intensive Hydration Serum 250ml,2022-08-04,325.38,26
Francisco Mendes,Indonesia,Olay Regenerist Micro-Sculpting Cream 40ml,2024-03-08,1591.97,71
Afonso Rocha,Poland,La Roche-Posay Effaclar Mat Moisturiser 30g,2022-12-22,1860.66,100
Catarina Correia,Germany,Pixi Hydrating Milky Serum 75ml,2024-04-19,2376.71,49
Tiago Gomes,Italy,Clinique Turnaround Overnight Revitalizing Moisturizer 56.7g,2024-09-26,3994.91,51
Tiago Cardoso,Chile,Paula's Choice SKIN PERFECTING 2% BHA Liquid Exfoliant 50ml,2023-11-22,3379.11,39
Afonso Monteiro,China,Estée Lauder Resilience Lift Firming & Sculpting Eye Cream 20ml,2020-10-22,2724.65,116
João Martins,Sweden,Skinceuticals Discoloration Defense Serum 30g,2023-11-09,10319.26,168
Margarida Mendes,Singapore,Paula's Choice BOOST 10% Niacinamide Booster 150ml,2020-07-02,8183.36,126
Pedro Cruz,Poland,La Roche-Posay Hyalu B5 Serum 100ml,2020-11-17,20094.84,351
Ana Ferreira,Colombia,Pixi Glow Tonic 250ml,2023-09-15,11092.14,198
Ana Nunes,Poland,Pixi +C VIT Brightening Serum 200ml,2021-02-13,1499.1,132
Matilde Moreira,Colombia,Clinique Take The Day Off Cleansing Balm 75ml,2022-04-19,7923.65,77
Pedro Santos,Italy,COSRX Advanced Snail 96 Mucin Power Essence 200ml,2022-05-09,9271.06,118
Francisco Mendes,Indonesia,Pixi +C VIT Brightening Serum 30ml,2020-10-13,3282.23,38
João Mendes,China,The Ordinary Buffet Multi-Technology Peptide Serum 100ml,2020-08-26,26039.79,259
Pedro Cruz,Canada,First Aid Beauty Eye Duty Triple Remedy AM Gel Cream 125ml,2022-04-02,1625.85,20
Sara Almeida,South Korea,Estée Lauder Nutritious Super-Pomegranate Radiant Energy Eye Jelly 340g,2024-11-14,5207.74,87
Margarida Cardoso,France,Kiehl's Clearly Corrective Dark Spot Solution 40ml,2022-06-19,7419.73,105
Leonor Martins,Canada,CeraVe Moisturising Cream 200ml,2022-06-22,11358.69,97
Martim Silva,United Kingdom,REN Clean Skincare Ready Steady Glow Daily AHA Tonic 75ml,2023-11-16,2602.91,103
Afonso Monteiro,Canada,Clinique All About Eyes Rich 150ml,2023-04-26,8653.5,111
Francisco Almeida,Colombia,Tatcha The Indigo Overnight Repair Treatment 340g,2022-06-24,1205.77,54
Pedro Cruz,Argentina,Avène Cicalfate+ Restorative Protective Cream 150ml,2020-11-01,21421.73,364
Inês Martins,India,Estée Lauder Micro Essence Skin Activating Treatment Lotion 250ml,2023-03-21,3777.39,175
Sofia Gomes,Colombia,First Aid Beauty KP Bump Eraser Body Scrub 125ml,2024-06-03,4568.64,48
João Nunes,Indonesia,Neutrogena Oil-Free Acne Wash 340g,2021-04-28,14207.22,178
Tomás Coelho,Thailand,Sunday Riley Saturn Sulfur Acne Treatment Mask 50ml,2023-09-11,12579.99,205
Sofia Gomes,United Kingdom,Olay Super Serum 5-in-1 56.7g,2024-09-23,15293.44,149
Maria Fernandes,Thailand,First Aid Beauty KP Bump Eraser Body Scrub 15ml,2020-09-10,3499.19,82
Francisco Mendes,Colombia,Pixi Overnight Glow Serum 200ml,2024-07-04,12966.36,117
Ana Ferreira,Italy,Sunday Riley Luna Sleeping Night Oil 100ml,2021-02-28,7745.23,123
Mariana Cruz,Japan,Bioderma Atoderm Intensive Baume 30ml,2021-03-10,1929.62,131
Matilde Carvalho,Chile,Neutrogena Rapid Wrinkle Repair Retinol Cream 56.7g,2022-09-05,3019.97,91
Dinis Carvalho,Spain,Tatcha The Water Cream 20ml,2022-06-16,26072.63,231
Rafael Pereira,Netherlands,Avène XeraCalm A.D Lipid-Replenishing Cream 30ml,2024-09-13,578.52,149
Sara Fernandes,Chile,Drunk Elephant Lala Retro Whipped Cream 30g,2024-12-20,24740.33,218
Beatriz Marques,Thailand,The Ordinary AHA 30% + BHA 2% Peeling Solution 30g,2023-08-20,2329.88,24
Rodrigo Coelho,China,Estée Lauder Advanced Night Repair Serum 150ml,2021-11-14,11842.88,125
Sara Mendes,Italy,CeraVe Hydrating Cleanser 100ml,2024-09-16,1742.56,60
Tomás Correia,France,Skinceuticals C E Ferulic Serum 15ml,2021-08-10,246.13,11
João Nunes,Japan,First Aid Beauty KP Bump Eraser Body Scrub 60ml,2020-09-16,5704.04,79
Lucas Costa,United Kingdom,Skinceuticals Metacell Renewal B3 30ml,2024-06-04,14532.0,342
Rodrigo Pereira,South Korea,Kiehl's Clearly Corrective Dark Spot Solution 75ml,2024-09-02,2347.17,85
Matilde Moreira,Canada,Sunday Riley UFO Ultra-Clarifying Face Oil 125ml,2021-08-25,7656.25,73
Afonso Rocha,Brazil,COSRX Oil-Free Ultra-Moisturizing Lotion 340g,2020-05-06,22308.74,303
Carolina Jesus,Thailand,Pixi Retinol Tonic 340g,2020-07-19,27522.71,288
Afonso Vieira,Germany,Clinique Repairwear Laser Focus Eye Cream 250ml,2021-01-27,13749.69,232
Afonso Sousa,United States,Sunday Riley Luna Sleeping Night Oil 30g,2023-11-24,4767.21,167
Diogo Rodrigues,Germany,Drunk Elephant A-Passioni Retinol Cream 30ml,2022-01-02,2609.0,33
Leonor Coelho,Canada,Olay Regenerist Micro-Sculpting Cream 50ml,2022-04-25,32746.47,293
Inês Ferreira,Netherlands,Pixi Rose Ceramide Cream 60ml,2020-12-01,950.56,29
Catarina Monteiro,France,CeraVe Skin Renewing Night Cream 30g,2024-08-28,7119.19,96
Guilherme Costa,Mexico,Estée Lauder Advanced Night Repair Serum 200ml,2022-10-05,212.36,45
Francisco Jesus,France,Kiehl's Powerful-Strength Line-Reducing Concentrate 56.7g,2022-09-20,5720.62,106
João Vieira,Japan,Estée Lauder Advanced Night Repair Serum 30ml,2022-01-31,1241.77,14
Tiago Cardoso,France,La Roche-Posay Effaclar Mat Moisturiser 50ml,2024-05-06,7809.15,140
Tiago Jesus,Germany,Kiehl's Ultra Facial Cream 60ml,2024-10-20,9248.93,138
Sara Cruz,Italy,Bioderma Sensibio H2O Micellar Water 60ml,2022-08-12,15543.95,145
Sara Ferreira,Argentina,Estée Lauder Nutritious Super-Pomegranate Radiant Energy Eye Jelly 30ml,2022-05-17,2055.77,136
Rafael Vieira,United States,Neutrogena Ultra Sheer Dry-Touch Sunscreen SPF 50+ 50ml,2021-01-12,1117.8,46
Tiago Carvalho,Japan,Tatcha The Eye Concentrate 40ml,2024-02-01,4985.21,90
Margarida Silva,Colombia,Murad Oil-Control Mattifier SPF45 56.7g,2020-10-12,23734.6,335
Gonçalo Ribeiro,Thailand,Drunk Elephant A-Passioni Retinol Cream 20ml,2021-08-30,9123.63,212
Catarina Jesus,South Korea,Murad Rapid Resurgence Eye Lift 250ml,2022-10-09,841.17,86
Sofia Carvalho,Chile,Olay Retinol24 Night Moisturizer 125ml,2023-08-30,6319.8,129
Rafael Pereira,Spain,The Ordinary Salicylic Acid 2% Solution 75ml,2020-10-08,7070.68,92
João Mendes,South Korea,Murad Retinol Youth Renewal Serum 56.7g,2020-12-31,4513.03,80
Guilherme Costa,Brazil,La Roche-Posay Toleriane Hydrating Gentle Cleanser 150ml,2024-08-05,2422.39,112
Tomás Martins,United States,Estée Lauder Revitalizing Supreme+ Moisturizer 30ml,2020-08-19,11121.51,97
Rodrigo Pereira,Chile,Skinceuticals A.G.E. Eye Complex 60ml,2023-02-08,674.55,112
Inês Monteiro,India,REN Clean Skincare Overnight Glow Dark Spot Sleeping Cream 150ml,2023-07-10,3387.53,103
Inês Ferreira,Brazil,REN Clean Skincare Perfect Canvas Clean Primer 100ml,2021-10-03,4677.16,87
Sara Ferreira,Italy,CeraVe Skin Renewing Night Cream 15ml,2022-12-03,5361.1,112
Rafael Martins,China,Murad Cellular Hydration Barrier Repair Cream 100ml,2023-02-15,4306.88,49
Rafael Neves,Italy,Olay Regenerist Collagen Peptide24 Serum 250ml,2020-04-05,8288.34,164
Rafael Pereira,South Korea,Neutrogena Cellular Boost Concentrate Serum 30ml,2021-01-13,1668.35,76
Ana Monteiro,Colombia,Pixi Skintreats Rose Caviar Eye Cream 30ml,2023-07-23,11046.22,145
Martim Cardoso,Singapore,CeraVe Renewing SA Cream 15ml,2021-02-09,10002.45,98
Inês Cardoso,Argentina,Sunday Riley C.E.O. 15% Vitamin C Brightening Serum 100ml,2024-11-01,1456.23,129
Dinis Pereira,Netherlands,Drunk Elephant T.L.C. Framboos Glycolic Night Serum 250ml,2021-07-25,1830.97,30
Sara Mendes,Canada,Murad Rapid Resurgence Eye Lift 125ml,2021-07-05,474.46,30
Miguel Ferreira,Spain,Sunday Riley C.E.O. 15% Vitamin C Brightening Serum 56.7g,2020-02-19,896.64,18
Catarina Martins,Japan,Skinceuticals B5 Gel Hydrating Serum 30ml,2020-08-20,2349.14,50
Mariana Neves,Poland,Pixi Retinol Tonic 125ml,2023-10-30,4053.84,66
Afonso Neves,Poland,Clinique Take The Day Off Cleansing Balm 30g,2020-03-05,9925.01,317
Sofia Rodrigues,Indonesia,REN Clean Skincare Overnight Glow Dark Spot Sleeping Cream 15ml,2024-08-06,1501.81,54
Carolina Silva,India,La Roche-Posay Toleriane Double Repair Moisturiser 60ml,2022-12-21,1100.25,65
Margarida Silva,Spain,Neutrogena Bright Boost Gel Cream 15ml,2020-02-03,5232.9,86
Joana Costa,Philippines,The Ordinary Retinol 0.5% in Squalane 40ml,2024-08-29,6624.76,106
Carolina Silva,Indonesia,COSRX Full Fit Propolis Light Cream 75ml,2022-11-08,7513.7,102
Inês Monteiro,China,COSRX Balancium B5 Biome Comfort Cream 40ml,2023-08-30,657.55,55
Rafael Martins,Thailand,REN Clean Skincare Vita Mineral Active 7 Eye Gel 20ml,2022-02-22,1668.57,21
Martim Ferreira,Argentina,Murad Cellular Hydration Barrier Repair Cream 30g,2021-12-30,34780.05,371
Beatriz Marques,India,Tatcha The Essence Plump Skin Softener 15ml,2022-06-29,4874.33,73
Rafael Gomes,South Korea,Bioderma Sensibio H2O Micellar Water 15ml,2020-07-21,1472.52,33
Joana Fernandes,Singapore,REN Clean Skincare Overnight Glow Dark Spot Sleeping Cream 75ml,2022-11-04,6112.33,89
Tomás Rodrigues,Chile,Kiehl's Calendula Serum-Infused Water Cream 30g,2022-10-03,7473.79,105
Inês Monteiro,France,CeraVe Hydrating Cleanser 50ml,2020-04-15,8045.7,114
Matilde Carvalho,Brazil,Bioderma Pigmentbio C-Concentrate Brightening Serum 150ml,2023-01-14,5309.43,145
Lucas Santos,Singapore,Neutrogena Rapid Wrinkle Repair Retinol Cream 30g,2021-08-21,3696.8,67
Leonor Jesus,Sweden,Estée Lauder Nutritious Super-Pomegranate Radiant Energy Eye Jelly 40ml,2022-04-17,4987.84,45
Francisco Coelho,India,Pixi +C VIT Brightening Serum 50ml,2023-06-06,8270.9,389
João Neves,Argentina,Neutrogena Ultra Sheer Dry-Touch Sunscreen SPF 50+ 30ml,2021-01-09,13647.84,375
Inês Ribeiro,Colombia,Clinique Turnaround Overnight Revitalizing Moisturizer 75ml,2020-02-13,7127.81,111
Maria Fernandes,Canada,Murad Rapid Resurgence Eye Lift 50ml,2024-05-28,10370.72,473
Afonso Sousa,Thailand,Avène Eau Thermale Spray 30g,2023-06-30,5762.54,70
Miguel Martins,Argentina,Tatcha The Indigo Overnight Repair Treatment 15ml,2024-07-30,7330.67,84
Rodrigo Cruz,Singapore,Sunday Riley UFO Ultra-Clarifying Face Oil 200ml,2021-08-29,12848.13,123
Matilde Moreira,Brazil,Murad Cellular Hydration Barrier Repair Cream 100ml,2021-06-07,8694.23,85
Afonso Rocha,Singapore,Kiehl's Ultra Facial Cream 56.7g,2023-06-05,6996.49,101
Joana Santos,South Korea,La Roche-Posay Anthelios Invisible Fluid SPF50+ 150ml,2022-06-22,11824.4,156
João Costa,South Korea,La Roche-Posay Effaclar Mat Moisturiser 40ml,2024-07-01,596.24,96
Lucas Costa,Thailand,COSRX Advanced Snail 92 All in One Cream 30g,2023-12-17,4447.02,57
João Martins,Sweden,CeraVe Hydrating Cleanser 30g,2024-12-04,11932.32,121
Joana Fernandes,Chile,Murad Brightening Booster 150ml,2023-02-20,4065.32,44
Leonor Rodrigues,Colombia,La Roche-Posay Retinol B3 Serum 30g,2021-11-08,2083.93,28
Diogo Martins,Mexico,Neutrogena Bright Boost Gel Cream 30g,2020-11-19,11361.38,106
Carolina Vieira,Brazil,Avène Retrinal+ 0.1 Intensive Cream 150ml,2020-03-02,8037.17,76
Carolina Coelho,France,Drunk Elephant A-Passioni Retinol Cream 56.7g,2021-12-31,2505.25,27
Tomás Rodrigues,Spain,Murad Retinol Youth Renewal Serum 30g,2022-12-02,2676.62,47
Joana Fernandes,Sweden,COSRX Advanced Snail 96 Mucin Power Essence 40ml,2024-06-26,2550.14,40
Sara Ferreira,Colombia,La Roche-Posay Retinol B3 Serum 40ml,2023-08-30,4464.05,127
João Martins,India,First Aid Beauty KP Bump Eraser Body Scrub 200ml,2023-07-28,1819.08,24
Laura Fernandes,Italy,Estée Lauder Resilience Lift Firming & Sculpting Eye Cream 340g,2024-08-27,14766.12,136
Lucas Santos,United States,Skinceuticals B5 Gel Hydrating Serum 15ml,2022-09-16,2635.93,92
Diogo Ribeiro,Netherlands,Paula's Choice RESIST Anti-Aging Clear Skin Hydrator 56.7g,2020-08-03,8593.83,102
Tiago Almeida,Chile,Murad Retinol Youth Renewal Serum 75ml,2020-06-04,8788.79,146
Leonor Marques,Singapore,Pixi Vitamin-C Juice Cleanser 60ml,2022-03-26,520.4,30
Carolina Coelho,South Korea,COSRX Ultimate Moisturizing Honey Overnight Mask 30g,2020-09-02,341.79,114
Inês Monteiro,Canada,Estée Lauder Re-Nutriv Ultimate Lift Age-Correcting Crème 200ml,2023-08-29,4704.75,148
João Neves,United States,Clinique All About Eyes Rich 100ml,2022-03-14,2574.16,117
Joana Costa,Thailand,Tatcha The Dewy Skin Cream 75ml,2020-03-02,10254.29,143
Rafael Vieira,Spain,Skinceuticals Triple Lipid Restore 2:4:2 150ml,2023-08-07,2800.61,83
Mariana Cruz,India,Paula's Choice CLINICAL 1% Retinol Treatment 200ml,2023-04-23,1199.35,26
Mariana Neves,Poland,Tatcha The Eye Concentrate 30ml,2020-06-10,5335.77,184
Martim Ferreira,Canada,First Aid Beauty Hello FAB Coconut Skin Smoothie Priming Moisturizer 15ml,2024-02-16,2656.46,44
Rafael Pereira,South Korea,The Ordinary Niacinamide 10% + Zinc 1% 75ml,2021-10-27,1315.52,74
Afonso Jesus,Colombia,Bioderma Pigmentbio C-Concentrate Brightening Serum 15ml,2020-07-24,1306.8,399
Francisco Jesus,Sweden,COSRX AHA/BHA Clarifying Treatment Toner 125ml,2022-08-31,1226.09,13
Joana Oliveira,Germany,Neutrogena Bright Boost Gel Cream 20ml,2022-03-31,2478.2,104
Carolina Marques,Poland,The Ordinary Natural Moisturising Factors + HA 75ml,2024-06-30,1658.79,21
Pedro Ferreira,China,Avène PhysioLift Night Smoothing Balm 150ml,2021-05-24,1422.79,60
Afonso Rocha,Netherlands,First Aid Beauty Ultra Repair Firming Collagen Cream 75ml,2024-12-28,13323.18,124
Clara Gomes,Argentina,Murad Hydro-Dynamic Ultimate Moisture 20ml,2021-06-17,10101.64,171
Francisco Almeida,Netherlands,Drunk Elephant Lala Retro Whipped Cream 75ml,2020-12-30,6738.19,124
João Neves,Netherlands,CeraVe Eye Repair Cream 60ml,2020-07-05,11246.93,96
Carolina Silva,Spain,Paula's Choice CALM Redness Relief Moisturizer SPF 30 250ml,2021-05-11,4470.64,62
Tiago Jesus,Indonesia,Sunday Riley Luna Sleeping Night Oil 250ml,2020-03-15,1138.6,15
Beatriz Ferreira,Spain,First Aid Beauty Hello FAB Coconut Skin Smoothie Priming Moisturizer 40ml,2023-11-27,6675.54,88
Mariana Soares,Spain,Neutrogena Cellular Boost Concentrate Serum 100ml,2023-09-02,428.99,26
Margarida Silva,United States,COSRX Full Fit Propolis Light Cream 100ml,2021-05-18,14173.49,281
Margarida Teixeira,United States,Olay Regenerist Collagen Peptide24 Serum 30ml,2021-04-23,1382.69,69
Rodrigo Jesus,Sweden,La Roche-Posay Cicaplast Baume B5 200ml,2021-09-05,2323.05,30
Miguel Ferreira,Italy,Bioderma Cicabio Arnica+ Repairing Cream 30ml,2020-06-18,7247.28,130
Rafael Vieira,Argentina,Olay Regenerist Micro-Sculpting Cream 50ml,2023-12-03,11965.12,104
Leonor Coelho,Mexico,Kiehl's Super Multi-Corrective Anti-Aging Face & Neck Cream 340g,2023-04-05,1999.89,115
Martim Teixeira,Brazil,Olay Vitamin C + Peptide 24 Face Moisturizer 15ml,2024-02-29,13615.36,148
Martim Pinto,Netherlands,First Aid Beauty Pure Skin Face Cleanser 40ml,2022-11-29,642.73,27
Beatriz Ferreira,France,COSRX Advanced Snail 92 All in One Cream 125ml,2020-02-20,4358.6,91
Ana Monteiro,Poland,CeraVe Renewing SA Cream 250ml,2020-10-26,1750.62,25
Sara Mendes,Canada,Tatcha The Dewy Skin Cream 15ml,2023-01-18,8278.22,121
Diogo Rocha,Spain,Sunday Riley Good Genes All-In-One Lactic Acid Treatment 75ml,2021-05-18,3519.72,67
João Martins,Thailand,Paula's Choice SKIN RECOVERY Replenishing Moisturizer 40ml,2021-04-07,1092.82,92
Ana Vieira,Colombia,Bioderma Pigmentbio C-Concentrate Brightening Serum 15ml,2021-03-31,10461.52,366
Lucas Rodrigues,Thailand,Bioderma Hydrabio Gel-Crème 100ml,2021-07-10,2154.17,79
João Cardoso,Mexico,Pixi Retinol Tonic 30g,2021-03-19,10519.9,111
Rodrigo Pereira,Chile,Avène Eau Thermale Spray 40ml,2024-11-28,2501.96,108
Rodrigo Soares,Argentina,La Roche-Posay Effaclar Mat Moisturiser 20ml,2023-02-21,746.08,57
Joana Santos,Netherlands,REN Clean Skincare Perfect Canvas Clean Primer 340g,2024-11-04,1991.15,136
Afonso Martins,Thailand,Avène PhysioLift Night Smoothing Balm 150ml,2021-12-14,6091.53,147
Dinis Pereira,Chile,Estée Lauder Advanced Night Repair Serum 40ml,2022-01-16,11520.09,99
Rafael Pereira,Mexico,Skinceuticals Metacell Renewal B3 15ml,2020-04-23,7111.4,108
Beatriz Jesus,China,Neutrogena Oil-Free Acne Wash 340g,2020-12-17,15904.63,195
Tomás Correia,China,Paula's Choice CALM Redness Relief Moisturizer SPF 30 125ml,2020-03-26,14478.14,174
Carolina Vieira,Germany,First Aid Beauty Ultra Repair Cream 30g,2020-02-07,1816.02,77
Carolina Jesus,Canada,Estée Lauder Resilience Lift Firming & Sculpting Eye Cream 60ml,2022-12-22,19479.2,379
Afonso Rocha,Poland,Kiehl's Ultra Facial Cream 30ml,2024-10-30,1338.46,27
Diogo Rodrigues,Italy,REN Clean Skincare Overnight Glow Dark Spot Sleeping Cream 50ml,2023-02-11,9226.61,245
Mariana Cruz,Mexico,Avène Cicalfate+ Restorative Protective Cream 56.7g,2022-08-26,1101.12,75
Ana Monteiro,France,Kiehl's Clearly Corrective Dark Spot Solution 75ml,2020-02-10,22580.93,321
Diogo Costa,Japan,Bioderma Atoderm Intensive Baume 100ml,2024-04-26,2237.07,40
João Vieira,Netherlands,Bioderma Cicabio Arnica+ Repairing Cream 150ml,2024-11-27,1842.97,30
Diogo Oliveira,United Kingdom,COSRX Advanced Snail 96 Mucin Power Essence 340g,2022-03-14,2814.72,37
Ana Moreira,Italy,REN Clean Skincare Clean Screen Mineral SPF30 250ml,2024-02-10,3031.16,178
Francisco Coelho,Italy,La Roche-Posay Lipikar Balm AP+ 30g,2024-06-28,5057.13,100
Sara Almeida,Poland,Pixi Vitamin-C Juice Cleanser 200ml,2022-07-19,1511.27,182
Inês Martins,Thailand,The Ordinary Salicylic Acid 2% Solution 60ml,2024-03-16,10532.78,95
Rafael Gomes,Spain,Tatcha The Essence Plump Skin Softener 40ml,2021-04-16,5326.67,97
Rodrigo Jesus,Italy,Olay Total Effects 7-in-1 Moisturiser 100ml,2021-02-24,346.93,47
Margarida Marques,Mexico,Olay Total Effects 7-in-1 Moisturiser 340g,2021-08-16,5073.13,115
Margarida Silva,Spain,The Ordinary Hyaluronic Acid 2% + B5 150ml,2023-02-13,21638.04,237
Inês Ribeiro,Argentina,Avène Eau Thermale Spray 75ml,2021-11-25,1857.94,34
Diogo Rodrigues,Netherlands,Olay Regenerist Micro-Sculpting Cream 56.7g,2022-07-28,2374.03,94
Gonçalo Ribeiro,Thailand,Kiehl's Rare Earth Deep Pore Cleansing Masque 100ml,2021-02-02,7512.71,393
Ana Monteiro,Canada,The Ordinary Glycolic Acid 7% Toning Solution 20ml,2024-04-26,3322.36,67
Carolina Marques,India,The Ordinary Natural Moisturising Factors + HA 15ml,2021-12-27,15327.35,142
Carolina Coelho,Japan,Avène Hydrance Rich Rehydrating Cream 125ml,2020-02-27,998.62,94
Miguel Martins,Thailand,Sunday Riley Saturn Sulfur Acne Treatment Mask 100ml,2020-08-10,8344.13,90
Inês Martins,Argentina,Murad AHA/BHA Exfoliating Cleanser 75ml,2022-04-07,3716.02,68
Pedro Ferreira,Thailand,Olay Super Serum 5-in-1 30ml,2022-01-11,1905.35,23
Rafael Pereira,Indonesia,Sunday Riley Saturn Sulfur Acne Treatment Mask 30g,2022-10-07,224.07,14
Martim Rodrigues,Japan,Paula's Choice EARTH SOURCED Antioxidant-Enriched Natural Moisturizer 200ml,2020-08-22,20156.98,191
Tiago Carvalho,India,Olay Regenerist Micro-Sculpting Cream 20ml,2021-05-02,11537.31,284
Matilde Carvalho,Colombia,Tatcha The Dewy Skin Cream 125ml,2022-06-29,5181.88,69
Catarina Correia,India,Bioderma Sensibio Light Soothing Cream 60ml,2021-12-28,2105.45,56
João Martins,France,Murad Cellular Hydration Barrier Repair Cream 15ml,2020-12-14,19559.6,241
Inês Cruz,Thailand,Tatcha The Indigo Overnight Repair Treatment 15ml,2020-09-25,4271.78,49
Ana Ferreira,United States,Skinceuticals B5 Gel Hydrating Serum 40ml,2024-03-05,2887.35,59
Matilde Carvalho,Indonesia,Pixi Skintreats Rose Caviar Eye Cream 340g,2022-11-06,3783.59,45
Laura Soares,India,CeraVe PM Facial Moisturising Lotion 75ml,2022-11-03,10110.95,281
Pedro Sousa,Brazil,Olay Vitamin C + Peptide 24 Face Moisturizer 250ml,2022-12-26,3754.71,40
Inês Ferreira,Singapore,Kiehl's Midnight Recovery Concentrate 20ml,2024-10-06,8956.69,97
Ana Ferreira,Japan,Skinceuticals Discoloration Defense Serum 250ml,2020-07-03,3289.85,148
Miguel Martins,Canada,First Aid Beauty Ultra Repair Firming Collagen Cream 125ml,2022-01-29,4776.92,91
Leonor Martins,Brazil,Murad Cellular Hydration Barrier Repair Cream 30ml,2022-02-27,8731.4,112
Inês Martins,Argentina,Pixi Retinol Tonic 75ml,2024-07-20,1124.28,43
Matilde Teixeira,Singapore,Olay Eyes Ultimate Eye Cream 20ml,2020-09-02,1769.63,51
Rodrigo Pereira,Colombia,Clinique All About Eyes Rich 56.7g,2024-10-04,4916.55,104
Mariana Cruz,South Korea,CeraVe Renewing SA Cream 60ml,2023-03-18,13863.18,351
Sara Ferreira,Poland,Clinique All About Eyes Rich 125ml,2020-12-23,2247.49,47
Catarina Monteiro,Sweden,Paula's Choice SKIN RECOVERY Replenishing Moisturizer 150ml,2021-12-10,34074.24,306
Sofia Jesus,United States,COSRX Advanced Snail 96 Mucin Power Essence 150ml,2023-01-04,4980.6,219
João Costa,Netherlands,Murad Rapid Resurgence Eye Lift 15ml,2022-05-09,2772.0,287
Gonçalo Fernandes,Canada,The Ordinary Niacinamide 10% + Zinc 1% 50ml,2021-11-29,25622.65,241
Tomás Rodrigues,Indonesia,COSRX Balancium B5 Biome Comfort Cream 75ml,2022-08-07,319.15,59
Rafael Vieira,Mexico,First Aid Beauty FAB Skin Lab Resurfacing Liquid 10% AHA 50ml,2022-05-23,1378.26,47
Mariana Cruz,South Korea,Drunk Elephant Virgin Marula Luxury Face Oil 60ml,2022-04-16,38331.36,525
Ana Ferreira,Thailand,Paula's Choice SKIN RECOVERY Replenishing Moisturizer 56.7g,2023-02-21,36470.56,366
Leonor Jesus,Canada,Tatcha The Eye Concentrate 30g,2020-06-05,26500.77,232
Diogo Cardoso,United States,Bioderma Hydrabio Gel-Crème 30g,2022-03-09,23627.38,366
Miguel Rocha,Canada,Olay Retinol24 Night Moisturizer 60ml,2024-05-12,2181.76,50
Catarina Martins,China,La Roche-Posay Anthelios Invisible Fluid SPF50+ 56.7g,2022-06-29,2580.13,67
Rafael Pereira,Germany,Murad Hydro-Dynamic Ultimate Moisture 75ml,2020-05-28,7446.94,116
Inês Martins,Singapore,Pixi Skintreats Rose Caviar Eye Cream 15ml,2023-05-11,19886.73,522
Rafael Neves,Germany,Neutrogena Rapid Wrinkle Repair Retinol Cream 40ml,2023-05-03,571.67,13
Joana Costa,Sweden,Drunk Elephant F-Balm Electrolyte Waterbalm 75ml,2021-07-23,1266.15,45
Gonçalo Rodrigues,Spain,COSRX Balancium B5 Biome Comfort Cream 75ml,2023-05-10,4663.91,83
Maria Correia,Argentina,Bioderma Sebium Pore Refiner 250ml,2022-09-02,11679.92,104
Inês Monteiro,Singapore,REN Clean Skincare Clean Screen Mineral SPF30 200ml,2022-11-29,25625.85,358
Rafael Vieira,France,Olay Regenerist Collagen Peptide24 Serum 50ml,2023-11-21,14805.83,156
Rafael Neves,Indonesia,La Roche-Posay Effaclar Mat Moisturiser 100ml,2024-06-22,3334.96,30
João Cardoso,Chile,Olay Super Serum 5-in-1 40ml,2024-06-03,25402.25,343
Gonçalo Ribeiro,Mexico,CeraVe Skin Renewing Night Cream 125ml,2024-08-21,7142.38,81
Martim Cardoso,Mexico,CeraVe Healing Ointment 125ml,2020-01-23,10523.96,99
Afonso Monteiro,Canada,REN Clean Skincare V-Cense Revitalising Eye Cream 250ml,2023-02-06,14383.61,150
Afonso Sousa,Poland,REN Clean Skincare Perfect Canvas Clean Primer 150ml,2023-04-09,6410.44,96
Sara Mendes,Netherlands,Bioderma Hydrabio Gel-Crème 56.7g,2023-02-27,16520.53,202
Carolina Vieira,South Korea,Bioderma Sebium Pore Refiner 340g,2022-06-20,1201.89,131
Gonçalo Fernandes,South Korea,Drunk Elephant T.L.C. Framboos Glycolic Night Serum 56.7g,2021-09-04,23375.55,239
Lucas Rodrigues,Germany,Drunk Elephant A-Passioni Retinol Cream 40ml,2022-04-26,4925.38,156
Ana Teixeira,India,Clinique Take The Day Off Cleansing Balm 20ml,2021-09-29,1687.2,25
Inês Nunes,China,Olay Luminous Whip Face Moisturiser 250ml,2021-10-01,6408.47,128
Inês Cardoso,Indonesia,Murad Vita-C Glycolic Brightening Serum 40ml,2020-05-03,8422.96,139
Miguel Rocha,Colombia,Bioderma Pigmentbio C-Concentrate Brightening Serum 30ml,2021-09-10,936.05,26
Rodrigo Soares,Canada,Estée Lauder DayWear Multi-Protection Anti-Oxidant 24H Moisturizer SPF15 50ml,2021-03-06,739.06,25
Francisco Jesus,Netherlands,Olay Super Serum 5-in-1 15ml,2023-11-11,649.85,19
Carolina Ferreira,Poland,Drunk Elephant Virgin Marula Luxury Face Oil 30g,2022-03-29,4307.05,50
Rafael Mendes,South Korea,Tatcha The Dewy Skin Cream 56.7g,2021-02-16,3780.65,62
Afonso Almeida,Argentina,COSRX Balancium B5 Biome Comfort Cream 30g,2023-05-17,2389.12,36
Francisco Mendes,Argentina,Tatcha The Water Cream 50ml,2024-07-31,16702.34,155
Clara Ferreira,Chile,Pixi Glow Tonic 340g,2021-01-12,747.42,34
Carolina Marques,Netherlands,La Roche-Posay Lipikar Balm AP+ 250ml,2023-01-19,44814.36,400
Pedro Ferreira,Germany,Sunday Riley Ice Ceramide Moisturizing Cream 60ml,2022-06-02,6433.53,64
Leonor Martins,Sweden,Drunk Elephant Protini Polypeptide Cream 200ml,2024-07-13,9699.11,109
Dinis Monteiro,Mexico,Avène Cleanance Expert Emulsion 200ml,2020-10-03,868.76,106
Dinis Cardoso,Colombia,Clinique Moisture Surge 100H Auto-Replenishing Hydrator 75ml,2024-04-02,12626.64,125
João Nunes,Philippines,Tatcha The Indigo Overnight Repair Treatment 30g,2021-05-08,21344.38,312
Rafael Pereira,Indonesia,Murad Oil-Control Mattifier SPF45 15ml,2024-03-07,10346.56,109
Rafael Pereira,Germany,La Roche-Posay Toleriane Hydrating Gentle Cleanser 30g,2024-11-20,7598.92,84
João Neves,Canada,Clinique All About Eyes Rich 250ml,2024-03-21,1318.6,131
Afonso Pereira,Brazil,Kiehl's Calendula Serum-Infused Water Cream 250ml,2022-07-31,4194.07,120
Margarida Cardoso,Poland,La Roche-Posay Lipikar Balm AP+ 60ml,2024-04-30,6063.3,128
Sara Fernandes,Netherlands,Murad Rapid Resurgence Eye Lift 30g,2020-07-30,3772.58,87
Sara Cruz,Canada,Drunk Elephant Virgin Marula Luxury Face Oil 30g,2021-08-15,12774.33,117
Laura Fernandes,France,Murad Cellular Hydration Barrier Repair Cream 60ml,2024-09-10,3333.25,77
Clara Cardoso,Poland,Drunk Elephant Lala Retro Whipped Cream 75ml,2021-09-12,3186.98,36
Lucas Rodrigues,Argentina,Sunday Riley C.E.O. 15% Vitamin C Brightening Serum 75ml,2021-08-31,10319.3,130
Martim Teixeira,Netherlands,The Ordinary Glycolic Acid 7% Toning Solution 150ml,2022-07-29,14962.53,199
Ana Nunes,Colombia,Murad Brightening Booster 100ml,2020-11-16,1683.07,14
Rafael Pereira,Brazil,Paula's Choice DEFENSE Antioxidant Pore Purifier 20ml,2024-02-09,913.84,34
Mariana Martins,United States,Paula's Choice SKIN RECOVERY Replenishing Moisturizer 150ml,2023-09-15,2061.25,121
Gonçalo Almeida,Spain,Sunday Riley Auto Correct Brightening and Depuffing Eye Contour Cream 30g,2024-06-22,27630.91,373
João Neves,South Korea,COSRX Advanced Snail 92 All in One Cream 250ml,2020-03-16,6042.44,66
Gonçalo Ribeiro,United Kingdom,REN Clean Skincare Evercalm Global Protection Day Cream 340g,2021-08-29,3760.37,98
Matilde Teixeira,South Korea,Bioderma Pigmentbio C-Concentrate Brightening Serum 30g,2024-09-11,15200.88,134
Inês Ferreira,China,The Ordinary AHA 30% + BHA 2% Peeling Solution 75ml,2022-01-21,4978.06,403
Laura Fernandes,China,Murad Rapid Resurgence Eye Lift 75ml,2020-04-05,6446.61,62
Matilde Cruz,Thailand,Estée Lauder Revitalizing Supreme+ Moisturizer 200ml,2020-06-23,1006.5,224
Afonso Almeida,Mexico,Clinique Smart Night Custom-Repair Moisturiser 15ml,2023-05-27,44455.66,439
Rodrigo Soares,Poland,CeraVe Renewing SA Cream 20ml,2023-04-23,3014.69,73
Leonor Coelho,Colombia,COSRX Oil-Free Ultra-Moisturizing Lotion 125ml,2024-08-07,8026.78,308
Sofia Martins,Japan,Sunday Riley Tidal Brightening Enzyme Water Cream 100ml,2020-08-02,14062.32,395
Dinis Monteiro,Brazil,Bioderma Hydrabio Gel-Crème 250ml,2023-10-23,10841.87,409
Afonso Rocha,Mexico,Pixi Hydrating Milky Serum 30g,2022-05-07,39922.55,363
Laura Ribeiro,United Kingdom,Drunk Elephant A-Passioni Retinol Cream 75ml,2023-03-24,2756.45,113
Miguel Rocha,Colombia,La Roche-Posay Effaclar Mat Moisturiser 250ml,2023-01-12,7045.71,68
Afonso Monteiro,Mexico,Drunk Elephant Lala Retro Whipped Cream 125ml,2023-11-04,4622.5,94
Pedro Cruz,Thailand,Paula's Choice CLINICAL 1% Retinol Treatment 340g,2022-03-01,8043.44,85
Inês Cardoso,France,Skinceuticals A.G.E. Eye Complex 30ml,2022-05-19,3557.09,31
Lucas Santos,Japan,Drunk Elephant A-Passioni Retinol Cream 50ml,2021-08-05,1943.39,87
Afonso Vieira,Germany,COSRX Full Fit Propolis Light Cream 150ml,2023-12-27,18184.16,305
Margarida Marques,United Kingdom,COSRX Advanced Snail 96 Mucin Power Essence 125ml,2023-03-10,14757.31,141
Sofia Carvalho,Sweden,Murad Brightening Booster 100ml,2021-06-03,407.36,28
Clara Mendes,Brazil,Pixi Overnight Glow Serum 60ml,2021-01-23,1535.08,72
Carolina Jesus,South Korea,Bioderma Sensibio H2O Micellar Water 340g,2022-10-21,6088.0,91
Matilde Teixeira,Japan,REN Clean Skincare Vita Mineral Active 7 Eye Gel 200ml,2021-04-21,39463.74,328
Laura Soares,Chile,CeraVe Eye Repair Cream 60ml,2021-06-08,1907.13,29
Maria Correia,Brazil,Clinique Turnaround Overnight Revitalizing Moisturizer 200ml,2022-11-29,4227.23,80
Sofia Mendes,United Kingdom,Estée Lauder Nutritious Super-Pomegranate Radiant Energy Eye Jelly 20ml,2022-01-07,905.38,26
Miguel Martins,Spain,Neutrogena Ultra Sheer Dry-Touch Sunscreen SPF 50+ 40ml,2024-09-24,3882.9,75
Margarida Oliveira,Japan,Paula's Choice RESIST Anti-Aging Clear Skin Hydrator 50ml,2024-08-04,9749.74,172
Gonçalo Ferreira,France,Paula's Choice CALM Redness Relief Moisturizer SPF 30 40ml,2020-10-25,10962.29,135
Rafael Vieira,China,Tatcha The Dewy Skin Cream 250ml,2024-08-12,5050.32,52
Inês Monteiro,Indonesia,Bioderma Atoderm Intensive Baume 250ml,2022-05-04,7713.71,335
Joana Oliveira,Singapore,Paula's Choice RESIST Anti-Aging Clear Skin Hydrator 60ml,2021-02-22,16933.22,416
Afonso Jesus,United Kingdom,Estée Lauder Revitalizing Supreme+ Moisturizer 30ml,2023-10-24,5771.01,179
Inês Cruz,Thailand,Skinceuticals C E Ferulic Serum 75ml,2020-03-03,38681.2,350
Tomás Ribeiro,Brazil,Paula's Choice BOOST 10% Niacinamide Booster 50ml,2022-07-02,12739.18,291
Lucas Rodrigues,Spain,La Roche-Posay Lipikar Balm AP+ 40ml,2021-06-22,4503.54,49
Margarida Teixeira,France,Clinique Dramatically Different Moisturising Lotion+ 15ml,2024-07-28,30046.55,379
Pedro Cruz,Mexico,First Aid Beauty Pure Skin Face Cleanser 20ml,2022-03-28,8722.09,116
Martim Silva,France,Avène XeraCalm A.D Lipid-Replenishing Cream 30ml,2022-05-23,5931.3,103
Dinis Pereira,Thailand,CeraVe Healing Ointment 15ml,2022-12-20,5115.95,364
João Costa,France,Olay Luminous Whip Face Moisturiser 56.7g,2023-03-02,6725.28,65
Sara Almeida,United Kingdom,Murad AHA/BHA Exfoliating Cleanser 56.7g,2022-06-19,5548.99,139
Inês Ferreira,United Kingdom,Neutrogena Rapid Wrinkle Repair Retinol Cream 15ml,2022-08-19,2669.57,32
Clara Ferreira,Mexico,La Roche-Posay Cicaplast Baume B5 50ml,2020-05-27,16429.98,148
Maria Ferreira,United States,REN Clean Skincare Overnight Glow Dark Spot Sleeping Cream 40ml,2021-06-09,7254.79,74
Tomás Martins,Italy,Bioderma Cicabio Arnica+ Repairing Cream 100ml,2020-11-24,2759.83,211
Matilde Moreira,Germany,Sunday Riley Saturn Sulfur Acne Treatment Mask 250ml,2024-12-01,9042.41,119
Sara Fernandes,Mexico,COSRX Advanced Snail 92 All in One Cream 75ml,2020-01-13,522.65,132
Gonçalo Ferreira,Chile,Estée Lauder Nutritious Super-Pomegranate Radiant Energy Eye Jelly 20ml,2020-10-28,5356.28,108
Sara Mendes,Colombia,Murad Cellular Hydration Barrier Repair Cream 56.7g,2022-12-12,18904.61,239
Tiago Jesus,India,Drunk Elephant B-Hydra Intensive Hydration Serum 30g,2024-07-11,5160.98,81
Rodrigo Coelho,India,Neutrogena Hydro Boost Water Gel 340g,2021-07-27,5966.39,53
Matilde Teixeira,Italy,Kiehl's Powerful-Strength Line-Reducing Concentrate 200ml,2020-12-30,18379.45,278
Mariana Cruz,United Kingdom,Paula's Choice SKIN PERFECTING 2% BHA Liquid Exfoliant 30g,2023-09-21,3628.83,128
Sofia Rodrigues,Colombia,Estée Lauder Nutritious Super-Pomegranate Radiant Energy Eye Jelly 125ml,2020-09-07,4395.82,96
Diogo Neves,United Kingdom,COSRX Ultimate Moisturizing Honey Overnight Mask 15ml,2023-01-19,13721.22,158
Pedro Sousa,Poland,La Roche-Posay Lipikar Balm AP+ 30ml,2020-03-30,10020.07,150
Francisco Almeida,Japan,Bioderma Sebium Pore Refiner 75ml,2020-08-05,5290.62,66
Miguel Rocha,India,Neutrogena Hydro Boost Eye Gel-Cream 50ml,2021-10-09,3743.28,136
Maria Coelho,Argentina,Pixi Rose Ceramide Cream 75ml,2022-01-27,5077.45,124
Francisco Mendes,Poland,REN Clean Skincare Evercalm Global Protection Day Cream 250ml,2020-07-13,6806.91,274
Diogo Oliveira,Sweden,The Ordinary AHA 30% + BHA 2% Peeling Solution 125ml,2024-06-15,403.57,70
Joana Fernandes,Indonesia,Neutrogena Cellular Boost Concentrate Serum 125ml,2021-09-01,2179.74,46
Clara Mendes,India,First Aid Beauty Pure Skin Face Cleanser 56.7g,2024-07-09,2102.0,420
Margarida Marques,Brazil,Skinceuticals Discoloration Defense Serum 340g,2023-03-03,8881.27,124
Pedro Cruz,Brazil,Estée Lauder Advanced Night Repair Serum 125ml,2020-01-07,1878.62,310
Inês Martins,Colombia,First Aid Beauty FAB Skin Lab Resurfacing Liquid 10% AHA 340g,2022-09-02,1038.77,108
Joana Costa,Colombia,Tatcha The Rice Polish Foaming Enzyme Powder 30ml,2024-11-07,6129.81,134
Afonso Rocha,Canada,CeraVe Moisturising Cream 340g,2023-09-10,7772.02,68
Leonor Martins,Netherlands,Murad Hydro-Dynamic Ultimate Moisture 75ml,2024-04-29,7950.73,66
Ana Moreira,India,Sunday Riley Tidal Brightening Enzyme Water Cream 15ml,2020-01-13,28937.56,277
Tomás Martins,India,Neutrogena Rapid Wrinkle Repair Retinol Cream 30ml,2022-01-14,10315.79,89
Maria Coelho,Germany,Olay Regenerist Micro-Sculpting Cream 125ml,2021-09-01,12244.87,134
Tomás Almeida,Brazil,Paula's Choice SKIN PERFECTING 2% BHA Liquid Exfoliant 250ml,2020-11-30,1837.58,72
João Neves,France,Bioderma Atoderm Intensive Baume 56.7g,2024-10-06,2889.36,120
Francisco Mendes,Thailand,Paula's Choice SKIN PERFECTING 2% BHA Liquid Exfoliant 150ml,2022-07-18,4513.91,99
Matilde Moreira,Singapore,REN Clean Skincare Clean Screen Mineral SPF30 20ml,2024-02-24,6171.01,231
Rafael Martins,France,Tatcha The Dewy Skin Cream 30g,2024-06-05,8002.38,105
Margarida Marques,United States,Neutrogena Hydro Boost Eye Gel-Cream 30g,2022-07-04,2311.86,113
Tiago Almeida,Singapore,Clinique Repairwear Laser Focus Eye Cream 340g,2020-01-14,3369.43,150
Francisco Mendes,Colombia,Avène Eau Thermale Spray 40ml,2023-08-15,1140.58,22
Diogo Ribeiro,Germany,Drunk Elephant A-Passioni Retinol Cream 30ml,2020-10-12,9652.92,126
Clara Monteiro,Chile,Skinceuticals Triple Lipid Restore 2:4:2 30g,2020-10-19,900.78,38
Margarida Silva,India,Tatcha The Clarifying Clay Mask 150ml,2024-06-24,3912.33,68
Tomás Correia,Netherlands,Neutrogena Hydro Boost Water Gel 40ml,2020-07-31,5421.51,62
Afonso Martins,Netherlands,Sunday Riley UFO Ultra-Clarifying Face Oil 250ml,2021-05-23,2543.33,26
Afonso Vieira,France,Kiehl's Calendula Serum-Infused Water Cream 75ml,2022-08-09,21571.57,352
Catarina Jesus,South Korea,Bioderma Cicabio Arnica+ Repairing Cream 60ml,2023-09-23,3281.22,42
Lucas Costa,United States,Skinceuticals A.G.E. Eye Complex 60ml,2023-06-24,8911.38,129
Diogo Neves,Netherlands,COSRX AC Collection Lightweight Soothing Moisturizer 125ml,2021-08-10,4168.66,134
Inês Ribeiro,Spain,REN Clean Skincare Overnight Glow Dark Spot Sleeping Cream 15ml,2021-12-24,1490.22,50
Rafael Gomes,Sweden,CeraVe Eye Repair Cream 125ml,2021-04-08,3204.06,33
Tiago Almeida,Brazil,Drunk Elephant F-Balm Electrolyte Waterbalm 75ml,2024-03-09,21378.85,325
Dinis Silva,United Kingdom,Olay Regenerist Collagen Peptide24 Serum 40ml,2024-03-12,14911.98,151
Margarida Oliveira,United Kingdom,Olay Total Effects 7-in-1 Moisturiser 40ml,2021-02-23,4793.88,70
Tomás Rodrigues,Indonesia,The Ordinary Buffet Multi-Technology Peptide Serum 30ml,2022-10-23,13413.91,117
Pedro Sousa,Colombia,REN Clean Skincare Perfect Canvas Clean Primer 200ml,2020-07-02,1809.08,17
Tomás Neves,Argentina,First Aid Beauty Hello FAB Coconut Skin Smoothie Priming Moisturizer 250ml,2022-07-29,14782.45,141
Sofia Carvalho,Germany,Skinceuticals Physical Fusion UV Defense SPF 50 30g,2023-12-06,1836.29,29
Matilde Cruz,United States,REN Clean Skincare Perfect Canvas Clean Primer 15ml,2023-04-14,29932.55,345
Margarida Cardoso,United Kingdom,Neutrogena Bright Boost Gel Cream 50ml,2020-03-21,1894.03,23
Rafael Gomes,France,Murad Retinol Youth Renewal Serum 20ml,2021-03-26,23666.89,348
Dinis Ferreira,Philippines,Estée Lauder Resilience Lift Firming & Sculpting Eye Cream 60ml,2024-11-04,3512.23,47
João Cardoso,Colombia,Avène Hydrance Rich Rehydrating Cream 15ml,2022-10-19,854.89,77
Mariana Neves,South Korea,Neutrogena Rapid Wrinkle Repair Retinol Cream 340g,2024-06-19,6215.76,128
Mariana Soares,Japan,Pixi +C VIT Brightening Serum 200ml,2022-04-04,11366.59,110
Dinis Carvalho,India,Tatcha The Eye Concentrate 60ml,2020-09-28,4808.06,47
Afonso Martins,Italy,Olay Total Effects 7-in-1 Moisturiser 60ml,2023-08-11,6634.17,116
Rodrigo Coelho,Sweden,Olay Retinol24 Night Moisturizer 200ml,2024-08-31,2475.44,38
Joana Santos,Mexico,Olay Regenerist Collagen Peptide24 Serum 150ml,2021-03-15,106.17,14
Joana Teixeira,Indonesia,COSRX Full Fit Propolis Light Cream 340g,2021-08-27,366.51,27
Beatriz Ferreira,Japan,Skinceuticals Discoloration Defense Serum 30ml,2022-12-02,3984.2,90
Tomás Coelho,Mexico,Avène Cleanance Expert Emulsion 30ml,2024-08-04,24266.68,217
Clara Monteiro,South Korea,CeraVe Hydrating Cleanser 50ml,2024-09-16,1547.1,19
Carolina Marques,France,Drunk Elephant Lala Retro Whipped Cream 56.7g,2021-11-16,27833.92,280
Catarina Monteiro,Colombia,Pixi Retinol Tonic 100ml,2020-02-23,2213.4,69
João Martins,South Korea,Pixi Vitamin-C Juice Cleanser 60ml,2021-03-21,1702.13,19
Laura Fernandes,Germany,Pixi +C VIT Brightening Serum 50ml,2020-04-24,202.46,24
Guilherme Costa,Italy,Bioderma Atoderm Intensive Baume 340g,2021-02-22,8969.24,217
Joana Santos,Brazil,Skinceuticals B5 Gel Hydrating Serum 20ml,2024-08-06,4577.48,124
Beatriz Cardoso,Indonesia,Bioderma Sensibio Light Soothing Cream 100ml,2024-02-07,859.24,61
Afonso Almeida,Netherlands,COSRX Oil-Free Ultra-Moisturizing Lotion 40ml,2022-02-01,8156.04,280
Afonso Sousa,Netherlands,Sunday Riley C.E.O. 15% Vitamin C Brightening Serum 56.7g,2020-02-03,2682.65,242
Inês Nunes,Brazil,Tatcha The Clarifying Clay Mask 50ml,2024-01-26,4846.29,77
Leonor Rodrigues,Sweden,The Ordinary Niacinamide 10% + Zinc 1% 30g,2022-12-27,635.75,12
Diogo Ribeiro,Argentina,La Roche-Posay Toleriane Double Repair Moisturiser 50ml,2022-08-18,3001.22,93
Matilde Carvalho,Mexico,Avène Retrinal+ 0.1 Intensive Cream 250ml,2023-04-07,14207.02,301
Miguel Ferreira,Japan,COSRX Advanced Snail 96 Mucin Power Essence 75ml,2020-06-30,5239.47,111
Joana Oliveira,United Kingdom,Pixi Hydrating Milky Serum 60ml,2022-05-26,5715.12,182
Clara Gomes,Indonesia,Olay Regenerist Micro-Sculpting Cream 40ml,2021-12-04,4564.87,85
Guilherme Costa,Italy,First Aid Beauty Pure Skin Face Cleanser 250ml,2020-04-20,595.93,32
Francisco Coelho,Brazil,Clinique All About Eyes Rich 30g,2020-05-04,25120.63,312
Lucas Rodrigues,Philippines,Tatcha The Eye Concentrate 125ml,2022-03-30,16344.34,342
Beatriz Marques,Brazil,Avène Hydrance Rich Rehydrating Cream 100ml,2020-05-17,3995.45,69
Carolina Marques,Canada,First Aid Beauty KP Bump Eraser Body Scrub 75ml,2020-08-08,35679.84,380
Matilde Cruz,Germany,Drunk Elephant Protini Polypeptide Cream 50ml,2022-05-30,9398.24,210
Sofia Carvalho,China,Clinique Smart Night Custom-Repair Moisturiser 15ml,2020-05-22,12623.89,120
Rafael Pereira,China,Drunk Elephant B-Hydra Intensive Hydration Serum 50ml,2023-07-22,1537.93,132
Rodrigo Pinto,Chile,Avène Cicalfate+ Restorative Protective Cream 30g,2021-08-12,7975.2,85
Diogo Oliveira,Canada,Paula's Choice RESIST Anti-Aging Clear Skin Hydrator 15ml,2024-11-27,13908.02,189
Margarida Silva,Germany,Avène Cleanance Expert Emulsion 30ml,2023-05-03,683.8,18
João Vieira,Singapore,First Aid Beauty Ultra Repair Tinted Moisturizer SPF 30 30ml,2021-12-30,3544.17,41
Dinis Pereira,Germany,Murad Vita-C Glycolic Brightening Serum 150ml,2023-11-25,8784.78,162
Tomás Rodrigues,Germany,REN Clean Skincare Overnight Glow Dark Spot Sleeping Cream 250ml,2024-03-01,3494.57,50
Dinis Pereira,Brazil,The Ordinary Natural Moisturising Factors + HA 75ml,2024-03-08,7268.71,196
Francisco Mendes,Indonesia,Avène Cicalfate+ Restorative Protective Cream 40ml,2020-07-23,1827.71,56
Matilde Moreira,Mexico,Avène Eau Thermale Spray 125ml,2024-12-08,16710.33,395
Miguel Ferreira,Thailand,Olay Super Serum 5-in-1 50ml,2024-09-29,816.25,17
Martim Pinto,United Kingdom,Murad Retinol Youth Renewal Serum 50ml,2021-10-13,2554.05,58
Diogo Ribeiro,Poland,La Roche-Posay Toleriane Hydrating Gentle Cleanser 250ml,2024-07-30,30188.44,308
Rodrigo Pereira,Netherlands,Estée Lauder Nutritious Super-Pomegranate Radiant Energy Eye Jelly 250ml,2023-08-14,4148.63,65
Lucas Coelho,Philippines,Pixi Overnight Glow Serum 100ml,2022-01-11,9183.25,133
Tomás Almeida,France,Murad Brightening Booster 60ml,2020-11-20,980.77,16
Rafael Vieira,Colombia,Olay Eyes Ultimate Eye Cream 150ml,2024-04-26,1644.06,78
Beatriz Cardoso,Netherlands,Drunk Elephant Protini Polypeptide Cream 40ml,2020-08-19,1702.95,14
Afonso Monteiro,China,Drunk Elephant Protini Polypeptide Cream 340g,2023-09-01,428.16,15
Pedro Cruz,Sweden,Paula's Choice SKIN PERFECTING 2% BHA Liquid Exfoliant 150ml,2022-10-11,4462.18,40
Francisco Almeida,India,The Ordinary Buffet Multi-Technology Peptide Serum 150ml,2022-03-08,698.93,65
Dinis Pereira,Poland,La Roche-Posay Toleriane Double Repair Moisturiser 15ml,2024-03-17,13048.93,121
Sofia Jesus,Mexico,Clinique Moisture Surge 100H Auto-Replenishing Hydrator 100ml,2021-08-28,5418.47,86
Gonçalo Coelho,Sweden,Drunk Elephant Virgin Marula Luxury Face Oil 200ml,2020-08-11,10951.46,351
Mariana Soares,Netherlands,COSRX Oil-Free Ultra-Moisturizing Lotion 30ml,2023-03-01,6461.93,64
Rafael Pereira,Italy,The Ordinary Retinol 0.5% in Squalane 56.7g,2023-03-05,5083.93,52
Pedro Pereira,Germany,CeraVe AM Facial Moisturising Lotion SPF25 50ml,2024-11-26,8256.72,106
Margarida Teixeira,Argentina,Neutrogena Oil-Free Acne Wash 30g,2024-05-29,2410.75,103
Maria Coelho,Singapore,Bioderma Atoderm Intensive Baume 56.7g,2024-11-02,1828.51,32
Carolina Vieira,South Korea,CeraVe Renewing SA Cream 150ml,2021-07-25,4241.69,138
Margarida Oliveira,Mexico,Skinceuticals Metacell Renewal B3 150ml,2024-03-18,1180.51,134
Miguel Ferreira,Spain,Pixi Rose Ceramide Cream 200ml,2023-12-02,9588.07,317
Beatriz Cardoso,China,Kiehl's Powerful-Strength Line-Reducing Concentrate 15ml,2021-11-06,2239.24,370
Lucas Costa,Mexico,REN Clean Skincare Overnight Glow Dark Spot Sleeping Cream 340g,2024-07-28,8146.89,283
Carolina Pereira,Italy,Murad Hydro-Dynamic Ultimate Moisture 40ml,2021-05-17,4874.25,61
Mariana Cruz,United States,The Ordinary Glycolic Acid 7% Toning Solution 200ml,2021-05-06,2236.74,145
Francisco Jesus,Argentina,Sunday Riley Auto Correct Brightening and Depuffing Eye Contour Cream 30ml,2022-12-13,8315.02,150
Pedro Ferreira,Colombia,The Ordinary Niacinamide 10% + Zinc 1% 50ml,2021-01-03,26372.3,232
Ana Teixeira,China,Avène Retrinal+ 0.1 Intensive Cream 40ml,2023-04-29,3128.48,67
Ana Ferreira,Thailand,CeraVe AM Facial Moisturising Lotion SPF25 60ml,2021-06-29,1369.59,47
Tiago Carvalho,Colombia,Pixi Hydrating Milky Serum 30g,2024-11-19,45989.76,476
Lucas Rodrigues,Philippines,Avène Antirougeurs Jour Redness Relief Cream 60ml,2023-03-27,3325.97,30
Clara Cardoso,Netherlands,Pixi +C VIT Brightening Serum 30ml,2022-08-19,8584.06,104
Inês Ribeiro,Brazil,CeraVe PM Facial Moisturising Lotion 340g,2022-04-17,817.37,252
Rafael Vieira,Singapore,La Roche-Posay Anthelios Invisible Fluid SPF50+ 75ml,2022-08-30,4912.51,145
Clara Gomes,Japan,Drunk Elephant B-Hydra Intensive Hydration Serum 40ml,2022-03-02,7909.49,118
Pedro Cruz,Spain,CeraVe Skin Renewing Night Cream 50ml,2022-11-07,940.89,46
Mariana Martins,France,Kiehl's Super Multi-Corrective Anti-Aging Face & Neck Cream 40ml,2021-04-01,1429.05,158
Gonçalo Almeida,Singapore,Murad Retinol Youth Renewal Serum 150ml,2021-12-13,2978.05,27
Joana Teixeira,South Korea,Clinique Repairwear Laser Focus Eye Cream 100ml,2022-11-11,1526.92,34
Leonor Coelho,Argentina,Estée Lauder Resilience Lift Firming & Sculpting Eye Cream 340g,2022-12-26,5261.33,136
Matilde Cruz,Philippines,CeraVe Hydrating Cleanser 100ml,2021-02-27,6458.31,68
Leonor Marques,United States,First Aid Beauty Eye Duty Triple Remedy AM Gel Cream 15ml,2022-04-03,19289.67,410
Tomás Correia,Colombia,Paula's Choice SKIN PERFECTING 2% BHA Liquid Exfoliant 50ml,2022-06-23,11300.76,121
Matilde Moreira,China,Skinceuticals Metacell Renewal B3 30ml,2023-11-07,10575.91,132
Gonçalo Rodrigues,Sweden,COSRX Balancium B5 Biome Comfort Cream 150ml,2022-05-08,4822.42,81
Afonso Neves,Thailand,Kiehl's Creamy Eye Treatment with Avocado 150ml,2021-02-11,10449.32,171
Diogo Ribeiro,Poland,Clinique Even Better Clinical Radical Dark Spot Corrector 50ml,2023-07-12,21837.95,247
Dinis Silva,Singapore,Drunk Elephant Lala Retro Whipped Cream 56.7g,2020-06-07,14048.6,144
Joana Teixeira,Thailand,Olay Total Effects 7-in-1 Moisturiser 30ml,2024-07-25,2535.51,29
Tomás Ribeiro,Japan,Estée Lauder Re-Nutriv Ultimate Lift Age-Correcting Crème 200ml,2022-03-08,1958.6,45
Tiago Carvalho,India,Avène XeraCalm A.D Lipid-Replenishing Cream 30g,2021-03-02,3466.37,164
Sofia Carvalho,Italy,REN Clean Skincare Vita Mineral Active 7 Eye Gel 100ml,2022-04-13,2179.11,144
Laura Soares,Indonesia,Drunk Elephant Protini Polypeptide Cream 20ml,2021-02-04,5684.19,146
Ana Ferreira,France,Neutrogena Oil-Free Acne Wash 200ml,2023-09-14,3154.55,66
Tiago Jesus,Chile,Sunday Riley Ice Ceramide Moisturizing Cream 20ml,2021-03-19,5978.92,248
João Nunes,Thailand,Avène XeraCalm A.D Lipid-Replenishing Cream 50ml,2024-02-28,612.03,21
Gonçalo Ribeiro,Mexico,COSRX Balancium B5 Biome Comfort Cream 100ml,2022-05-04,9755.06,160
João Nunes,Sweden,Sunday Riley Luna Sleeping Night Oil 200ml,2022-08-07,7709.33,104
Miguel Ferreira,Japan,Olay Eyes Ultimate Eye Cream 100ml,2020-01-14,8107.53,81
Afonso Martins,Netherlands,Skinceuticals Discoloration Defense Serum 125ml,2020-12-27,4011.6,116
Afonso Oliveira,France,Sunday Riley C.E.O. 15% Vitamin C Brightening Serum 340g,2020-05-16,27140.08,463
Margarida Cardoso,Philippines,Pixi Vitamin-C Juice Cleanser 56.7g,2021-03-10,204.97,30
Mariana Soares,Thailand,Murad Oil-Control Mattifier SPF45 20ml,2022-07-14,3909.61,86
Afonso Vieira,Netherlands,Paula's Choice CLINICAL 1% Retinol Treatment 40ml,2021-06-01,12419.51,106
Clara Mendes,Germany,Drunk Elephant A-Passioni Retinol Cream 340g,2023-05-02,551.04,48
Diogo Rodrigues,Mexico,Paula's Choice BOOST 10% Niacinamide Booster 125ml,2021-08-29,30531.38,322
Diogo Cardoso,Japan,Tatcha The Indigo Overnight Repair Treatment 30ml,2021-03-23,4240.59,64
Joana Teixeira,Netherlands,Neutrogena Rapid Wrinkle Repair Retinol Cream 200ml,2020-06-21,11699.71,111
Rafael Vieira,United Kingdom,La Roche-Posay Lipikar Balm AP+ 20ml,2021-12-19,5666.44,89
Leonor Coelho,United Kingdom,Kiehl's Creamy Eye Treatment with Avocado 56.7g,2020-09-26,7474.37,215
Beatriz Cardoso,Chile,REN Clean Skincare Overnight Glow Dark Spot Sleeping Cream 75ml,2022-09-19,5525.38,107
Margarida Pereira,Spain,La Roche-Posay Cicaplast Baume B5 250ml,2021-08-31,4970.42,104
Diogo Martins,France,First Aid Beauty Ultra Repair Firming Collagen Cream 30ml,2022-08-15,2643.16,27
Maria Correia,Chile,Neutrogena Norwegian Formula Face Cream 250ml,2024-06-03,2810.36,143
Rodrigo Pereira,Poland,Clinique Turnaround Overnight Revitalizing Moisturizer 250ml,2023-03-19,1116.98,42
Diogo Martins,Spain,Tatcha The Dewy Skin Cream 125ml,2023-07-09,734.87,10
Sofia Carvalho,Italy,Sunday Riley Tidal Brightening Enzyme Water Cream 150ml,2022-11-14,11570.48,190
Ana Vieira,Italy,Drunk Elephant T.L.C. Framboos Glycolic Night Serum 20ml,2024-12-09,5517.66,65
Inês Ferreira,Brazil,Kiehl's Ultra Facial Cream 20ml,2021-05-21,23543.65,285
Rodrigo Pereira,Canada,Murad Cellular Hydration Barrier Repair Cream 340g,2024-07-05,1719.44,22
Sofia Martins,Germany,Neutrogena Hydro Boost Eye Gel-Cream 60ml,2020-05-05,2247.96,71
Catarina Neves,Brazil,Drunk Elephant Lala Retro Whipped Cream 200ml,2024-11-11,3009.22,84
Clara Cardoso,South Korea,Drunk Elephant T.L.C. Framboos Glycolic Night Serum 30g,2020-09-20,5578.01,73
Tiago Cardoso,Thailand,The Ordinary Salicylic Acid 2% Solution 250ml,2022-04-24,9074.86,93
Tomás Coelho,South Korea,COSRX Balancium B5 Biome Comfort Cream 40ml,2020-08-03,1962.08,119
Pedro Santos,Singapore,First Aid Beauty FAB Skin Lab Resurfacing Liquid 10% AHA 56.7g,2024-10-29,5037.64,147
Lucas Santos,India,Bioderma Atoderm Intensive Baume 20ml,2023-03-03,3683.55,47
Laura Pereira,France,Skinceuticals Physical Fusion UV Defense SPF 50 15ml,2024-08-23,3387.94,41
Francisco Mendes,United Kingdom,First Aid Beauty Ultra Repair Firming Collagen Cream 30ml,2023-07-17,909.04,14
Matilde Teixeira,China,Skinceuticals Triple Lipid Restore 2:4:2 50ml,2024-04-06,1181.38,51
Francisco Mendes,Colombia,Murad Vita-C Glycolic Brightening Serum 15ml,2021-11-20,1628.0,16
Inês Ribeiro,Chile,COSRX AC Collection Lightweight Soothing Moisturizer 200ml,2022-11-23,12778.06,110
Francisco Fernandes,Germany,La Roche-Posay Retinol B3 Serum 340g,2021-08-09,4313.74,43
Afonso Martins,France,Skinceuticals Discoloration Defense Serum 40ml,2024-06-09,11550.51,148
Catarina Correia,Canada,Paula's Choice RESIST Anti-Aging Clear Skin Hydrator 30g,2023-04-11,17491.92,214
Rafael Neves,Philippines,Skinceuticals Metacell Renewal B3 250ml,2024-04-18,10997.6,203
Afonso Almeida,China,Clinique Moisture Surge 100H Auto-Replenishing Hydrator 60ml,2021-06-03,6595.83,83
Rodrigo Pereira,Philippines,Paula's Choice CALM Redness Relief Moisturizer SPF 30 15ml,2020-08-25,2511.59,31
Pedro Santos,China,Skinceuticals Discoloration Defense Serum 15ml,2022-04-07,15475.8,326
Dinis Cardoso,United States,Tatcha The Water Cream 30ml,2024-11-11,4796.97,101
João Neves,Mexico,Kiehl's Ultra Facial Cream 40ml,2021-06-29,10519.59,228
Afonso Monteiro,Italy,Drunk Elephant Lala Retro Whipped Cream 20ml,2022-05-29,5242.13,123
Inês Ferreira,South Korea,Sunday Riley Ice Ceramide Moisturizing Cream 150ml,2022-01-14,30963.84,525
Mariana Soares,Singapore,REN Clean Skincare Clean Screen Mineral SPF30 125ml,2021-10-20,21792.22,204
Afonso Monteiro,United States,Neutrogena Bright Boost Gel Cream 250ml,2020-08-08,4454.05,149
Pedro Santos,Philippines,Bioderma Sensibio H2O Micellar Water 15ml,2021-07-08,969.82,61
Dinis Pereira,United States,Paula's Choice DEFENSE Antioxidant Pore Purifier 50ml,2020-08-28,2138.88,27
Tiago Jesus,India,Kiehl's Clearly Corrective Dark Spot Solution 40ml,2024-02-24,4295.58,55
Sara Cruz,Spain,La Roche-Posay Retinol B3 Serum 250ml,2023-02-18,2357.06,97
Pedro Cruz,Germany,Olay Regenerist Micro-Sculpting Cream 30ml,2024-08-03,12117.14,125
Afonso Monteiro,Singapore,Clinique Smart Night Custom-Repair Moisturiser 60ml,2024-10-19,2102.64,43
Lucas Costa,Philippines,COSRX Ultimate Moisturizing Honey Overnight Mask 60ml,2020-05-17,11808.1,111
Mariana Cruz,United States,Kiehl's Rare Earth Deep Pore Cleansing Masque 60ml,2024-02-07,8639.39,86
Rodrigo Soares,Brazil,Estée Lauder DayWear Multi-Protection Anti-Oxidant 24H Moisturizer SPF15 150ml,2020-09-18,2141.82,95
Mariana Soares,Singapore,Olay Regenerist Micro-Sculpting Cream 150ml,2023-09-18,6189.95,64
Inês Nunes,Argentina,REN Clean Skincare Evercalm Global Protection Day Cream 20ml,2022-07-13,13819.22,328
Dinis Carvalho,Germany,Sunday Riley Saturn Sulfur Acne Treatment Mask 340g,2020-07-01,5286.19,69
Diogo Rodrigues,Colombia,Kiehl's Super Multi-Corrective Anti-Aging Face & Neck Cream 40ml,2021-05-16,722.36,10
Miguel Marques,Thailand,Bioderma Hydrabio Gel-Crème 200ml,2020-04-24,1502.3,70
Sara Fernandes,United States,First Aid Beauty Ultra Repair Firming Collagen Cream 30g,2024-12-15,9811.45,161
Margarida Teixeira,Germany,Avène Cicalfate+ Restorative Protective Cream 50ml,2022-07-30,4643.45,59
Francisco Mendes,Mexico,Drunk Elephant B-Hydra Intensive Hydration Serum 75ml,2024-04-08,4008.43,54
Joana Oliveira,Germany,Estée Lauder Advanced Night Repair Serum 30ml,2024-10-11,14003.27,363
Pedro Sousa,Netherlands,La Roche-Posay Cicaplast Baume B5 75ml,2023-04-22,24923.44,254
Joana Teixeira,Canada,Tatcha The Indigo Overnight Repair Treatment 250ml,2020-09-13,6908.93,109
Beatriz Cardoso,Germany,First Aid Beauty KP Bump Eraser Body Scrub 125ml,2024-06-15,2936.06,135
Laura Costa,Mexico,Tatcha The Essence Plump Skin Softener 50ml,2024-02-26,2449.55,24
Miguel Martins,Japan,Sunday Riley C.E.O. 15% Vitamin C Brightening Serum 150ml,2021-08-13,50289.52,532
Tomás Coelho,Sweden,First Aid Beauty KP Bump Eraser Body Scrub 20ml,2024-04-28,20254.06,396
Maria Moreira,Germany,Olay Eyes Ultimate Eye Cream 200ml,2020-05-27,3724.31,87
Mariana Cruz,South Korea,Murad Brightening Booster 125ml,2021-01-24,1603.43,62
Sara Almeida,Poland,Estée Lauder Advanced Night Repair Serum 56.7g,2020-03-02,824.33,53
Joana Oliveira,Brazil,Drunk Elephant Protini Polypeptide Cream 56.7g,2023-11-04,11105.89,214
Ana Vieira,Netherlands,Skinceuticals C E Ferulic Serum 100ml,2023-02-12,4400.74,92
Carolina Jesus,Thailand,Murad Retinol Youth Renewal Serum 250ml,2022-03-01,2418.43,33
Rodrigo Teixeira,Germany,Paula's Choice CLINICAL 1% Retinol Treatment 150ml,2023-10-30,1331.56,41
Diogo Rodrigues,Canada,Pixi Hydrating Milky Serum 40ml,2021-05-08,10000.79,201
Leonor Pinto,Brazil,Skinceuticals Metacell Renewal B3 250ml,2021-10-25,1032.58,65
Mariana Martins,Netherlands,COSRX Ultimate Moisturizing Honey Overnight Mask 40ml,2024-02-08,532.2,53
Francisco Mendes,Sweden,COSRX Advanced Snail 96 Mucin Power Essence 200ml,2020-08-14,7232.39,211
Beatriz Ferreira,Singapore,REN Clean Skincare Evercalm Global Protection Day Cream 30ml,2022-04-06,25170.84,306
Clara Cardoso,Colombia,Tatcha The Dewy Skin Cream 150ml,2021-05-26,8568.02,115
Sara Mendes,Spain,Skinceuticals B5 Gel Hydrating Serum 75ml,2021-06-19,963.89,22
Joana Teixeira,Thailand,Avène Cicalfate+ Restorative Protective Cream 20ml,2023-02-25,4132.85,81
Dinis Ferreira,Chile,Olay Super Serum 5-in-1 15ml,2021-03-07,12741.85,317
Matilde Cruz,Chile,CeraVe PM Facial Moisturising Lotion 250ml,2021-07-20,1794.68,47
Miguel Rocha,Italy,Murad Retinol Youth Renewal Serum 75ml,2020-07-04,2044.32,97
Catarina Jesus,France,CeraVe PM Facial Moisturising Lotion 100ml,2023-09-24,8110.46,143
Tomás Ribeiro,Canada,Olay Total Effects 7-in-1 Moisturiser 15ml,2021-08-14,359.92,41
Afonso Pereira,United States,The Ordinary Natural Moisturising Factors + HA 125ml,2020-08-03,7366.38,66
João Costa,France,Neutrogena Hydro Boost Water Gel 56.7g,2022-08-30,7347.96,120
Rafael Pereira,Germany,COSRX Advanced Snail 92 All in One Cream 30g,2024-04-24,1984.26,63
Ana Teixeira,Poland,Sunday Riley Auto Correct Brightening and Depuffing Eye Contour Cream 250ml,2022-08-27,2254.14,22
Pedro Cruz,United Kingdom,Pixi Hydrating Milky Serum 15ml,2023-12-17,8367.02,121
Laura Fernandes,South Korea,Estée Lauder Revitalizing Supreme+ Moisturizer 15ml,2024-02-24,2703.75,110
Diogo Costa,Brazil,Avène Cleanance Expert Emulsion 75ml,2022-12-24,14443.51,150
Carolina Vieira,Germany,Clinique Dramatically Different Moisturising Lotion+ 250ml,2021-05-26,1881.63,19
Mariana Cruz,Mexico,The Ordinary Buffet Multi-Technology Peptide Serum 200ml,2020-12-21,1004.69,45
Joana Teixeira,Philippines,The Ordinary Hyaluronic Acid 2% + B5 200ml,2022-07-15,12128.35,255
Ana Ferreira,Colombia,Clinique Moisture Surge 100H Auto-Replenishing Hydrator 340g,2022-08-26,2430.37,132
Lucas Rodrigues,South Korea,Tatcha The Essence Plump Skin Softener 340g,2022-03-07,1523.67,145
Beatriz Cardoso,Mexico,COSRX Advanced Snail 96 Mucin Power Essence 30ml,2020-09-26,1196.58,406
Lucas Costa,Thailand,Olay Luminous Whip Face Moisturiser 30g,2020-12-05,4279.69,58
Afonso Monteiro,Italy,Estée Lauder Perfectly Clean Multi-Action Foam Cleanser 30g,2020-04-07,13436.56,142
Lucas Rodrigues,Chile,Avène PhysioLift Night Smoothing Balm 56.7g,2020-03-18,944.4,16
Rodrigo Coelho,Chile,First Aid Beauty Eye Duty Triple Remedy AM Gel Cream 200ml,2023-06-23,3974.17,110
Diogo Cardoso,Philippines,La Roche-Posay Anthelios Invisible Fluid SPF50+ 40ml,2022-06-08,827.58,41
Margarida Mendes,South Korea,First Aid Beauty KP Bump Eraser Body Scrub 200ml,2021-08-26,12236.61,123
Martim Teixeira,Germany,Clinique Dramatically Different Moisturising Lotion+ 30ml,2024-05-01,34.14,11
Gonçalo Ribeiro,Brazil,REN Clean Skincare Overnight Glow Dark Spot Sleeping Cream 200ml,2024-05-12,4595.77,59
Dinis Carvalho,United States,Paula's Choice CALM Redness Relief Moisturizer SPF 30 60ml,2021-05-04,11474.91,316
Maria Ferreira,Argentina,Olay Luminous Whip Face Moisturiser 340g,2022-05-21,2594.71,55
Rodrigo Pereira,Sweden,Tatcha The Rice Polish Foaming Enzyme Powder 75ml,2020-01-06,11132.77,115
Mariana Mendes,Poland,Estée Lauder Re-Nutriv Ultimate Lift Age-Correcting Crème 30g,2023-03-20,4490.38,46
Laura Mendes,Sweden,REN Clean Skincare Evercalm Global Protection Day Cream 340g,2023-07-24,28381.57,364
Afonso Almeida,Mexico,Clinique Dramatically Different Moisturising Lotion+ 75ml,2023-10-15,4464.3,115
Catarina Martins,Sweden,Drunk Elephant F-Balm Electrolyte Waterbalm 60ml,2021-09-07,13376.66,277
Laura Carvalho,United States,Paula's Choice CLINICAL 1% Retinol Treatment 200ml,2020-10-18,9161.91,145
Margarida Mendes,China,Pixi Retinol Tonic 75ml,2020-03-17,4358.35,41
Dinis Carvalho,United States,Paula's Choice DEFENSE Antioxidant Pore Purifier 60ml,2020-12-17,4291.91,38
Dinis Cardoso,Thailand,Pixi Vitamin-C Juice Cleanser 40ml,2021-05-24,18834.79,358
Afonso Neves,Philippines,Avène Hydrance Rich Rehydrating Cream 250ml,2023-06-14,5745.76,148
Rafael Gomes,Netherlands,First Aid Beauty Eye Duty Triple Remedy AM Gel Cream 30g,2024-07-16,12982.73,164
Catarina Neves,Netherlands,Clinique Smart Night Custom-Repair Moisturiser 30ml,2020-05-08,17857.41,389
Ana Nunes,Indonesia,Drunk Elephant Lala Retro Whipped Cream 250ml,2021-01-12,10389.36,297
Leonor Coelho,Brazil,First Aid Beauty Ultra Repair Firming Collagen Cream 75ml,2020-05-09,1375.75,139
Leonor Coelho,Argentina,The Ordinary Natural Moisturising Factors + HA 30ml,2023-07-04,10155.68,103
Rodrigo Pereira,South Korea,The Ordinary AHA 30% + BHA 2% Peeling Solution 40ml,2022-09-28,3703.34,62
Lucas Costa,Poland,First Aid Beauty Pure Skin Face Cleanser 250ml,2021-04-04,1704.37,22
Rafael Martins,Netherlands,Skinceuticals Triple Lipid Restore 2:4:2 125ml,2024-08-15,12325.73,114
Dinis Monteiro,Netherlands,Murad AHA/BHA Exfoliating Cleanser 200ml,2021-03-11,2150.27,74
Rodrigo Teixeira,Argentina,Clinique Smart Night Custom-Repair Moisturiser 250ml,2022-05-08,1023.92,137
Mariana Teixeira,United Kingdom,Kiehl's Powerful-Strength Line-Reducing Concentrate 60ml,2022-01-03,10264.37,96
Lucas Santos,Thailand,Neutrogena Cellular Boost Concentrate Serum 200ml,2020-04-15,10037.32,192
Catarina Neves,Argentina,Pixi Vitamin-C Juice Cleanser 200ml,2022-04-05,2947.82,95
Leonor Jesus,United Kingdom,Neutrogena Bright Boost Gel Cream 75ml,2021-02-19,3992.13,58
Inês Ferreira,Netherlands,Pixi Hydrating Milky Serum 50ml,2021-11-24,10354.79,111
Diogo Rocha,Italy,Pixi Glow Tonic 30ml,2021-04-24,697.31,29
Tiago Cardoso,Brazil,Clinique Smart Night Custom-Repair Moisturiser 100ml,2020-11-22,472.47,18
Mariana Soares,Argentina,COSRX Full Fit Propolis Light Cream 125ml,2024-08-05,1430.32,52
Inês Ribeiro,Poland,Neutrogena Ultra Sheer Dry-Touch Sunscreen SPF 50+ 30ml,2024-08-01,6463.73,61
Dinis Carvalho,Colombia,The Ordinary Buffet Multi-Technology Peptide Serum 20ml,2023-01-21,980.48,153
Margarida Cardoso,Chile,Skinceuticals B5 Gel Hydrating Serum 56.7g,2020-01-12,1578.52,48
Beatriz Jesus,Chile,La Roche-Posay Lipikar Balm AP+ 100ml,2021-09-17,3305.72,118
Martim Rodrigues,Sweden,Estée Lauder Re-Nutriv Ultimate Lift Age-Correcting Crème 20ml,2022-01-15,2805.88,35
Catarina Martins,Canada,Clinique Smart Night Custom-Repair Moisturiser 250ml,2022-10-10,27571.88,233
Clara Gomes,Thailand,CeraVe PM Facial Moisturising Lotion 50ml,2021-06-25,3359.37,131
Afonso Oliveira,Argentina,The Ordinary Buffet Multi-Technology Peptide Serum 340g,2024-08-22,208.15,36
João Cardoso,Netherlands,Skinceuticals Physical Fusion UV Defense SPF 50 50ml,2024-10-10,1346.58,26
Tiago Almeida,South Korea,The Ordinary Hyaluronic Acid 2% + B5 15ml,2023-04-10,4745.81,40
Dinis Pereira,Spain,Skinceuticals Discoloration Defense Serum 250ml,2024-01-28,3896.92,452
Dinis Pereira,Mexico,Avène Cicalfate+ Restorative Protective Cream 56.7g,2024-08-21,9249.14,86
Rafael Gomes,Thailand,Paula's Choice CALM Redness Relief Moisturizer SPF 30 30g,2024-03-04,835.53,103
Inês Martins,United States,Murad Vita-C Glycolic Brightening Serum 250ml,2024-09-03,2610.59,29
Carolina Pereira,Philippines,REN Clean Skincare Radiance Perfection Serum 200ml,2023-01-28,23519.71,298
Diogo Rocha,Argentina,Paula's Choice SKIN PERFECTING 2% BHA Liquid Exfoliant 56.7g,2021-07-13,6848.83,72
Pedro Cruz,France,Bioderma Sensibio Light Soothing Cream 50ml,2021-10-02,9079.42,81
Beatriz Marques,Sweden,Skinceuticals Metacell Renewal B3 56.7g,2023-07-01,1951.8,21
Maria Coelho,Argentina,First Aid Beauty Ultra Repair Tinted Moisturizer SPF 30 250ml,2024-10-06,4566.32,117
Afonso Monteiro,South Korea,Pixi Rose Ceramide Cream 20ml,2022-05-30,14779.12,261
Catarina Neves,Mexico,Skinceuticals C E Ferulic Serum 30g,2022-02-14,9683.17,103
Gonçalo Ribeiro,China,Neutrogena Norwegian Formula Face Cream 75ml,2021-11-29,2752.71,134
Inês Nunes,Italy,Kiehl's Powerful-Strength Line-Reducing Concentrate 56.7g,2024-03-20,232.82,13
Inês Ferreira,United Kingdom,Pixi Rose Ceramide Cream 340g,2022-05-13,7659.64,237
Carolina Silva,Germany,COSRX AC Collection Lightweight Soothing Moisturizer 150ml,2021-05-18,14325.25,128
Tomás Coelho,Thailand,Drunk Elephant Protini Polypeptide Cream 30ml,2021-04-05,5935.92,53
Rafael Pereira,Colombia,The Ordinary Retinol 0.5% in Squalane 340g,2020-05-11,25311.93,502
Rodrigo Pereira,Singapore,Neutrogena Oil-Free Acne Wash 125ml,2020-03-24,3309.48,58
Afonso Oliveira,Brazil,Kiehl's Ultra Facial Cream 20ml,2023-07-23,7559.32,93
Inês Cardoso,Colombia,Tatcha The Water Cream 125ml,2023-08-12,1371.36,60
Pedro Cruz,Japan,Neutrogena Rapid Wrinkle Repair Retinol Cream 340g,2020-01-31,6341.15,108
Rodrigo Pereira,India,Pixi Vitamin-C Juice Cleanser 200ml,2023-10-11,3362.2,96
Martim Ferreira,Argentina,First Aid Beauty Ultra Repair Firming Collagen Cream 30g,2022-02-19,12131.58,436
Sofia Gomes,Japan,Murad Retinol Youth Renewal Serum 150ml,2022-10-02,2569.08,66
Ana Ferreira,Spain,La Roche-Posay Anthelios Invisible Fluid SPF50+ 50ml,2020-12-20,1392.42,89
Afonso Monteiro,Colombia,Bioderma Cicabio Arnica+ Repairing Cream 15ml,2022-10-09,936.77,128
Mariana Neves,France,Neutrogena Ultra Sheer Dry-Touch Sunscreen SPF 50+ 125ml,2024-02-09,2877.31,34
Tiago Carvalho,Chile,Skinceuticals Phyto Corrective Gel 15ml,2023-01-24,571.75,44
Leonor Coelho,Philippines,Avène Eau Thermale Spray 75ml,2022-08-31,9237.86,87
Margarida Oliveira,South Korea,COSRX Balancium B5 Biome Comfort Cream 20ml,2024-02-23,7216.89,98
Beatriz Ferreira,United States,Murad Vita-C Glycolic Brightening Serum 100ml,2020-05-01,1296.15,37
Tomás Correia,Colombia,Clinique Dramatically Different Moisturising Lotion+ 200ml,2023-02-25,5123.27,54
Margarida Marques,Chile,First Aid Beauty FAB Skin Lab Resurfacing Liquid 10% AHA 20ml,2022-04-11,23371.33,300
Ana Ferreira,Germany,Drunk Elephant Virgin Marula Luxury Face Oil 30ml,2024-03-17,14008.4,131
Mariana Soares,Philippines,Drunk Elephant A-Passioni Retinol Cream 40ml,2022-09-24,1052.94,63
Tomás Coelho,India,REN Clean Skincare Perfect Canvas Clean Primer 75ml,2020-07-15,668.58,82
Sara Fernandes,Mexico,Olay Regenerist Micro-Sculpting Cream 200ml,2021-07-25,3683.38,134
Joana Teixeira,Thailand,Skinceuticals A.G.E. Eye Complex 40ml,2020-06-11,1660.98,18
Catarina Monteiro,Japan,Kiehl's Rare Earth Deep Pore Cleansing Masque 250ml,2023-03-21,2189.78,152
Lucas Ribeiro,Singapore,Olay Retinol24 Night Moisturizer 125ml,2021-01-23,440.45,21
Leonor Marques,Italy,Skinceuticals Phyto Corrective Gel 125ml,2021-04-01,9019.29,122
Carolina Jesus,Sweden,REN Clean Skincare Perfect Canvas Clean Primer 50ml,2023-06-12,14650.97,127
Maria Coelho,Brazil,Drunk Elephant T.L.C. Framboos Glycolic Night Serum 15ml,2022-09-23,3017.88,53
Inês Ribeiro,South Korea,Murad Retinol Youth Renewal Serum 100ml,2022-06-19,2515.35,38
Rodrigo Jesus,Colombia,Olay Total Effects 7-in-1 Moisturiser 30g,2020-01-19,8449.31,340
Rafael Neves,Sweden,COSRX Oil-Free Ultra-Moisturizing Lotion 60ml,2024-04-12,1514.69,21
Mariana Cruz,China,REN Clean Skincare Perfect Canvas Clean Primer 50ml,2022-03-10,23396.14,277
Joana Santos,Philippines,Clinique All About Eyes Rich 56.7g,2021-04-03,1140.58,148
Carolina Ferreira,Japan,Pixi Hydrating Milky Serum 200ml,2024-12-07,6983.45,113
Maria Correia,United Kingdom,Clinique Even Better Clinical Radical Dark Spot Corrector 20ml,2020-11-17,3801.56,69
Maria Coelho,Sweden,COSRX Advanced Snail 96 Mucin Power Essence 60ml,2020-09-18,2072.56,49
Inês Monteiro,Chile,Sunday Riley Tidal Brightening Enzyme Water Cream 56.7g,2022-11-10,7476.63,139
Sofia Gomes,United States,La Roche-Posay Lipikar Balm AP+ 15ml,2021-02-19,3563.4,31
Francisco Almeida,Chile,Neutrogena Bright Boost Gel Cream 75ml,2022-10-07,8878.07,133
Francisco Almeida,United States,Olay Vitamin C + Peptide 24 Face Moisturizer 50ml,2020-01-14,11563.55,236
Clara Mendes,Mexico,Paula's Choice RESIST Anti-Aging Clear Skin Hydrator 40ml,2023-01-03,4052.2,87
Margarida Silva,Indonesia,Estée Lauder Revitalizing Supreme+ Moisturizer 40ml,2024-02-17,4660.13,58
João Martins,Philippines,Neutrogena Oil-Free Acne Wash 56.7g,2021-01-15,17390.64,163
Laura Mendes,Colombia,Estée Lauder Nutritious Super-Pomegranate Radiant Energy Eye Jelly 40ml,2024-05-17,9403.41,88
Joana Fernandes,South Korea,CeraVe Moisturising Cream 60ml,2020-03-19,12876.13,140
Matilde Moreira,Colombia,Paula's Choice BOOST 10% Niacinamide Booster 56.7g,2023-07-27,29039.82,309
Rodrigo Coelho,France,La Roche-Posay Hyalu B5 Serum 75ml,2020-09-06,21993.73,333
Mariana Cruz,India,CeraVe AM Facial Moisturising Lotion SPF25 30g,2022-10-06,12547.91,126
João Mendes,France,The Ordinary Hyaluronic Acid 2% + B5 30ml,2020-07-17,9776.35,144
Sofia Nunes,France,Murad Cellular Hydration Barrier Repair Cream 15ml,2021-07-14,3252.51,112
Gonçalo Rodrigues,Indonesia,Bioderma Nodé Detox Shampoo 250ml,2022-08-11,3075.8,107
Margarida Pereira,France,Murad AHA/BHA Exfoliating Cleanser 250ml,2022-09-23,9251.74,86
Catarina Martins,Italy,Clinique Repairwear Laser Focus Eye Cream 75ml,2021-11-12,6148.62,231
Margarida Pereira,United Kingdom,Drunk Elephant C-Firma Fresh Day Serum 75ml,2023-08-24,10920.37,112
Martim Ferreira,Spain,COSRX Full Fit Propolis Light Cream 20ml,2024-01-25,3608.84,33
Francisco Almeida,Argentina,Pixi Retinol Tonic 40ml,2022-12-28,9085.62,94
Francisco Almeida,United States,Sunday Riley Tidal Brightening Enzyme Water Cream 75ml,2021-09-24,2031.7,18
Beatriz Jesus,Sweden,Drunk Elephant A-Passioni Retinol Cream 250ml,2022-07-03,31501.04,330
Inês Martins,Poland,Neutrogena Cellular Boost Concentrate Serum 60ml,2020-05-18,10058.61,137
Rodrigo Jesus,Singapore,REN Clean Skincare Clean Screen Mineral SPF30 50ml,2022-06-07,2467.81,38
Inês Ribeiro,France,The Ordinary Salicylic Acid 2% Solution 75ml,2024-01-16,1368.44,112
Rodrigo Pereira,Japan,Avène Cleanance Expert Emulsion 30g,2021-09-28,618.46,93
Dinis Carvalho,Netherlands,Avène Antirougeurs Jour Redness Relief Cream 125ml,2023-02-04,1057.44,131
Tiago Carvalho,Chile,Kiehl's Super Multi-Corrective Anti-Aging Face & Neck Cream 60ml,2022-12-06,5593.49,62
Lucas Costa,United States,La Roche-Posay Retinol B3 Serum 250ml,2022-11-19,20048.23,250
Martim Silva,Poland,Neutrogena Hydro Boost Eye Gel-Cream 15ml,2021-02-25,2945.8,138
Gonçalo Coelho,India,Estée Lauder Micro Essence Skin Activating Treatment Lotion 60ml,2022-05-05,1782.73,62
Diogo Costa,United States,Kiehl's Midnight Recovery Concentrate 200ml,2020-09-06,1154.79,90
Rafael Pereira,Spain,Murad Rapid Resurgence Eye Lift 15ml,2021-09-26,10667.19,159
Joana Santos,India,The Ordinary AHA 30% + BHA 2% Peeling Solution 75ml,2023-11-05,11674.17,292
Sofia Jesus,Mexico,Drunk Elephant F-Balm Electrolyte Waterbalm 56.7g,2021-01-23,1556.52,46
Inês Nunes,Argentina,Murad Vita-C Glycolic Brightening Serum 40ml,2023-03-28,5658.5,181
Afonso Martins,France,Drunk Elephant C-Firma Fresh Day Serum 250ml,2020-04-21,3021.97,342
Carolina Marques,China,Bioderma Nodé Detox Shampoo 250ml,2020-05-01,15861.98,423
Afonso Monteiro,Netherlands,Bioderma Sebium Pore Refiner 200ml,2021-11-10,33886.67,324
Tomás Martins,Japan,Murad Brightening Booster 56.7g,2023-06-27,111.29,17
Sofia Gomes,Canada,Murad Hydro-Dynamic Ultimate Moisture 30g,2022-05-23,2273.56,36
João Nunes,France,Sunday Riley C.E.O. 15% Vitamin C Brightening Serum 30ml,2020-09-02,4193.91,82
Joana Oliveira,United States,First Aid Beauty Pure Skin Face Cleanser 50ml,2020-10-06,14786.74,224
Miguel Rocha,Chile,COSRX AHA/BHA Clarifying Treatment Toner 250ml,2023-05-26,21983.86,371
Matilde Moreira,Argentina,CeraVe PM Facial Moisturising Lotion 30g,2023-03-22,4446.5,51
Joana Teixeira,United States,The Ordinary Salicylic Acid 2% Solution 125ml,2020-05-27,5586.33,96
Joana Costa,Germany,Kiehl's Clearly Corrective Dark Spot Solution 150ml,2021-11-05,5090.21,45
Catarina Martins,France,Pixi +C VIT Brightening Serum 20ml,2022-05-05,2589.03,102
Leonor Pinto,China,COSRX Balancium B5 Biome Comfort Cream 50ml,2024-09-01,3601.63,132
Ana Monteiro,Germany,Pixi Rose Ceramide Cream 40ml,2020-12-10,2326.86,44
Joana Santos,Germany,Tatcha The Indigo Overnight Repair Treatment 125ml,2021-03-03,4714.23,140
João Nunes,Spain,REN Clean Skincare Evercalm Global Protection Day Cream 15ml,2020-06-17,38220.49,376
Carolina Vieira,Philippines,Drunk Elephant B-Hydra Intensive Hydration Serum 200ml,2022-01-30,3903.63,59
Afonso Almeida,France,Pixi Rose Ceramide Cream 50ml,2021-10-15,6907.9,91
Gonçalo Fernandes,Mexico,Sunday Riley Auto Correct Brightening and Depuffing Eye Contour Cream 30ml,2021-09-17,701.83,27
Mariana Martins,China,Drunk Elephant F-Balm Electrolyte Waterbalm 56.7g,2023-02-07,3176.57,64
Leonor Jesus,Spain,Paula's Choice EARTH SOURCED Antioxidant-Enriched Natural Moisturizer 125ml,2021-12-31,3877.91,84
Dinis Silva,Colombia,Avène PhysioLift Night Smoothing Balm 20ml,2022-05-18,4150.44,47
Rodrigo Pinto,Brazil,REN Clean Skincare Clean Screen Mineral SPF30 150ml,2022-11-12,1467.6,16
Joana Oliveira,Thailand,REN Clean Skincare Ready Steady Glow Daily AHA Tonic 15ml,2023-08-31,3368.85,41
Gonçalo Ribeiro,Singapore,The Ordinary Salicylic Acid 2% Solution 150ml,2024-06-06,7098.07,81
Rafael Pereira,Japan,The Ordinary Salicylic Acid 2% Solution 20ml,2020-01-02,18212.96,210
Diogo Costa,Indonesia,Paula's Choice DEFENSE Antioxidant Pore Purifier 60ml,2020-05-26,1261.86,76
Diogo Ribeiro,Chile,Clinique Turnaround Overnight Revitalizing Moisturizer 250ml,2020-06-18,4023.79,48
Maria Ferreira,Mexico,Bioderma Sensibio Light Soothing Cream 40ml,2020-06-07,9469.93,201
Ana Monteiro,China,Kiehl's Clearly Corrective Dark Spot Solution 150ml,2020-03-13,8240.25,75
Francisco Coelho,Argentina,Drunk Elephant C-Firma Fresh Day Serum 30g,2020-11-11,584.28,26
Diogo Oliveira,Sweden,Sunday Riley Ice Ceramide Moisturizing Cream 30g,2022-08-25,2234.88,124
Afonso Sousa,Thailand,Estée Lauder Resilience Lift Firming & Sculpting Eye Cream 125ml,2021-10-13,2382.26,111
Rodrigo Jesus,Chile,Murad AHA/BHA Exfoliating Cleanser 50ml,2024-10-05,7271.73,300
Laura Ribeiro,Netherlands,Kiehl's Powerful-Strength Line-Reducing Concentrate 100ml,2024-08-18,2762.56,133
Mariana Cruz,Thailand,Sunday Riley Saturn Sulfur Acne Treatment Mask 30g,2023-04-14,16515.03,228
Dinis Cardoso,United States,Clinique Turnaround Overnight Revitalizing Moisturizer 340g,2021-01-28,6708.34,498
Sofia Martins,China,Olay Eyes Ultimate Eye Cream 200ml,2023-07-02,8715.24,92
Tiago Cardoso,Singapore,La Roche-Posay Hyalu B5 Serum 20ml,2021-12-02,1722.18,92
Lucas Santos,Italy,Murad Vita-C Glycolic Brightening Serum 50ml,2021-05-31,7546.89,99
Sara Ferreira,Thailand,First Aid Beauty Ultra Repair Tinted Moisturizer SPF 30 75ml,2021-05-21,6069.94,95
Martim Ferreira,Thailand,Estée Lauder Re-Nutriv Ultimate Lift Age-Correcting Crème 30ml,2020-03-25,2870.33,144
Tomás Correia,India,Pixi Overnight Glow Serum 100ml,2021-08-02,8792.58,193
Lucas Costa,Mexico,First Aid Beauty Eye Duty Triple Remedy AM Gel Cream 60ml,2023-11-05,8267.59,88
Tomás Ribeiro,India,Sunday Riley Good Genes All-In-One Lactic Acid Treatment 200ml,2021-10-03,16960.52,300
Mariana Martins,United Kingdom,Drunk Elephant B-Hydra Intensive Hydration Serum 75ml,2024-10-08,5149.51,123
Laura Fernandes,Philippines,Paula's Choice SKIN RECOVERY Replenishing Moisturizer 30ml,2023-07-21,2162.34,86
João Nunes,Poland,Paula's Choice BOOST 10% Niacinamide Booster 250ml,2023-08-17,2020.55,52
Joana Teixeira,Canada,Murad Vita-C Glycolic Brightening Serum 150ml,2023-03-10,6402.95,97
Rodrigo Pereira,Argentina,Avène Antirougeurs Jour Redness Relief Cream 56.7g,2020-05-13,6257.28,188
Clara Gomes,Brazil,Tatcha The Rice Polish Foaming Enzyme Powder 250ml,2024-03-31,6032.9,57
Rafael Neves,South Korea,First Aid Beauty FAB Skin Lab Resurfacing Liquid 10% AHA 100ml,2020-10-08,2940.86,41
Rafael Vieira,United Kingdom,Drunk Elephant C-Firma Fresh Day Serum 200ml,2022-05-15,4568.68,55
Pedro Cruz,Sweden,Paula's Choice BOOST 10% Niacinamide Booster 125ml,2023-10-16,16883.31,230
Ana Ferreira,Indonesia,First Aid Beauty Ultra Repair Cream 30g,2024-10-24,1248.93,202
Afonso Martins,Germany,Avène Eau Thermale Spray 30g,2022-12-26,3335.06,107
Tiago Cardoso,Germany,Sunday Riley UFO Ultra-Clarifying Face Oil 20ml,2024-08-08,2800.83,77
Dinis Pereira,Chile,Drunk Elephant T.L.C. Framboos Glycolic Night Serum 340g,2020-03-03,15999.39,148
Rafael Pereira,Mexico,Avène Cicalfate+ Restorative Protective Cream 200ml,2021-08-25,8205.88,195
Rafael Martins,Poland,Clinique Even Better Clinical Radical Dark Spot Corrector 125ml,2020-03-20,13401.53,279
Rafael Gomes,France,Neutrogena Norwegian Formula Face Cream 340g,2024-03-24,24375.62,519
Beatriz Marques,Philippines,Sunday Riley Luna Sleeping Night Oil 20ml,2024-06-28,6590.35,140
Rafael Martins,Netherlands,La Roche-Posay Anthelios Invisible Fluid SPF50+ 250ml,2020-01-24,7314.81,63
Martim Pinto,France,REN Clean Skincare Overnight Glow Dark Spot Sleeping Cream 50ml,2024-02-24,374.34,19
Afonso Sousa,Thailand,Skinceuticals Discoloration Defense Serum 15ml,2024-04-17,432.18,22
Martim Cardoso,China,REN Clean Skincare Ready Steady Glow Daily AHA Tonic 56.7g,2024-07-26,13806.53,240
Joana Santos,Colombia,Murad Brightening Booster 100ml,2023-11-25,3119.81,145
Afonso Rocha,Indonesia,Neutrogena Bright Boost Gel Cream 56.7g,2022-04-07,5235.15,95
Lucas Santos,Poland,First Aid Beauty Pure Skin Face Cleanser 30g,2020-05-22,7372.32,78
Rodrigo Moreira,China,Neutrogena Bright Boost Gel Cream 40ml,2023-03-07,3801.0,43
Margarida Cardoso,United States,Avène Cicalfate+ Restorative Protective Cream 15ml,2021-05-19,9942.28,179
Matilde Cruz,France,Clinique Turnaround Overnight Revitalizing Moisturizer 56.7g,2020-10-15,3807.14,107
Afonso Monteiro,Poland,COSRX Ultimate Moisturizing Honey Overnight Mask 30ml,2022-03-24,9124.9,89
Tomás Ribeiro,Netherlands,CeraVe Renewing SA Cream 40ml,2023-03-09,5773.56,122
Joana Fernandes,United Kingdom,Bioderma Sensibio H2O Micellar Water 60ml,2021-01-12,4218.09,79
Beatriz Jesus,Spain,Skinceuticals Metacell Renewal B3 100ml,2023-09-22,17107.33,174
Maria Correia,Sweden,Neutrogena Cellular Boost Concentrate Serum 20ml,2024-11-13,9655.58,120
Rodrigo Teixeira,Spain,Bioderma Pigmentbio C-Concentrate Brightening Serum 15ml,2021-03-27,5849.12,87
Tomás Coelho,United States,La Roche-Posay Retinol B3 Serum 40ml,2020-01-19,16070.02,150
Tomás Rodrigues,Poland,CeraVe Hydrating Cleanser 56.7g,2024-05-16,283.65,83
Rodrigo Pereira,Philippines,REN Clean Skincare Vita Mineral Active 7 Eye Gel 50ml,2023-08-25,30938.12,310
Matilde Moreira,Argentina,REN Clean Skincare Evercalm Global Protection Day Cream 250ml,2020-01-20,20050.53,179
Leonor Marques,United Kingdom,The Ordinary Buffet Multi-Technology Peptide Serum 75ml,2021-03-14,5412.25,72
Afonso Neves,Canada,La Roche-Posay Hyalu B5 Serum 100ml,2023-01-26,8521.73,173
Leonor Jesus,China,Estée Lauder Advanced Night Repair Serum 150ml,2020-02-21,1150.04,53
Ana Teixeira,Mexico,CeraVe Hydrating Cleanser 20ml,2024-07-08,684.91,21
João Martins,Poland,Sunday Riley Good Genes All-In-One Lactic Acid Treatment 15ml,2022-05-10,2129.99,36
Margarida Silva,United States,Kiehl's Powerful-Strength Line-Reducing Concentrate 40ml,2023-12-16,18449.46,164
Afonso Sousa,Brazil,First Aid Beauty FAB Skin Lab Resurfacing Liquid 10% AHA 100ml,2023-02-23,7433.24,352
Inês Nunes,Spain,CeraVe Renewing SA Cream 20ml,2020-05-27,11429.53,139
Miguel Rocha,Mexico,Drunk Elephant Lala Retro Whipped Cream 200ml,2020-03-10,16914.24,467
Carolina Pereira,Netherlands,Clinique Dramatically Different Moisturising Lotion+ 30g,2020-06-03,1661.1,27
Laura Carvalho,Philippines,Drunk Elephant B-Hydra Intensive Hydration Serum 20ml,2024-03-16,15966.26,144
Carolina Vieira,Sweden,Drunk Elephant A-Passioni Retinol Cream 56.7g,2023-09-20,32685.97,345
Martim Rodrigues,United States,Drunk Elephant B-Hydra Intensive Hydration Serum 56.7g,2022-05-22,1883.01,74
Afonso Monteiro,United Kingdom,La Roche-Posay Hyalu B5 Serum 56.7g,2022-12-31,11330.75,416
Rafael Mendes,Mexico,Neutrogena Norwegian Formula Face Cream 200ml,2022-07-28,6727.98,251
Carolina Marques,Sweden,Murad Brightening Booster 125ml,2020-03-01,6658.86,83
Dinis Pereira,Colombia,Bioderma Cicabio Arnica+ Repairing Cream 20ml,2024-08-05,354.42,33
Ana Teixeira,Chile,CeraVe Hydrating Cleanser 200ml,2022-01-17,1411.42,40
Matilde Teixeira,Thailand,COSRX Balancium B5 Biome Comfort Cream 60ml,2020-01-22,4571.21,150
Sara Cruz,Germany,Skinceuticals B5 Gel Hydrating Serum 20ml,2022-08-08,10572.41,362
Sofia Carvalho,United States,Murad Brightening Booster 60ml,2024-12-23,8530.23,85
Tomás Ribeiro,Netherlands,Olay Retinol24 Night Moisturizer 56.7g,2022-12-03,24535.51,262
Afonso Monteiro,Brazil,The Ordinary Retinol 0.5% in Squalane 75ml,2020-10-11,8473.23,86
Sofia Gomes,China,Pixi Overnight Glow Serum 75ml,2021-05-14,6303.92,78
Beatriz Ferreira,Chile,Sunday Riley Luna Sleeping Night Oil 75ml,2020-12-19,37924.92,395
Lucas Rodrigues,Philippines,Bioderma Pigmentbio C-Concentrate Brightening Serum 40ml,2024-06-12,13750.65,326
Tiago Jesus,Indonesia,Clinique All About Eyes Rich 60ml,2022-09-26,8852.55,133
Inês Martins,Japan,CeraVe Hydrating Cleanser 50ml,2023-12-19,2462.44,64
Beatriz Ferreira,Canada,Neutrogena Ultra Sheer Dry-Touch Sunscreen SPF 50+ 40ml,2022-12-09,5682.62,89
Lucas Rodrigues,United States,La Roche-Posay Toleriane Hydrating Gentle Cleanser 125ml,2020-07-10,2017.45,105
Margarida Cardoso,Canada,Avène XeraCalm A.D Lipid-Replenishing Cream 20ml,2022-08-10,1005.75,25
Ana Vieira,Indonesia,Pixi Overnight Glow Serum 125ml,2024-02-09,13287.01,148
Sofia Mendes,Chile,Skinceuticals B5 Gel Hydrating Serum 40ml,2020-12-07,18709.8,169
Francisco Almeida,Colombia,The Ordinary Natural Moisturising Factors + HA 40ml,2023-03-18,4168.94,124
Rodrigo Pereira,Indonesia,Clinique All About Eyes Rich 15ml,2024-01-30,26444.21,402
Lucas Rodrigues,Indonesia,Murad Cellular Hydration Barrier Repair Cream 125ml,2023-06-10,3775.55,41
Francisco Mendes,France,Sunday Riley Tidal Brightening Enzyme Water Cream 15ml,2020-04-19,16440.48,203
Leonor Coelho,Poland,Olay Eyes Ultimate Eye Cream 50ml,2020-08-01,5883.71,109
Joana Santos,Mexico,Drunk Elephant F-Balm Electrolyte Waterbalm 40ml,2022-09-17,4187.97,132
Ana Ferreira,Philippines,Avène Eau Thermale Spray 30ml,2022-06-22,5256.1,171
Laura Soares,Singapore,Sunday Riley Luna Sleeping Night Oil 100ml,2023-03-06,11050.14,123
Catarina Neves,Canada,The Ordinary Salicylic Acid 2% Solution 250ml,2020-05-15,6477.51,254
Rodrigo Pinto,Sweden,COSRX AC Collection Lightweight Soothing Moisturizer 200ml,2020-04-27,9606.52,85
Tiago Cardoso,Italy,Estée Lauder Perfectly Clean Multi-Action Foam Cleanser 200ml,2020-11-21,5662.93,55
Francisco Almeida,Spain,Kiehl's Clearly Corrective Dark Spot Solution 30ml,2021-09-03,10430.64,92
Mariana Martins,Chile,Clinique Turnaround Overnight Revitalizing Moisturizer 340g,2024-03-10,7484.19,144
Laura Carvalho,Netherlands,Tatcha The Essence Plump Skin Softener 340g,2021-09-13,5864.25,142
João Cardoso,China,La Roche-Posay Retinol B3 Serum 250ml,2023-01-28,2377.77,40
Rodrigo Soares,Colombia,Neutrogena Rapid Wrinkle Repair Retinol Cream 200ml,2022-04-02,13442.7,134
Francisco Jesus,Indonesia,COSRX AHA/BHA Clarifying Treatment Toner 150ml,2024-10-05,3785.45,60
Tomás Neves,Singapore,Bioderma Atoderm Intensive Baume 20ml,2023-07-20,5482.07,72
Diogo Rocha,Indonesia,Paula's Choice EARTH SOURCED Antioxidant-Enriched Natural Moisturizer 56.7g,2020-02-21,3733.18,76
Catarina Correia,United Kingdom,Kiehl's Midnight Recovery Concentrate 30ml,2023-12-20,1228.33,18
Afonso Martins,Chile,Drunk Elephant T.L.C. Framboos Glycolic Night Serum 56.7g,2024-11-07,150.45,32
Dinis Carvalho,Poland,Clinique Turnaround Overnight Revitalizing Moisturizer 15ml,2023-03-21,4633.2,119
Rodrigo Teixeira,Indonesia,Clinique All About Eyes Rich 50ml,2024-03-16,3524.67,276
Diogo Costa,China,First Aid Beauty Ultra Repair Firming Collagen Cream 100ml,2021-12-15,1782.45,25
Sara Ferreira,United Kingdom,Pixi Overnight Glow Serum 125ml,2022-09-28,953.91,37
Martim Ferreira,India,Sunday Riley UFO Ultra-Clarifying Face Oil 56.7g,2023-11-09,2413.94,174
Sofia Nunes,Brazil,La Roche-Posay Lipikar Balm AP+ 150ml,2024-09-11,4979.42,63
Rodrigo Cruz,Philippines,Pixi +C VIT Brightening Serum 60ml,2021-06-08,146.01,27
Martim Silva,Singapore,Tatcha The Rice Polish Foaming Enzyme Powder 40ml,2023-03-10,52098.59,515
Sara Fernandes,Japan,Tatcha The Essence Plump Skin Softener 125ml,2023-01-21,1516.74,57
Laura Soares,Indonesia,La Roche-Posay Cicaplast Baume B5 250ml,2022-08-22,2742.68,37
Beatriz Marques,Chile,Pixi Glow Tonic 20ml,2022-11-10,26628.51,287
Inês Nunes,Philippines,Avène Antirougeurs Jour Redness Relief Cream 340g,2020-05-27,4408.83,106
João Mendes,China,Skinceuticals Discoloration Defense Serum 75ml,2020-01-21,6403.64,113
Afonso Martins,Brazil,Drunk Elephant B-Hydra Intensive Hydration Serum 30ml,2022-11-15,25797.2,251
Pedro Santos,Indonesia,Avène Hydrance Rich Rehydrating Cream 30g,2024-11-22,3047.35,88
Clara Gomes,Mexico,Pixi Skintreats Rose Caviar Eye Cream 250ml,2022-01-02,1525.03,39
Gonçalo Ferreira,Brazil,REN Clean Skincare Clean Screen Mineral SPF30 40ml,2022-06-21,13082.14,147
Laura Mendes,Mexico,Sunday Riley Tidal Brightening Enzyme Water Cream 20ml,2024-01-11,3515.69,35
João Martins,Spain,Avène Retrinal+ 0.1 Intensive Cream 125ml,2022-06-12,5445.71,68
João Martins,Brazil,Neutrogena Bright Boost Gel Cream 50ml,2024-04-16,37062.14,377
Mariana Mendes,Sweden,Paula's Choice CALM Redness Relief Moisturizer SPF 30 60ml,2024-08-16,438.38,81
Ana Monteiro,Chile,Estée Lauder Nutritious Super-Pomegranate Radiant Energy Eye Jelly 200ml,2020-09-29,3597.47,85
Diogo Rodrigues,Argentina,First Aid Beauty Eye Duty Triple Remedy AM Gel Cream 60ml,2020-10-04,18675.37,278
Ana Moreira,India,First Aid Beauty KP Bump Eraser Body Scrub 30ml,2023-07-15,48936.97,476
Laura Carvalho,Poland,First Aid Beauty Ultra Repair Tinted Moisturizer SPF 30 150ml,2023-10-17,1755.21,117
Ana Moreira,Japan,Tatcha The Clarifying Clay Mask 30g,2024-02-29,2130.44,29
Rodrigo Cruz,Canada,REN Clean Skincare Overnight Glow Dark Spot Sleeping Cream 250ml,2024-02-01,8888.52,140
Leonor Martins,Brazil,Skinceuticals Physical Fusion UV Defense SPF 50 56.7g,2020-08-09,566.19,22
Miguel Marques,Japan,Estée Lauder Revitalizing Supreme+ Moisturizer 250ml,2024-01-25,12782.93,146
Pedro Sousa,Philippines,First Aid Beauty FAB Skin Lab Resurfacing Liquid 10% AHA 15ml,2024-07-04,1400.21,19
Rafael Mendes,Mexico,REN Clean Skincare Radiance Perfection Serum 75ml,2022-01-15,8081.71,86
Ana Ferreira,Japan,COSRX AHA/BHA Clarifying Treatment Toner 60ml,2022-04-18,7735.52,176
Miguel Martins,Singapore,Olay Super Serum 5-in-1 60ml,2021-10-15,6406.27,140
João Martins,India,Olay Regenerist Micro-Sculpting Cream 56.7g,2020-10-30,1995.21,22
Beatriz Marques,Germany,Murad AHA/BHA Exfoliating Cleanser 60ml,2024-03-29,1657.08,19
Diogo Ribeiro,Colombia,COSRX Advanced Snail 96 Mucin Power Essence 200ml,2022-10-19,2395.51,78
Joana Santos,China,Murad Rapid Resurgence Eye Lift 150ml,2024-06-13,937.44,25
Mariana Teixeira,Brazil,The Ordinary Natural Moisturising Factors + HA 50ml,2021-03-20,21839.19,340
Sofia Nunes,United States,Paula's Choice CLINICAL 1% Retinol Treatment 75ml,2020-04-01,3017.76,56
Rodrigo Teixeira,Netherlands,REN Clean Skincare Vita Mineral Active 7 Eye Gel 30g,2023-06-23,3110.2,29
Ana Ferreira,Singapore,Estée Lauder Revitalizing Supreme+ Moisturizer 15ml,2024-10-29,1946.8,77
Maria Fernandes,Philippines,Drunk Elephant F-Balm Electrolyte Waterbalm 340g,2022-03-10,2556.32,45
Margarida Teixeira,Brazil,Murad Cellular Hydration Barrier Repair Cream 75ml,2021-05-08,7935.86,77
Clara Gomes,China,Drunk Elephant F-Balm Electrolyte Waterbalm 250ml,2020-02-04,3564.55,76
Maria Moreira,China,Avène Retrinal+ 0.1 Intensive Cream 200ml,2024-10-02,1450.11,16
Rodrigo Jesus,Chile,Pixi Glow Tonic 200ml,2020-04-17,10993.11,245
Carolina Vieira,Netherlands,Pixi +C VIT Brightening Serum 50ml,2024-09-22,12329.26,113
Ana Moreira,United States,CeraVe PM Facial Moisturising Lotion 60ml,2022-03-30,20734.07,229
Clara Mendes,United Kingdom,Bioderma Pigmentbio C-Concentrate Brightening Serum 150ml,2023-10-09,4470.28,73
Catarina Correia,Italy,Murad Cellular Hydration Barrier Repair Cream 75ml,2023-05-22,1461.11,173
Inês Martins,Spain,CeraVe PM Facial Moisturising Lotion 30ml,2022-09-03,3358.26,36
Gonçalo Fernandes,Italy,Estée Lauder Re-Nutriv Ultimate Lift Age-Correcting Crème 60ml,2022-08-13,9737.16,134
Beatriz Marques,Chile,Olay Super Serum 5-in-1 15ml,2021-05-28,6207.52,63
Sara Almeida,Canada,Skinceuticals Metacell Renewal B3 340g,2024-03-09,4574.42,64
Catarina Martins,Thailand,Neutrogena Hydro Boost Water Gel 200ml,2020-04-11,485.03,11
Ana Ferreira,Japan,Estée Lauder Revitalizing Supreme+ Moisturizer 200ml,2020-08-20,2545.32,45
Margarida Pereira,Poland,The Ordinary Niacinamide 10% + Zinc 1% 125ml,2021-11-17,511.87,144
Carolina Marques,Colombia,Olay Retinol24 Night Moisturizer 150ml,2024-09-20,8653.28,84
Lucas Ribeiro,France,Bioderma Cicabio Arnica+ Repairing Cream 340g,2020-03-20,149.75,12
Mariana Neves,Canada,Murad Retinol Youth Renewal Serum 15ml,2020-07-08,3771.78,56
Tiago Almeida,Mexico,Avène Cleanance Expert Emulsion 30ml,2024-01-27,1345.58,15
Afonso Vieira,Thailand,The Ordinary Niacinamide 10% + Zinc 1% 250ml,2024-09-18,1657.22,58
Francisco Almeida,Philippines,Kiehl's Creamy Eye Treatment with Avocado 100ml,2023-08-08,9695.9,102
Laura Costa,Netherlands,Murad Oil-Control Mattifier SPF45 15ml,2020-09-12,31130.84,366
Laura Mendes,Poland,Kiehl's Calendula Serum-Infused Water Cream 56.7g,2023-07-24,16136.34,146
Guilherme Neves,United States,Clinique All About Eyes Rich 30ml,2024-11-06,14586.41,364
Rodrigo Teixeira,Spain,Paula's Choice EARTH SOURCED Antioxidant-Enriched Natural Moisturizer 200ml,2024-03-18,8471.15,476
João Nunes,France,Avène PhysioLift Night Smoothing Balm 60ml,2021-05-23,12506.47,308
Matilde Teixeira,Germany,Skinceuticals B5 Gel Hydrating Serum 125ml,2022-10-23,15112.75,150
Francisco Coelho,China,REN Clean Skincare Evercalm Global Protection Day Cream 150ml,2024-04-18,2818.38,50
Ana Nunes,Japan,Sunday Riley UFO Ultra-Clarifying Face Oil 20ml,2020-12-27,3814.08,96
Rafael Pereira,Poland,Sunday Riley Tidal Brightening Enzyme Water Cream 60ml,2020-09-29,11080.62,255
Sara Cruz,Indonesia,Clinique Moisture Surge 100H Auto-Replenishing Hydrator 30ml,2024-02-29,4100.45,102
Rafael Mendes,France,COSRX Oil-Free Ultra-Moisturizing Lotion 15ml,2022-02-23,3918.57,78
Guilherme Neves,France,Kiehl's Super Multi-Corrective Anti-Aging Face & Neck Cream 150ml,2023-01-14,13554.97,170
Rodrigo Moreira,Mexico,Bioderma Cicabio Arnica+ Repairing Cream 40ml,2020-03-12,8755.94,136
Martim Cardoso,Colombia,The Ordinary Salicylic Acid 2% Solution 125ml,2024-02-01,1322.29,79
Margarida Silva,Brazil,Kiehl's Powerful-Strength Line-Reducing Concentrate 50ml,2023-11-18,481.52,110
Beatriz Ferreira,United Kingdom,Tatcha The Silk Cream 50ml,2023-11-08,8374.64,141
Matilde Moreira,India,Skinceuticals Triple Lipid Restore 2:4:2 150ml,2023-05-15,830.84,67
João Martins,Germany,Bioderma Sensibio H2O Micellar Water 250ml,2021-12-29,734.52,18
Rodrigo Coelho,Mexico,REN Clean Skincare V-Cense Revitalising Eye Cream 40ml,2024-09-05,13556.23,135
Sofia Gomes,Thailand,Neutrogena Hydro Boost Water Gel 56.7g,2022-04-24,1444.43,28
Laura Ribeiro,Italy,CeraVe Eye Repair Cream 250ml,2021-08-02,872.78,36
João Mendes,Sweden,Bioderma Pigmentbio C-Concentrate Brightening Serum 340g,2024-04-21,6279.23,142
Diogo Neves,Chile,COSRX Advanced Snail 96 Mucin Power Essence 60ml,2020-01-24,7533.61,199
Joana Fernandes,Mexico,Kiehl's Calendula Serum-Infused Water Cream 100ml,2020-09-27,15984.03,358
Sofia Mendes,Sweden,CeraVe Healing Ointment 125ml,2024-06-11,21226.0,202
Beatriz Jesus,Canada,Olay Retinol24 Night Moisturizer 125ml,2020-11-16,3897.85,73
Catarina Martins,Germany,La Roche-Posay Hyalu B5 Serum 50ml,2021-06-02,1460.17,22
João Nunes,United States,Kiehl's Powerful-Strength Line-Reducing Concentrate 340g,2022-12-17,1538.23,29
Rodrigo Teixeira,Poland,Kiehl's Calendula Serum-Infused Water Cream 50ml,2023-11-15,586.12,86
Ana Vieira,India,The Ordinary Niacinamide 10% + Zinc 1% 125ml,2023-07-24,10879.35,98
Catarina Neves,Netherlands,CeraVe Eye Repair Cream 30ml,2021-11-26,14326.77,137
Guilherme Costa,United Kingdom,COSRX AHA/BHA Clarifying Treatment Toner 50ml,2024-01-27,16509.21,181
Francisco Vieira,Germany,Pixi Hydrating Milky Serum 200ml,2022-06-06,13081.37,208
Joana Fernandes,Japan,First Aid Beauty Hello FAB Coconut Skin Smoothie Priming Moisturizer 100ml,2021-11-28,5981.8,86
Rafael Mendes,France,Sunday Riley Ice Ceramide Moisturizing Cream 30g,2023-05-13,748.14,193
Pedro Ferreira,Netherlands,Kiehl's Rare Earth Deep Pore Cleansing Masque 100ml,2020-01-20,12684.43,138
Maria Moreira,Spain,Paula's Choice RESIST Anti-Aging Clear Skin Hydrator 250ml,2020-03-08,1081.93,171
Tomás Ribeiro,Canada,Pixi Overnight Glow Serum 15ml,2021-08-29,2238.07,67
Margarida Cardoso,Colombia,Skinceuticals Metacell Renewal B3 75ml,2024-04-15,7557.98,124
Mariana Cruz,France,CeraVe Renewing SA Cream 50ml,2021-05-14,712.62,61
Mariana Neves,Sweden,The Ordinary Hyaluronic Acid 2% + B5 40ml,2020-11-06,2779.6,269
João Mendes,Singapore,Clinique Moisture Surge 100H Auto-Replenishing Hydrator 50ml,2020-03-04,4439.85,59
Laura Costa,Sweden,COSRX Advanced Snail 96 Mucin Power Essence 30g,2024-07-06,1371.33,16
Mariana Martins,Sweden,REN Clean Skincare Overnight Glow Dark Spot Sleeping Cream 125ml,2022-11-06,13056.2,150
Inês Cruz,United States,Tatcha The Rice Polish Foaming Enzyme Powder 340g,2023-11-17,365.79,15
Tomás Ribeiro,India,Tatcha The Eye Concentrate 40ml,2020-02-27,10179.21,114
João Cardoso,Argentina,COSRX Oil-Free Ultra-Moisturizing Lotion 125ml,2022-04-09,26695.82,311
Sofia Carvalho,Spain,CeraVe Skin Renewing Night Cream 75ml,2023-06-02,7777.52,123
Afonso Neves,Thailand,Paula's Choice DEFENSE Antioxidant Pore Purifier 50ml,2022-09-05,4478.86,44
Diogo Ribeiro,Singapore,Neutrogena Hydro Boost Water Gel 150ml,2022-01-09,252.77,43
Leonor Martins,United States,First Aid Beauty Ultra Repair Cream 340g,2022-02-16,5557.01,112
João Nunes,France,Paula's Choice CLINICAL 1% Retinol Treatment 200ml,2021-08-05,3216.58,35
Carolina Vieira,Poland,First Aid Beauty Ultra Repair Firming Collagen Cream 250ml,2020-10-18,20311.41,291
Francisco Mendes,Brazil,Skinceuticals A.G.E. Eye Complex 250ml,2021-04-13,9426.14,340
Laura Fernandes,Spain,The Ordinary Retinol 0.5% in Squalane 100ml,2020-08-01,592.05,12
Dinis Cardoso,Japan,Pixi Skintreats Rose Caviar Eye Cream 60ml,2024-05-15,554.02,33
Diogo Martins,Netherlands,Bioderma Hydrabio Gel-Crème 50ml,2022-08-26,4989.71,63
Tomás Coelho,Philippines,Estée Lauder Advanced Night Repair Serum 30ml,2023-08-16,4136.29,130
Mariana Cruz,Italy,Drunk Elephant F-Balm Electrolyte Waterbalm 60ml,2020-05-02,447.89,39
Sofia Mendes,Spain,COSRX Full Fit Propolis Light Cream 56.7g,2021-02-01,15379.82,139
Martim Rodrigues,Philippines,Murad AHA/BHA Exfoliating Cleanser 75ml,2024-06-07,5945.51,82
Leonor Rodrigues,Netherlands,The Ordinary Glycolic Acid 7% Toning Solution 75ml,2023-11-15,13002.19,123
Catarina Martins,Sweden,Avène Cleanance Expert Emulsion 60ml,2023-10-01,28687.54,251
Clara Cardoso,China,Tatcha The Rice Polish Foaming Enzyme Powder 15ml,2021-02-27,2699.5,69
Afonso Vieira,Japan,REN Clean Skincare Radiance Perfection Serum 75ml,2022-05-20,2193.51,119
Ana Monteiro,India,CeraVe Eye Repair Cream 340g,2020-05-16,5172.99,90
Tomás Almeida,Sweden,Tatcha The Eye Concentrate 40ml,2024-10-21,1007.59,14
Rodrigo Jesus,Italy,Drunk Elephant A-Passioni Retinol Cream 30g,2021-02-25,6456.09,128
Laura Soares,Netherlands,Sunday Riley Ice Ceramide Moisturizing Cream 125ml,2023-11-01,26918.27,343
Joana Teixeira,Netherlands,Neutrogena Hydro Boost Water Gel 150ml,2021-01-20,509.93,90
Afonso Monteiro,Brazil,Olay Regenerist Micro-Sculpting Cream 100ml,2020-12-17,28423.25,308
Inês Cruz,Philippines,Clinique All About Eyes Rich 30ml,2020-05-15,31517.69,282
João Nunes,Argentina,CeraVe Healing Ointment 30g,2024-06-30,3871.09,40
Carolina Vieira,India,Olay Regenerist Micro-Sculpting Cream 200ml,2022-03-10,8130.74,77
Rafael Martins,Thailand,The Ordinary Hyaluronic Acid 2% + B5 150ml,2020-04-24,6426.54,127
Carolina Pereira,Poland,Estée Lauder Re-Nutriv Ultimate Lift Age-Correcting Crème 150ml,2020-06-17,3217.7,42
Tiago Jesus,Chile,CeraVe Eye Repair Cream 150ml,2021-01-08,5698.33,150
Ana Nunes,Argentina,Avène XeraCalm A.D Lipid-Replenishing Cream 30g,2020-10-02,6572.47,104
Tomás Ribeiro,Argentina,COSRX Advanced Snail 92 All in One Cream 15ml,2023-08-18,18040.92,222
Ana Moreira,India,Olay Vitamin C + Peptide 24 Face Moisturizer 20ml,2024-11-23,19867.87,218
Margarida Mendes,Colombia,Clinique Turnaround Overnight Revitalizing Moisturizer 20ml,2020-01-04,1550.73,107
Margarida Silva,Canada,The Ordinary Buffet Multi-Technology Peptide Serum 150ml,2024-03-23,13526.98,428
Afonso Monteiro,South Korea,Clinique Smart Night Custom-Repair Moisturiser 340g,2022-10-26,1359.59,110
Pedro Cruz,Germany,CeraVe Renewing SA Cream 150ml,2023-07-01,3182.63,132
Clara Cardoso,Japan,Clinique All About Eyes Rich 30ml,2022-01-24,963.4,65
Lucas Costa,Poland,Clinique Take The Day Off Cleansing Balm 56.7g,2020-09-13,37255.38,360
Francisco Mendes,Mexico,Avène Cleanance Expert Emulsion 150ml,2024-12-25,5066.73,98
Tomás Ribeiro,Japan,Bioderma Hydrabio Gel-Crème 250ml,2022-12-17,3821.45,119
Guilherme Neves,United States,Murad Oil-Control Mattifier SPF45 200ml,2021-10-10,30171.95,297
Maria Ferreira,United States,The Ordinary Retinol 0.5% in Squalane 60ml,2020-11-26,3214.05,129
Sofia Gomes,United States,Murad Rapid Resurgence Eye Lift 125ml,2023-12-30,1540.1,146
Francisco Jesus,Mexico,Neutrogena Norwegian Formula Face Cream 340g,2020-09-29,5874.05,126
Tomás Almeida,Chile,COSRX Advanced Snail 96 Mucin Power Essence 30ml,2022-01-23,29903.77,439
Margarida Marques,Germany,Bioderma Hydrabio Gel-Crème 200ml,2023-07-07,2411.59,32
Rodrigo Pereira,United Kingdom,Skinceuticals Metacell Renewal B3 340g,2024-04-18,14204.88,129
Tiago Almeida,India,Pixi Hydrating Milky Serum 15ml,2024-11-24,13851.83,118
Sara Fernandes,Spain,Pixi Retinol Tonic 15ml,2023-07-07,11419.58,199
Sofia Carvalho,Poland,First Aid Beauty KP Bump Eraser Body Scrub 200ml,2020-08-23,790.91,32
Miguel Rocha,India,Olay Vitamin C + Peptide 24 Face Moisturizer 30ml,2020-02-24,10287.82,136
João Neves,Indonesia,Bioderma Cicabio Arnica+ Repairing Cream 20ml,2024-11-08,10154.49,93
Martim Silva,France,La Roche-Posay Hyalu B5 Serum 150ml,2020-11-04,5735.51,78
Ana Ferreira,South Korea,Pixi Glow Tonic 150ml,2023-04-06,2717.92,142
Guilherme Neves,Netherlands,Murad Brightening Booster 30g,2020-04-28,2794.02,216
Afonso Martins,India,Drunk Elephant Lala Retro Whipped Cream 75ml,2023-09-04,7259.35,85
Ana Moreira,Japan,Skinceuticals Phyto Corrective Gel 100ml,2023-01-21,472.85,33
Rodrigo Cruz,Chile,Estée Lauder Re-Nutriv Ultimate Lift Age-Correcting Crème 340g,2024-10-27,11212.5,132
Rafael Pereira,United States,Sunday Riley Luna Sleeping Night Oil 125ml,2022-02-13,4512.53,50
Rafael Martins,Mexico,Olay Super Serum 5-in-1 150ml,2020-04-11,326.87,56
Margarida Oliveira,Chile,CeraVe AM Facial Moisturising Lotion SPF25 20ml,2022-04-28,13625.78,114
Carolina Jesus,Philippines,Murad Vita-C Glycolic Brightening Serum 30ml,2022-07-26,11466.68,124
Clara Gomes,France,Kiehl's Calendula Serum-Infused Water Cream 56.7g,2024-07-23,6814.9,72
Mariana Soares,Argentina,Neutrogena Cellular Boost Concentrate Serum 50ml,2021-05-13,1426.67,14
Matilde Moreira,China,CeraVe AM Facial Moisturising Lotion SPF25 20ml,2021-09-15,2151.85,29
Pedro Santos,Brazil,REN Clean Skincare Overnight Glow Dark Spot Sleeping Cream 50ml,2024-11-16,2410.93,208
Margarida Silva,Sweden,Pixi Skintreats Rose Caviar Eye Cream 200ml,2020-12-03,312.43,16
Sofia Nunes,Brazil,Paula's Choice BOOST 10% Niacinamide Booster 30ml,2021-09-26,4402.89,90
Afonso Rocha,Indonesia,COSRX AHA/BHA Clarifying Treatment Toner 60ml,2020-10-01,7491.55,65
Laura Soares,France,First Aid Beauty Hello FAB Coconut Skin Smoothie Priming Moisturizer 30g,2022-05-29,9849.54,111
Gonçalo Coelho,France,Murad Cellular Hydration Barrier Repair Cream 150ml,2021-10-09,8822.22,99
Margarida Marques,Canada,Neutrogena Hydro Boost Water Gel 200ml,2022-11-29,7076.09,64
Dinis Monteiro,France,REN Clean Skincare Evercalm Global Protection Day Cream 150ml,2024-01-22,17244.28,193
Mariana Soares,Sweden,Murad Hydro-Dynamic Ultimate Moisture 56.7g,2021-09-07,1347.25,86
Afonso Jesus,France,Tatcha The Dewy Skin Cream 150ml,2020-01-19,625.29,58
Clara Gomes,China,Olay Super Serum 5-in-1 40ml,2021-10-22,17373.73,282
Mariana Teixeira,Mexico,Olay Retinol24 Night Moisturizer 15ml,2020-05-03,6474.74,116
Carolina Marques,India,La Roche-Posay Anthelios Invisible Fluid SPF50+ 250ml,2023-09-10,2287.96,59
Rodrigo Coelho,Germany,Clinique Dramatically Different Moisturising Lotion+ 30g,2022-01-07,155.04,26
Mariana Martins,Poland,Kiehl's Creamy Eye Treatment with Avocado 340g,2022-02-02,12515.26,105
Joana Fernandes,Germany,Bioderma Sebium Pore Refiner 340g,2023-12-10,8283.63,114
Afonso Monteiro,United States,Kiehl's Clearly Corrective Dark Spot Solution 150ml,2020-08-09,589.75,42
Clara Mendes,China,Pixi Vitamin-C Juice Cleanser 150ml,2021-03-28,3102.44,78
Lucas Santos,Germany,Drunk Elephant Lala Retro Whipped Cream 60ml,2021-08-11,3489.45,72
Sara Almeida,South Korea,Bioderma Hydrabio Gel-Crème 30g,2021-03-17,1473.71,75
Beatriz Cardoso,Brazil,Avène Retrinal+ 0.1 Intensive Cream 150ml,2021-05-10,14878.15,289
João Nunes,South Korea,Avène XeraCalm A.D Lipid-Replenishing Cream 75ml,2024-09-07,3310.6,37
Diogo Ribeiro,Chile,Avène PhysioLift Night Smoothing Balm 125ml,2021-09-17,4266.15,175
Guilherme Costa,Sweden,Bioderma Sebium Pore Refiner 100ml,2023-06-29,10682.74,140
Francisco Almeida,Sweden,Clinique All About Eyes Rich 40ml,2021-07-31,7739.44,87
Francisco Fernandes,South Korea,CeraVe AM Facial Moisturising Lotion SPF25 15ml,2020-10-12,17660.29,148
Afonso Jesus,Mexico,Drunk Elephant B-Hydra Intensive Hydration Serum 250ml,2021-05-19,2368.73,95
Francisco Almeida,Chile,REN Clean Skincare Evercalm Global Protection Day Cream 125ml,2022-08-02,4323.82,344
Guilherme Neves,Colombia,First Aid Beauty Eye Duty Triple Remedy AM Gel Cream 15ml,2021-01-27,5470.11,75
Francisco Almeida,Indonesia,CeraVe Hydrating Cleanser 15ml,2022-06-21,3883.87,161
Pedro Cruz,Thailand,Olay Regenerist Collagen Peptide24 Serum 56.7g,2023-06-30,513.36,125
Ana Nunes,Japan,Avène Eau Thermale Spray 250ml,2024-02-29,4459.4,82
Pedro Sousa,China,Bioderma Cicabio Arnica+ Repairing Cream 20ml,2022-09-06,1098.69,132
Afonso Jesus,Sweden,First Aid Beauty FAB Skin Lab Resurfacing Liquid 10% AHA 100ml,2023-05-26,5913.57,258
Clara Ferreira,Sweden,Murad Cellular Hydration Barrier Repair Cream 30g,2023-01-19,9375.25,107
Sofia Martins,France,Pixi Overnight Glow Serum 30g,2022-03-23,7181.32,150
Mariana Cruz,Canada,Olay Regenerist Micro-Sculpting Cream 30g,2024-04-28,3078.63,39
Rodrigo Coelho,Chile,Paula's Choice EARTH SOURCED Antioxidant-Enriched Natural Moisturizer 50ml,2023-03-08,9047.19,118
Sara Almeida,Indonesia,Clinique All About Eyes Rich 250ml,2021-12-12,4475.09,143
João Martins,Brazil,La Roche-Posay Toleriane Double Repair Moisturiser 56.7g,2023-01-29,517.6,83
João Martins,South Korea,Tatcha The Dewy Skin Cream 150ml,2024-12-23,272.95,44
Diogo Cardoso,Japan,Clinique Moisture Surge 100H Auto-Replenishing Hydrator 75ml,2023-12-30,1696.77,62
Tiago Jesus,China,Estée Lauder Micro Essence Skin Activating Treatment Lotion 340g,2024-02-13,3444.59,101
Sofia Nunes,Germany,Drunk Elephant Virgin Marula Luxury Face Oil 250ml,2024-04-01,12379.28,500
Rodrigo Soares,Brazil,Skinceuticals Physical Fusion UV Defense SPF 50 150ml,2021-01-25,3171.5,28
Tiago Gomes,Spain,Estée Lauder Resilience Lift Firming & Sculpting Eye Cream 30g,2021-07-14,10493.9,98
Afonso Oliveira,Germany,Olay Eyes Ultimate Eye Cream 60ml,2020-08-09,6498.08,147
Tomás Neves,Mexico,Avène Antirougeurs Jour Redness Relief Cream 30g,2024-07-03,3968.8,146
Martim Marques,Indonesia,Clinique Dramatically Different Moisturising Lotion+ 40ml,2024-05-12,15333.7,144
Afonso Sousa,Philippines,CeraVe Renewing SA Cream 340g,2023-05-02,2211.97,45
Sara Fernandes,France,Murad Vita-C Glycolic Brightening Serum 20ml,2022-11-26,890.36,63
Rafael Pereira,South Korea,First Aid Beauty Ultra Repair Cream 150ml,2021-10-30,2348.5,113
Afonso Neves,Brazil,Olay Regenerist Micro-Sculpting Cream 20ml,2022-03-05,11931.96,333
Pedro Ferreira,Chile,Avène Retrinal+ 0.1 Intensive Cream 150ml,2024-08-13,6552.99,83
Laura Carvalho,Singapore,First Aid Beauty Ultra Repair Firming Collagen Cream 30ml,2020-03-03,13052.79,248
Sofia Carvalho,Chile,La Roche-Posay Cicaplast Baume B5 100ml,2021-06-27,1236.7,11
Pedro Sousa,United States,Paula's Choice CLINICAL 1% Retinol Treatment 50ml,2022-03-04,12748.53,133
Francisco Vieira,United Kingdom,Estée Lauder Micro Essence Skin Activating Treatment Lotion 250ml,2024-04-08,3429.73,32
Diogo Cardoso,Singapore,Drunk Elephant C-Firma Fresh Day Serum 60ml,2020-04-15,10214.13,100
Afonso Martins,Spain,La Roche-Posay Hyalu B5 Serum 30ml,2020-05-27,1688.2,119
Rafael Martins,United Kingdom,Skinceuticals B5 Gel Hydrating Serum 75ml,2022-01-12,10819.09,116
Catarina Jesus,South Korea,Avène Cleanance Expert Emulsion 75ml,2023-09-15,19876.93,355
Sofia Carvalho,Italy,First Aid Beauty Eye Duty Triple Remedy AM Gel Cream 15ml,2021-11-30,8472.37,201
Leonor Martins,United States,Neutrogena Rapid Wrinkle Repair Retinol Cream 200ml,2023-09-14,2303.65,228
Carolina Silva,Philippines,CeraVe PM Facial Moisturising Lotion 125ml,2023-07-18,1555.13,50
Laura Soares,Thailand,Murad AHA/BHA Exfoliating Cleanser 20ml,2021-12-03,24539.38,235
Tomás Rodrigues,Spain,Bioderma Nodé Detox Shampoo 60ml,2024-06-14,562.33,21
Diogo Oliveira,Canada,REN Clean Skincare Vita Mineral Active 7 Eye Gel 100ml,2021-11-11,43547.39,389
Afonso Martins,Spain,The Ordinary Niacinamide 10% + Zinc 1% 200ml,2021-02-06,206.13,30
Dinis Pereira,Singapore,CeraVe AM Facial Moisturising Lotion SPF25 30ml,2024-09-05,8064.26,119
Mariana Soares,Germany,Estée Lauder DayWear Multi-Protection Anti-Oxidant 24H Moisturizer SPF15 30ml,2021-12-01,5870.08,69
Sofia Carvalho,Sweden,Pixi Skintreats Rose Caviar Eye Cream 75ml,2021-06-05,4628.62,80
Clara Ferreira,Brazil,Drunk Elephant A-Passioni Retinol Cream 125ml,2021-03-26,9413.53,106
Catarina Correia,United Kingdom,Pixi Skintreats Rose Caviar Eye Cream 20ml,2024-04-13,2032.74,23
Pedro Ferreira,Colombia,Skinceuticals Phyto Corrective Gel 15ml,2022-10-26,1484.32,22
Inês Cruz,Canada,Drunk Elephant Lala Retro Whipped Cream 15ml,2021-05-25,5201.53,89
Catarina Jesus,Chile,Clinique Turnaround Overnight Revitalizing Moisturizer 50ml,2020-11-27,4950.11,60
Beatriz Cardoso,Spain,Olay Total Effects 7-in-1 Moisturiser 340g,2022-01-13,940.28,142
Rafael Martins,Italy,CeraVe Moisturising Cream 15ml,2024-06-08,609.48,37
Joana Fernandes,Colombia,Sunday Riley Saturn Sulfur Acne Treatment Mask 30g,2021-02-14,14872.29,135
Lucas Santos,Germany,Avène Retrinal+ 0.1 Intensive Cream 50ml,2023-08-23,4059.47,83
Ana Moreira,Brazil,Neutrogena Norwegian Formula Face Cream 150ml,2021-02-26,7401.51,214
Laura Pereira,Argentina,Pixi Retinol Tonic 40ml,2023-02-23,10793.15,139
Matilde Cruz,Philippines,REN Clean Skincare Vita Mineral Active 7 Eye Gel 250ml,2020-11-21,850.09,141
Mariana Neves,Argentina,Drunk Elephant Protini Polypeptide Cream 200ml,2020-08-27,3829.51,109
Joana Costa,France,Bioderma Sensibio Light Soothing Cream 100ml,2022-09-09,30502.48,327
Mariana Soares,Brazil,Murad Rapid Resurgence Eye Lift 40ml,2024-12-30,3293.9,46
Ana Vieira,Brazil,First Aid Beauty FAB Skin Lab Resurfacing Liquid 10% AHA 75ml,2022-08-06,13649.33,376
Afonso Monteiro,Canada,Avène Retrinal+ 0.1 Intensive Cream 15ml,2022-09-12,4576.0,134
Laura Pereira,Indonesia,Tatcha The Eye Concentrate 30ml,2020-07-26,5232.27,121
Pedro Ferreira,Indonesia,Clinique Moisture Surge 100H Auto-Replenishing Hydrator 250ml,2020-03-08,1280.14,11
Tomás Martins,Philippines,Neutrogena Cellular Boost Concentrate Serum 150ml,2021-05-18,57639.7,586
Afonso Monteiro,Brazil,Neutrogena Ultra Sheer Dry-Touch Sunscreen SPF 50+ 50ml,2020-10-06,3508.49,133
Margarida Silva,Brazil,Tatcha The Clarifying Clay Mask 15ml,2023-03-07,2161.95,135
Martim Rodrigues,Netherlands,CeraVe PM Facial Moisturising Lotion 30ml,2020-01-30,1138.93,100
Rafael Pereira,Chile,Paula's Choice SKIN RECOVERY Replenishing Moisturizer 75ml,2024-07-09,5946.94,248
Mariana Cruz,Spain,REN Clean Skincare V-Cense Revitalising Eye Cream 60ml,2022-11-06,7424.58,101
Laura Soares,Indonesia,Olay Eyes Ultimate Eye Cream 340g,2024-12-24,10305.97,107
Afonso Sousa,Indonesia,COSRX Full Fit Propolis Light Cream 100ml,2023-01-07,787.47,10
Tiago Gomes,Japan,COSRX Advanced Snail 92 All in One Cream 340g,2020-11-30,6159.89,123
Martim Cardoso,Argentina,The Ordinary AHA 30% + BHA 2% Peeling Solution 56.7g,2023-10-10,1200.77,362
Leonor Coelho,Canada,First Aid Beauty Ultra Repair Cream 20ml,2023-11-25,6595.43,60
Tomás Neves,Indonesia,Neutrogena Hydro Boost Water Gel 100ml,2023-12-10,771.41,103
Inês Nunes,Netherlands,Bioderma Sebium Pore Refiner 150ml,2020-09-17,3031.34,95
Mariana Soares,Indonesia,Neutrogena Bright Boost Gel Cream 60ml,2020-05-24,11229.35,147
Matilde Moreira,Colombia,Tatcha The Rice Polish Foaming Enzyme Powder 15ml,2022-01-29,4036.34,99
Inês Cardoso,India,The Ordinary Retinol 0.5% in Squalane 125ml,2022-04-22,4480.62,138
Rodrigo Soares,India,Neutrogena Ultra Sheer Dry-Touch Sunscreen SPF 50+ 56.7g,2020-12-14,2349.57,37
Miguel Ferreira,Indonesia,La Roche-Posay Toleriane Hydrating Gentle Cleanser 15ml,2022-05-15,4391.51,44
Lucas Ribeiro,Sweden,Drunk Elephant C-Firma Fresh Day Serum 20ml,2020-10-30,899.38,17
João Mendes,Philippines,La Roche-Posay Effaclar Mat Moisturiser 75ml,2023-11-13,1836.93,18
Diogo Ribeiro,Brazil,Neutrogena Rapid Wrinkle Repair Retinol Cream 150ml,2022-09-10,17742.47,230
Carolina Silva,Chile,La Roche-Posay Cicaplast Baume B5 30g,2023-09-24,3941.2,102
Mariana Soares,Germany,CeraVe Eye Repair Cream 100ml,2022-01-17,10176.6,128
Rodrigo Pinto,United Kingdom,Clinique Turnaround Overnight Revitalizing Moisturizer 30ml,2020-07-29,1328.52,38
Rafael Pereira,Netherlands,Sunday Riley UFO Ultra-Clarifying Face Oil 50ml,2020-05-09,1759.65,344
Rodrigo Soares,Brazil,La Roche-Posay Effaclar Mat Moisturiser 200ml,2022-07-20,3862.16,66
João Mendes,Poland,First Aid Beauty Hello FAB Coconut Skin Smoothie Priming Moisturizer 125ml,2021-09-08,3720.94,52
Carolina Jesus,Germany,Neutrogena Hydro Boost Eye Gel-Cream 75ml,2020-01-31,3696.72,209
Gonçalo Fernandes,South Korea,Skinceuticals Discoloration Defense Serum 30ml,2023-07-17,24181.06,479
Ana Moreira,United States,Olay Retinol24 Night Moisturizer 125ml,2024-12-18,11978.55,154
Leonor Pinto,United States,Paula's Choice SKIN RECOVERY Replenishing Moisturizer 30ml,2022-02-17,7882.27,78
Inês Nunes,Spain,Kiehl's Rare Earth Deep Pore Cleansing Masque 75ml,2021-08-27,518.75,11
Tiago Jesus,Philippines,CeraVe Healing Ointment 150ml,2022-01-30,7350.66,98
Ana Vieira,United States,COSRX Advanced Snail 96 Mucin Power Essence 20ml,2023-04-04,7089.61,59
Rodrigo Jesus,Argentina,Neutrogena Bright Boost Gel Cream 150ml,2024-04-03,8208.18,83
Afonso Pereira,Singapore,REN Clean Skincare Evercalm Global Protection Day Cream 56.7g,2020-12-25,2979.82,116
Clara Ferreira,Poland,The Ordinary Hyaluronic Acid 2% + B5 30ml,2022-08-30,4552.59,76
Afonso Sousa,United Kingdom,Clinique Moisture Surge 100H Auto-Replenishing Hydrator 250ml,2021-07-04,2182.71,32
Clara Cardoso,Italy,Sunday Riley Ice Ceramide Moisturizing Cream 30ml,2020-08-15,17040.05,176
Afonso Sousa,South Korea,The Ordinary Salicylic Acid 2% Solution 125ml,2021-09-04,5744.55,61
Sara Cruz,France,Neutrogena Hydro Boost Eye Gel-Cream 60ml,2021-10-15,8070.65,111
Tiago Jesus,Thailand,Drunk Elephant T.L.C. Framboos Glycolic Night Serum 30ml,2022-05-15,7030.12,65
Joana Fernandes,Spain,COSRX Full Fit Propolis Light Cream 50ml,2021-04-22,1093.75,47
Tomás Ribeiro,Argentina,COSRX AHA/BHA Clarifying Treatment Toner 150ml,2024-03-01,3179.37,46
Miguel Ferreira,Argentina,Olay Regenerist Micro-Sculpting Cream 30g,2021-02-04,2142.27,47
Clara Ferreira,Sweden,Murad Vita-C Glycolic Brightening Serum 250ml,2021-04-01,2346.54,51
João Mendes,Japan,Avène Cicalfate+ Restorative Protective Cream 15ml,2021-01-16,713.57,18
Diogo Rocha,Sweden,Avène Retrinal+ 0.1 Intensive Cream 50ml,2021-02-01,8816.77,107
Rodrigo Jesus,Brazil,Olay Super Serum 5-in-1 56.7g,2024-06-27,35391.36,360
Afonso Monteiro,United States,La Roche-Posay Effaclar Mat Moisturiser 125ml,2023-07-21,3757.21,48
Gonçalo Fernandes,Brazil,Olay Regenerist Micro-Sculpting Cream 40ml,2023-12-29,1826.2,26
Maria Coelho,South Korea,Drunk Elephant Lala Retro Whipped Cream 200ml,2022-08-24,3815.22,80
Diogo Cardoso,Italy,Olay Vitamin C + Peptide 24 Face Moisturizer 340g,2022-11-24,2550.36,120
Maria Fernandes,Poland,Estée Lauder DayWear Multi-Protection Anti-Oxidant 24H Moisturizer SPF15 20ml,2022-07-13,821.98,83
Martim Teixeira,South Korea,La Roche-Posay Effaclar Mat Moisturiser 56.7g,2020-07-31,2598.01,25
Maria Correia,United States,Drunk Elephant Virgin Marula Luxury Face Oil 250ml,2022-10-20,7930.31,205
Mariana Soares,Argentina,Paula's Choice CALM Redness Relief Moisturizer SPF 30 15ml,2024-10-03,8238.6,86
João Neves,Mexico,CeraVe Eye Repair Cream 56.7g,2020-06-09,5065.44,111
Mariana Cruz,Brazil,CeraVe AM Facial Moisturising Lotion SPF25 60ml,2024-09-10,1797.44,97
Maria Correia,Indonesia,Drunk Elephant F-Balm Electrolyte Waterbalm 30ml,2020-12-11,11934.78,186
Laura Carvalho,Singapore,COSRX AHA/BHA Clarifying Treatment Toner 56.7g,2024-08-24,12266.91,168
Francisco Coelho,United States,Pixi Retinol Tonic 125ml,2023-02-28,22843.46,269
Dinis Ferreira,Philippines,Kiehl's Ultra Facial Cream 30g,2023-08-02,768.38,54
Mariana Soares,South Korea,Drunk Elephant B-Hydra Intensive Hydration Serum 100ml,2024-06-04,4157.92,92
Leonor Marques,Sweden,CeraVe Renewing SA Cream 15ml,2024-12-15,1805.02,56
Afonso Rocha,Mexico,La Roche-Posay Hyalu B5 Serum 250ml,2022-09-27,300.87,58
Martim Marques,Chile,Tatcha The Dewy Skin Cream 200ml,2024-05-31,21162.61,385
Laura Carvalho,Brazil,REN Clean Skincare Perfect Canvas Clean Primer 340g,2020-05-30,27276.06,347
Martim Rodrigues,India,The Ordinary Niacinamide 10% + Zinc 1% 15ml,2021-09-07,7232.32,100
Lucas Coelho,Singapore,Pixi +C VIT Brightening Serum 100ml,2023-01-28,24454.99,338
Joana Teixeira,Japan,Clinique Moisture Surge 100H Auto-Replenishing Hydrator 40ml,2020-01-14,2542.34,42
João Cardoso,Japan,Olay Eyes Ultimate Eye Cream 15ml,2022-08-08,5941.86,148
Martim Teixeira,Spain,Estée Lauder DayWear Multi-Protection Anti-Oxidant 24H Moisturizer SPF15 30ml,2024-12-17,3793.51,112
Sara Almeida,Thailand,Olay Total Effects 7-in-1 Moisturiser 56.7g,2023-05-29,19955.36,190
Pedro Sousa,France,Tatcha The Eye Concentrate 150ml,2024-01-25,4195.68,86
Gonçalo Ribeiro,France,Skinceuticals B5 Gel Hydrating Serum 200ml,2022-04-06,2283.33,25
Margarida Silva,Japan,Drunk Elephant F-Balm Electrolyte Waterbalm 60ml,2020-05-15,9864.9,109
Rodrigo Cruz,Spain,Murad Cellular Hydration Barrier Repair Cream 100ml,2020-05-27,394.63,65
Sara Fernandes,Brazil,Skinceuticals Discoloration Defense Serum 50ml,2024-05-05,2707.51,26
Laura Ribeiro,Netherlands,La Roche-Posay Lipikar Balm AP+ 125ml,2020-06-09,6503.01,63
Tomás Ribeiro,Brazil,Murad Hydro-Dynamic Ultimate Moisture 40ml,2022-05-23,16125.48,195
Maria Coelho,Argentina,COSRX AHA/BHA Clarifying Treatment Toner 15ml,2024-04-29,1895.24,42
Afonso Vieira,Netherlands,Olay Super Serum 5-in-1 20ml,2022-12-07,1563.94,46
Margarida Silva,Colombia,REN Clean Skincare Evercalm Global Protection Day Cream 15ml,2020-04-12,4045.62,50
Rodrigo Coelho,South Korea,First Aid Beauty Ultra Repair Cream 15ml,2021-03-17,3041.12,91
Diogo Ribeiro,Netherlands,Estée Lauder Re-Nutriv Ultimate Lift Age-Correcting Crème 60ml,2024-01-26,5653.91,329
João Mendes,Netherlands,Drunk Elephant B-Hydra Intensive Hydration Serum 340g,2023-04-11,7802.37,117
Inês Ferreira,Argentina,REN Clean Skincare Vita Mineral Active 7 Eye Gel 250ml,2021-01-06,7621.1,80
Inês Cardoso,Argentina,The Ordinary Buffet Multi-Technology Peptide Serum 250ml,2021-11-27,1198.56,330
Afonso Martins,Indonesia,The Ordinary Natural Moisturising Factors + HA 75ml,2022-08-10,1124.86,48
Afonso Sousa,Netherlands,Kiehl's Calendula Serum-Infused Water Cream 125ml,2020-12-13,6248.1,61
Pedro Ferreira,Poland,The Ordinary AHA 30% + BHA 2% Peeling Solution 340g,2020-08-11,2836.95,114
Matilde Carvalho,Canada,Sunday Riley Ice Ceramide Moisturizing Cream 60ml,2024-04-04,10402.62,258
Francisco Mendes,India,First Aid Beauty Ultra Repair Tinted Moisturizer SPF 30 20ml,2024-06-21,1007.79,145
Joana Fernandes,China,Pixi +C VIT Brightening Serum 50ml,2024-09-29,10867.81,141
Martim Rodrigues,Brazil,La Roche-Posay Toleriane Hydrating Gentle Cleanser 56.7g,2022-05-04,8318.37,125
Francisco Vieira,Italy,Clinique Turnaround Overnight Revitalizing Moisturizer 30ml,2024-01-01,33407.17,358
Diogo Oliveira,Colombia,Avène XeraCalm A.D Lipid-Replenishing Cream 60ml,2021-04-22,1411.56,36
Dinis Monteiro,Mexico,Avène Cicalfate+ Restorative Protective Cream 50ml,2023-12-28,7131.52,180
Joana Teixeira,Germany,Clinique Even Better Clinical Radical Dark Spot Corrector 40ml,2020-01-21,3555.37,142
Dinis Carvalho,China,Avène XeraCalm A.D Lipid-Replenishing Cream 150ml,2020-04-12,14037.44,145
Clara Gomes,Germany,Neutrogena Norwegian Formula Face Cream 30g,2021-10-24,2501.92,21
Afonso Martins,Indonesia,REN Clean Skincare Overnight Glow Dark Spot Sleeping Cream 75ml,2023-01-09,7299.98,138
Sara Almeida,United Kingdom,Estée Lauder Nutritious Super-Pomegranate Radiant Energy Eye Jelly 40ml,2020-12-07,4927.44,252
Tiago Jesus,Brazil,Kiehl's Midnight Recovery Concentrate 150ml,2024-12-04,1815.16,45
Sara Mendes,Poland,La Roche-Posay Toleriane Double Repair Moisturiser 56.7g,2024-06-02,3217.62,31
Matilde Moreira,Argentina,Skinceuticals B5 Gel Hydrating Serum 40ml,2020-06-29,3871.25,189
Ana Nunes,United Kingdom,Murad Oil-Control Mattifier SPF45 75ml,2021-11-30,4264.26,45
Lucas Costa,Poland,CeraVe Eye Repair Cream 250ml,2023-01-28,1304.58,109
Dinis Cardoso,Philippines,Estée Lauder Nutritious Super-Pomegranate Radiant Energy Eye Jelly 60ml,2021-07-07,9439.4,114
Afonso Rocha,China,The Ordinary Buffet Multi-Technology Peptide Serum 20ml,2021-12-14,1226.68,48
Rodrigo Pereira,Argentina,Drunk Elephant F-Balm Electrolyte Waterbalm 60ml,2021-09-20,19379.45,262
João Nunes,Chile,Pixi Overnight Glow Serum 30ml,2024-08-02,5235.74,100
Afonso Almeida,China,Olay Regenerist Micro-Sculpting Cream 75ml,2021-05-31,17393.71,315
Afonso Vieira,Brazil,Neutrogena Hydro Boost Eye Gel-Cream 20ml,2023-04-01,3539.82,35
Mariana Cruz,Japan,Neutrogena Cellular Boost Concentrate Serum 125ml,2021-12-03,3754.67,41
Ana Nunes,Chile,Kiehl's Rare Earth Deep Pore Cleansing Masque 100ml,2020-11-15,4606.04,55
Joana Costa,Singapore,Paula's Choice SKIN PERFECTING 2% BHA Liquid Exfoliant 30ml,2021-11-09,10798.48,146
Martim Marques,Colombia,Pixi Vitamin-C Juice Cleanser 60ml,2021-07-26,10081.23,115
Dinis Cardoso,Chile,Kiehl's Powerful-Strength Line-Reducing Concentrate 250ml,2023-06-13,4564.27,69
Matilde Moreira,Germany,First Aid Beauty Eye Duty Triple Remedy AM Gel Cream 30ml,2020-11-16,562.66,28
Laura Ribeiro,Sweden,The Ordinary AHA 30% + BHA 2% Peeling Solution 200ml,2022-03-13,864.47,41
Joana Santos,China,Estée Lauder Perfectly Clean Multi-Action Foam Cleanser 20ml,2022-04-23,3674.29,72
Margarida Cardoso,Japan,Avène Cicalfate+ Restorative Protective Cream 15ml,2020-01-29,10495.66,137
Rodrigo Moreira,Canada,Pixi Skintreats Rose Caviar Eye Cream 200ml,2022-02-20,3332.45,140
Rafael Pereira,United States,COSRX AC Collection Lightweight Soothing Moisturizer 40ml,2022-09-19,8782.44,125
Lucas Costa,Singapore,Estée Lauder Advanced Night Repair Serum 250ml,2024-09-29,1778.77,45
Margarida Mendes,Canada,First Aid Beauty Eye Duty Triple Remedy AM Gel Cream 56.7g,2021-08-20,2062.62,49
Tiago Carvalho,India,Neutrogena Cellular Boost Concentrate Serum 15ml,2020-02-28,11692.45,107
Pedro Santos,United Kingdom,Kiehl's Powerful-Strength Line-Reducing Concentrate 340g,2020-02-02,4498.93,94
Carolina Vieira,United States,Drunk Elephant F-Balm Electrolyte Waterbalm 40ml,2022-05-14,656.5,106
João Mendes,Poland,Avène Antirougeurs Jour Redness Relief Cream 75ml,2020-02-10,4750.4,134
Margarida Mendes,United States,Kiehl's Midnight Recovery Concentrate 56.7g,2022-03-08,3590.55,275
Dinis Carvalho,India,Kiehl's Rare Earth Deep Pore Cleansing Masque 100ml,2023-09-19,10237.22,124
Clara Cardoso,South Korea,REN Clean Skincare Clean Screen Mineral SPF30 56.7g,2022-04-15,9467.88,113
Miguel Rocha,Netherlands,Kiehl's Midnight Recovery Concentrate 125ml,2023-08-11,1247.71,34
João Nunes,France,First Aid Beauty FAB Skin Lab Resurfacing Liquid 10% AHA 15ml,2022-08-30,10615.82,333
Clara Gomes,Netherlands,Pixi Vitamin-C Juice Cleanser 250ml,2020-06-28,2577.79,40
Ana Monteiro,Brazil,Skinceuticals Discoloration Defense Serum 100ml,2023-03-06,4051.88,96
Rafael Pereira,South Korea,Skinceuticals A.G.E. Eye Complex 30g,2020-03-11,1551.6,65
Lucas Ribeiro,Chile,Estée Lauder Advanced Night Repair Serum 20ml,2020-03-31,883.11,31
Martim Marques,Japan,Sunday Riley Ice Ceramide Moisturizing Cream 150ml,2020-04-04,3046.3,41
Rafael Pereira,Poland,REN Clean Skincare Perfect Canvas Clean Primer 340g,2020-02-01,1596.74,34
Francisco Vieira,India,Paula's Choice EARTH SOURCED Antioxidant-Enriched Natural Moisturizer 125ml,2023-06-15,11032.37,98
Laura Pereira,Poland,REN Clean Skincare Evercalm Global Protection Day Cream 100ml,2023-10-23,1760.77,20
Rafael Pereira,South Korea,Drunk Elephant B-Hydra Intensive Hydration Serum 60ml,2021-05-16,6285.57,114
Catarina Correia,Canada,Avène Cleanance Expert Emulsion 75ml,2022-05-25,1051.34,16
Miguel Martins,India,REN Clean Skincare Radiance Perfection Serum 50ml,2021-08-14,1703.32,23
Afonso Pereira,China,Estée Lauder Resilience Lift Firming & Sculpting Eye Cream 340g,2023-08-10,560.8,23
Maria Moreira,Japan,First Aid Beauty Ultra Repair Cream 250ml,2024-06-03,2053.85,115
Diogo Rocha,Colombia,Avène Cicalfate+ Restorative Protective Cream 100ml,2022-10-08,38622.92,385
Martim Ferreira,Poland,Pixi Skintreats Rose Caviar Eye Cream 100ml,2023-01-11,5418.32,89
Francisco Mendes,Indonesia,Sunday Riley Luna Sleeping Night Oil 40ml,2020-12-30,7544.41,62
João Nunes,Colombia,COSRX AC Collection Lightweight Soothing Moisturizer 56.7g,2023-02-20,6208.89,74
Joana Costa,Italy,Neutrogena Rapid Wrinkle Repair Retinol Cream 15ml,2020-11-08,10497.63,114
Matilde Carvalho,Mexico,Pixi Skintreats Rose Caviar Eye Cream 15ml,2022-06-17,21680.38,201
Rodrigo Jesus,Poland,Olay Luminous Whip Face Moisturiser 30g,2022-07-29,4392.78,84
Rodrigo Coelho,Poland,REN Clean Skincare Vita Mineral Active 7 Eye Gel 20ml,2024-07-21,2531.5,98
Afonso Vieira,Philippines,Bioderma Hydrabio Gel-Crème 50ml,2023-07-16,1140.5,20
Beatriz Cardoso,Netherlands,Clinique Take The Day Off Cleansing Balm 200ml,2020-11-28,9844.33,113
Lucas Costa,Netherlands,Sunday Riley C.E.O. 15% Vitamin C Brightening Serum 340g,2023-11-29,11747.6,133
Joana Oliveira,Brazil,COSRX Full Fit Propolis Light Cream 250ml,2021-10-24,765.69,42
Mariana Martins,Chile,Paula's Choice CLINICAL 1% Retinol Treatment 200ml,2024-01-23,30270.67,278
Gonçalo Fernandes,Thailand,CeraVe Skin Renewing Night Cream 30ml,2022-12-02,6224.35,124
Tomás Martins,United States,Kiehl's Clearly Corrective Dark Spot Solution 75ml,2021-09-08,1799.99,24
Margarida Marques,Chile,Neutrogena Ultra Sheer Dry-Touch Sunscreen SPF 50+ 150ml,2022-11-04,9125.84,367
João Nunes,Thailand,Paula's Choice RESIST Anti-Aging Clear Skin Hydrator 200ml,2022-07-06,1540.78,40
Joana Santos,Colombia,Skinceuticals Physical Fusion UV Defense SPF 50 200ml,2024-08-23,4814.99,75
Francisco Fernandes,Italy,Avène Hydrance Rich Rehydrating Cream 60ml,2020-05-15,14782.1,138
Afonso Oliveira,South Korea,Sunday Riley Saturn Sulfur Acne Treatment Mask 340g,2021-08-08,1909.07,71
Rafael Martins,Singapore,Avène XeraCalm A.D Lipid-Replenishing Cream 150ml,2020-07-12,10230.27,118
Diogo Neves,Poland,Olay Regenerist Collagen Peptide24 Serum 20ml,2020-01-25,4652.2,133
Inês Cruz,Brazil,La Roche-Posay Lipikar Balm AP+ 20ml,2022-05-08,5208.63,95
Leonor Rodrigues,India,Bioderma Sensibio Light Soothing Cream 30g,2021-01-18,2113.29,144
Afonso Monteiro,India,Pixi Skintreats Rose Caviar Eye Cream 20ml,2024-01-21,2477.25,103
Pedro Ferreira,Sweden,Kiehl's Rare Earth Deep Pore Cleansing Masque 20ml,2022-04-21,3059.51,40
Diogo Rocha,Germany,Paula's Choice BOOST 10% Niacinamide Booster 15ml,2022-05-29,6215.87,145
Diogo Neves,Germany,Neutrogena Cellular Boost Concentrate Serum 20ml,2020-04-03,28490.98,269
Gonçalo Almeida,United States,REN Clean Skincare V-Cense Revitalising Eye Cream 200ml,2020-04-28,8994.0,128
Ana Teixeira,United States,First Aid Beauty Ultra Repair Cream 100ml,2022-03-20,900.87,21
Tiago Cardoso,United States,First Aid Beauty Eye Duty Triple Remedy AM Gel Cream 15ml,2023-06-02,7399.98,61
Joana Santos,Brazil,First Aid Beauty Pure Skin Face Cleanser 150ml,2024-11-25,3217.72,30
Tiago Gomes,Thailand,First Aid Beauty Pure Skin Face Cleanser 150ml,2021-07-09,384.62,16
Beatriz Jesus,United States,COSRX Advanced Snail 92 All in One Cream 30ml,2022-01-22,4378.59,63
Diogo Ribeiro,United States,Pixi Glow Tonic 100ml,2024-08-10,10099.09,138
Ana Ferreira,United States,Skinceuticals C E Ferulic Serum 15ml,2023-11-04,7890.19,94
Guilherme Costa,India,Drunk Elephant C-Firma Fresh Day Serum 75ml,2023-12-10,2534.14,110
Mariana Neves,Germany,Sunday Riley Tidal Brightening Enzyme Water Cream 60ml,2022-03-04,11910.19,127
Maria Correia,Colombia,First Aid Beauty Ultra Repair Tinted Moisturizer SPF 30 340g,2021-06-15,20425.4,373
João Cardoso,South Korea,Olay Eyes Ultimate Eye Cream 150ml,2021-10-20,29569.2,267
Sara Almeida,France,Estée Lauder Micro Essence Skin Activating Treatment Lotion 75ml,2022-06-06,24901.16,270
Tomás Rodrigues,Germany,Paula's Choice RESIST Anti-Aging Clear Skin Hydrator 340g,2021-09-29,18261.22,379
Inês Cardoso,Philippines,CeraVe PM Facial Moisturising Lotion 75ml,2023-09-04,19734.98,441
Matilde Moreira,Singapore,Tatcha The Water Cream 30g,2022-01-18,1959.77,36
Francisco Jesus,Brazil,Estée Lauder Advanced Night Repair Serum 56.7g,2024-08-08,1786.99,43
João Nunes,United Kingdom,La Roche-Posay Toleriane Hydrating Gentle Cleanser 150ml,2022-05-25,1364.36,15
João Neves,Poland,COSRX AHA/BHA Clarifying Treatment Toner 60ml,2023-07-15,1092.99,57
Laura Fernandes,Sweden,The Ordinary Niacinamide 10% + Zinc 1% 15ml,2024-09-02,2870.83,287
Diogo Neves,Mexico,COSRX AHA/BHA Clarifying Treatment Toner 75ml,2023-04-03,2109.4,28
Sofia Carvalho,Sweden,Pixi Overnight Glow Serum 30g,2022-09-20,2938.64,78
Afonso Neves,Thailand,Bioderma Sensibio Light Soothing Cream 30ml,2021-11-02,15645.42,151
Afonso Rocha,Colombia,Skinceuticals Triple Lipid Restore 2:4:2 30g,2022-03-11,7286.92,105
Martim Pinto,Poland,Clinique Turnaround Overnight Revitalizing Moisturizer 30g,2022-07-02,10728.88,199
Joana Costa,United States,REN Clean Skincare Evercalm Global Protection Day Cream 40ml,2020-02-25,21397.35,274
Dinis Carvalho,South Korea,La Roche-Posay Lipikar Balm AP+ 200ml,2020-07-23,1742.37,134
Beatriz Ferreira,Chile,Bioderma Sensibio Light Soothing Cream 40ml,2021-04-06,10304.54,126
Francisco Vieira,Germany,Murad Hydro-Dynamic Ultimate Moisture 15ml,2023-02-10,3581.07,50
Margarida Oliveira,India,Drunk Elephant Protini Polypeptide Cream 340g,2022-02-11,13881.72,314
Martim Teixeira,Singapore,Bioderma Pigmentbio C-Concentrate Brightening Serum 250ml,2022-09-28,2711.58,23
Margarida Pereira,Argentina,Skinceuticals Metacell Renewal B3 30g,2022-05-30,3263.27,70
Margarida Cardoso,Colombia,Kiehl's Super Multi-Corrective Anti-Aging Face & Neck Cream 250ml,2022-12-29,4031.91,90
Sara Mendes,Colombia,The Ordinary Buffet Multi-Technology Peptide Serum 40ml,2021-07-02,5078.09,48
Francisco Mendes,United Kingdom,REN Clean Skincare Vita Mineral Active 7 Eye Gel 50ml,2021-02-25,11346.86,132
Margarida Teixeira,Thailand,Tatcha The Indigo Overnight Repair Treatment 200ml,2021-01-19,2208.89,22
Inês Cardoso,Italy,The Ordinary Salicylic Acid 2% Solution 250ml,2021-05-29,8236.98,83
Sofia Carvalho,Canada,COSRX Ultimate Moisturizing Honey Overnight Mask 100ml,2021-08-24,7379.1,82
Maria Correia,Italy,Murad Retinol Youth Renewal Serum 340g,2020-08-21,398.37,87
Maria Coelho,Thailand,Pixi +C VIT Brightening Serum 125ml,2020-11-21,4976.59,101
Ana Monteiro,Singapore,Bioderma Hydrabio Gel-Crème 125ml,2020-11-23,3401.19,70
Mariana Neves,Singapore,Clinique Even Better Clinical Radical Dark Spot Corrector 40ml,2024-11-03,7366.41,247
Diogo Neves,Spain,REN Clean Skincare Vita Mineral Active 7 Eye Gel 15ml,2022-12-25,10906.09,145
Clara Monteiro,Brazil,First Aid Beauty Eye Duty Triple Remedy AM Gel Cream 75ml,2024-07-06,8524.15,84
Gonçalo Ferreira,Thailand,REN Clean Skincare V-Cense Revitalising Eye Cream 56.7g,2022-07-12,11451.74,145
João Vieira,Japan,Skinceuticals Phyto Corrective Gel 200ml,2024-04-22,9307.07,96
Dinis Carvalho,Japan,CeraVe Moisturising Cream 125ml,2023-06-23,6467.82,120
Gonçalo Fernandes,Argentina,Neutrogena Ultra Sheer Dry-Touch Sunscreen SPF 50+ 30g,2023-06-13,4771.86,353
Tomás Rodrigues,Argentina,REN Clean Skincare Overnight Glow Dark Spot Sleeping Cream 125ml,2022-03-22,5515.82,70
Afonso Martins,Canada,Avène PhysioLift Night Smoothing Balm 150ml,2020-04-05,10201.1,138
Inês Monteiro,Chile,Paula's Choice CALM Redness Relief Moisturizer SPF 30 200ml,2022-07-16,25501.2,438
João Nunes,Japan,Paula's Choice DEFENSE Antioxidant Pore Purifier 60ml,2020-11-21,13177.27,117
Carolina Coelho,Italy,Clinique Dramatically Different Moisturising Lotion+ 60ml,2024-06-24,5988.08,104
Gonçalo Fernandes,Indonesia,The Ordinary Niacinamide 10% + Zinc 1% 40ml,2023-09-05,5891.98,106
Lucas Coelho,Sweden,Estée Lauder Resilience Lift Firming & Sculpting Eye Cream 30ml,2024-06-04,7633.19,134
Pedro Cruz,China,Murad Vita-C Glycolic Brightening Serum 100ml,2021-05-09,5134.43,127
Margarida Cardoso,Spain,Clinique All About Eyes Rich 250ml,2023-09-18,8981.13,118
Tomás Neves,Colombia,Clinique Even Better Clinical Radical Dark Spot Corrector 40ml,2023-06-02,2924.81,112
Rodrigo Soares,Colombia,Skinceuticals A.G.E. Eye Complex 250ml,2021-10-24,2820.25,79
Rodrigo Pinto,Sweden,Tatcha The Rice Polish Foaming Enzyme Powder 125ml,2023-08-05,7195.43,84
Lucas Costa,Canada,Paula's Choice RESIST Anti-Aging Clear Skin Hydrator 200ml,2023-06-25,6750.38,173
Catarina Correia,Mexico,The Ordinary AHA 30% + BHA 2% Peeling Solution 30g,2020-03-14,4807.11,224
Laura Soares,Netherlands,Pixi Retinol Tonic 15ml,2022-04-23,1676.49,141
Martim Teixeira,Thailand,Murad Hydro-Dynamic Ultimate Moisture 60ml,2024-08-10,7522.07,107
Ana Monteiro,Chile,La Roche-Posay Cicaplast Baume B5 150ml,2021-10-30,2574.38,58
João Nunes,Germany,Paula's Choice RESIST Anti-Aging Clear Skin Hydrator 20ml,2020-02-06,11257.89,120
Francisco Coelho,Netherlands,CeraVe Healing Ointment 40ml,2022-01-08,3735.84,217
Ana Moreira,Thailand,The Ordinary Buffet Multi-Technology Peptide Serum 40ml,2022-06-03,1280.6,327
Ana Ferreira,India,Avène Retrinal+ 0.1 Intensive Cream 200ml,2024-05-30,11280.23,119
Carolina Marques,China,Tatcha The Rice Polish Foaming Enzyme Powder 50ml,2023-03-14,10783.36,123
Carolina Vieira,Singapore,The Ordinary Buffet Multi-Technology Peptide Serum 75ml,2023-04-10,5053.96,205
Diogo Rodrigues,France,Sunday Riley Tidal Brightening Enzyme Water Cream 15ml,2020-07-17,1860.83,29
Margarida Marques,Chile,Clinique All About Eyes Rich 50ml,2023-10-02,980.32,72
Sara Cruz,India,Paula's Choice BOOST 10% Niacinamide Booster 250ml,2021-03-03,2098.07,117
Pedro Pereira,Colombia,Olay Regenerist Collagen Peptide24 Serum 150ml,2020-12-12,5143.97,145
Lucas Rodrigues,Philippines,Paula's Choice SKIN PERFECTING 2% BHA Liquid Exfoliant 340g,2021-10-16,7379.16,127
Margarida Cardoso,Mexico,Sunday Riley UFO Ultra-Clarifying Face Oil 40ml,2020-06-30,2722.5,60
Laura Costa,Canada,Pixi Overnight Glow Serum 250ml,2022-04-27,4855.0,284
Rodrigo Coelho,Mexico,Neutrogena Norwegian Formula Face Cream 20ml,2020-04-08,3789.52,106
Francisco Mendes,United Kingdom,Paula's Choice SKIN RECOVERY Replenishing Moisturizer 30g,2020-10-16,15936.03,158
Ana Ferreira,United States,Sunday Riley Tidal Brightening Enzyme Water Cream 150ml,2020-01-30,1634.56,30
Afonso Monteiro,United States,Sunday Riley Tidal Brightening Enzyme Water Cream 56.7g,2024-07-22,6754.2,65
Diogo Neves,Sweden,Murad Hydro-Dynamic Ultimate Moisture 75ml,2024-09-27,9168.81,100
Carolina Silva,Netherlands,Avène Cleanance Expert Emulsion 30ml,2023-07-09,347.54,41
Margarida Teixeira,Colombia,Clinique Smart Night Custom-Repair Moisturiser 125ml,2021-09-21,42800.69,388
Dinis Cardoso,Indonesia,Olay Retinol24 Night Moisturizer 200ml,2024-03-25,139.85,13
Mariana Soares,Argentina,CeraVe Hydrating Cleanser 15ml,2020-01-24,951.29,24
Clara Gomes,Philippines,Murad Oil-Control Mattifier SPF45 50ml,2020-11-10,10117.0,191
Gonçalo Almeida,Singapore,Skinceuticals Discoloration Defense Serum 30ml,2020-04-05,1807.41,488
Carolina Jesus,United Kingdom,Skinceuticals Phyto Corrective Gel 125ml,2020-03-24,2330.99,65
Rafael Gomes,Philippines,Bioderma Sensibio Light Soothing Cream 20ml,2023-09-07,1695.25,108
Francisco Almeida,Sweden,Pixi Overnight Glow Serum 50ml,2022-01-17,22635.51,405
Rafael Neves,Mexico,Skinceuticals Phyto Corrective Gel 125ml,2023-05-08,640.29,19
Matilde Moreira,Spain,REN Clean Skincare Vita Mineral Active 7 Eye Gel 20ml,2024-07-10,13342.46,125
Francisco Almeida,France,Skinceuticals Metacell Renewal B3 30ml,2021-07-29,5971.04,88
Sara Fernandes,Indonesia,Bioderma Cicabio Arnica+ Repairing Cream 30ml,2023-02-16,7424.29,64
Francisco Almeida,Netherlands,Avène XeraCalm A.D Lipid-Replenishing Cream 30ml,2024-09-29,31340.71,360
João Vieira,Argentina,Bioderma Pigmentbio C-Concentrate Brightening Serum 60ml,2021-08-08,4228.75,43
Afonso Monteiro,Argentina,Kiehl's Super Multi-Corrective Anti-Aging Face & Neck Cream 60ml,2024-11-04,2422.97,28
Afonso Jesus,India,CeraVe Renewing SA Cream 125ml,2022-07-21,5321.86,51
João Nunes,Colombia,Skinceuticals C E Ferulic Serum 50ml,2023-02-27,876.89,53
Pedro Sousa,Germany,Drunk Elephant B-Hydra Intensive Hydration Serum 250ml,2022-10-23,7303.18,116
Carolina Ferreira,Mexico,Tatcha The Indigo Overnight Repair Treatment 75ml,2024-06-17,10663.79,97
Diogo Rodrigues,China,Avène Antirougeurs Jour Redness Relief Cream 30g,2024-05-22,7729.39,117
Laura Costa,Indonesia,REN Clean Skincare V-Cense Revitalising Eye Cream 40ml,2022-09-17,12756.48,125
Laura Mendes,China,Neutrogena Bright Boost Gel Cream 60ml,2022-01-13,13286.97,138
Gonçalo Fernandes,United States,Pixi Rose Ceramide Cream 125ml,2021-12-01,6493.86,86
Carolina Ferreira,United States,Olay Regenerist Micro-Sculpting Cream 30ml,2022-06-21,844.64,18
Mariana Teixeira,Thailand,Tatcha The Indigo Overnight Repair Treatment 30g,2021-08-17,4057.77,82
Rafael Pereira,Sweden,Paula's Choice CALM Redness Relief Moisturizer SPF 30 56.7g,2023-08-03,18118.0,258
Sara Ferreira,Netherlands,Paula's Choice BOOST 10% Niacinamide Booster 250ml,2021-06-14,2064.81,29
Pedro Sousa,Colombia,First Aid Beauty Ultra Repair Cream 75ml,2024-06-03,9332.28,112
Francisco Fernandes,Mexico,Paula's Choice BOOST 10% Niacinamide Booster 150ml,2021-02-21,2583.4,46
Mariana Mendes,Japan,Skinceuticals Triple Lipid Restore 2:4:2 56.7g,2024-11-17,12854.37,138
Margarida Mendes,Mexico,Olay Luminous Whip Face Moisturiser 150ml,2024-05-03,2446.1,47
Ana Vieira,Poland,Neutrogena Cellular Boost Concentrate Serum 15ml,2021-10-06,2120.24,63
Rodrigo Pereira,India,First Aid Beauty Pure Skin Face Cleanser 50ml,2023-07-21,3189.98,70
Afonso Neves,Thailand,Estée Lauder Resilience Lift Firming & Sculpting Eye Cream 20ml,2022-04-29,14518.16,192
Carolina Jesus,United Kingdom,Bioderma Cicabio Arnica+ Repairing Cream 50ml,2020-11-06,23970.83,229
Gonçalo Almeida,Poland,Estée Lauder Micro Essence Skin Activating Treatment Lotion 250ml,2024-04-04,3582.12,46
Rodrigo Pereira,Italy,Neutrogena Norwegian Formula Face Cream 340g,2024-03-07,14481.34,128
Beatriz Marques,Chile,First Aid Beauty Ultra Repair Cream 40ml,2024-02-09,3443.04,149
Gonçalo Ribeiro,United States,Pixi Retinol Tonic 75ml,2022-02-13,6249.11,140
Francisco Jesus,Colombia,Estée Lauder Revitalizing Supreme+ Moisturizer 15ml,2022-09-30,4701.07,50
Rafael Pereira,Mexico,REN Clean Skincare Ready Steady Glow Daily AHA Tonic 250ml,2020-04-07,34923.67,299
Tomás Rodrigues,Mexico,Sunday Riley Luna Sleeping Night Oil 100ml,2024-11-06,1788.26,41
Laura Soares,Indonesia,Estée Lauder Advanced Night Repair Serum 200ml,2021-02-11,7808.07,99
Catarina Neves,Sweden,Estée Lauder Resilience Lift Firming & Sculpting Eye Cream 15ml,2022-10-19,8768.54,140
Lucas Costa,South Korea,Olay Luminous Whip Face Moisturiser 60ml,2022-09-11,6749.81,125
Martim Silva,Argentina,The Ordinary Hyaluronic Acid 2% + B5 150ml,2020-01-14,1850.9,59
Guilherme Costa,Mexico,Pixi Rose Ceramide Cream 100ml,2023-02-24,2087.07,27
Afonso Pereira,Canada,Avène Antirougeurs Jour Redness Relief Cream 15ml,2023-10-10,2180.96,40
Martim Marques,Poland,The Ordinary AHA 30% + BHA 2% Peeling Solution 15ml,2023-10-10,2403.43,33
Miguel Rocha,Netherlands,Pixi Rose Ceramide Cream 200ml,2024-08-06,4482.39,80
Clara Mendes,United Kingdom,Estée Lauder Re-Nutriv Ultimate Lift Age-Correcting Crème 50ml,2021-12-21,1263.94,227
Catarina Martins,Argentina,Tatcha The Water Cream 56.7g,2022-04-29,2402.18,54
Matilde Cruz,France,Bioderma Nodé Detox Shampoo 200ml,2024-03-21,8387.49,119
Gonçalo Ribeiro,Chile,Tatcha The Indigo Overnight Repair Treatment 56.7g,2024-12-11,32078.16,371
Maria Correia,Sweden,COSRX Balancium B5 Biome Comfort Cream 200ml,2024-12-18,12617.56,117
Inês Ribeiro,France,Clinique Even Better Clinical Radical Dark Spot Corrector 340g,2022-06-03,1620.12,69
Rodrigo Pereira,United Kingdom,Avène Hydrance Rich Rehydrating Cream 20ml,2023-11-26,3805.96,49
Diogo Rodrigues,United Kingdom,Clinique Even Better Clinical Radical Dark Spot Corrector 50ml,2024-11-27,7356.8,142
Gonçalo Fernandes,Philippines,Skinceuticals Discoloration Defense Serum 250ml,2024-03-08,3062.94,40
Francisco Coelho,Germany,Pixi +C VIT Brightening Serum 200ml,2021-02-07,15761.12,140
Dinis Silva,Spain,Murad Vita-C Glycolic Brightening Serum 40ml,2022-09-07,3977.73,142
Afonso Neves,South Korea,Sunday Riley Saturn Sulfur Acne Treatment Mask 50ml,2022-11-06,7303.86,74
Mariana Soares,Philippines,Tatcha The Dewy Skin Cream 15ml,2022-04-26,9234.0,86
Diogo Monteiro,Japan,Estée Lauder DayWear Multi-Protection Anti-Oxidant 24H Moisturizer SPF15 15ml,2024-11-16,2286.08,73
Beatriz Cardoso,Italy,REN Clean Skincare Vita Mineral Active 7 Eye Gel 15ml,2023-09-18,4606.22,245
Afonso Neves,Germany,Tatcha The Indigo Overnight Repair Treatment 125ml,2020-11-07,889.3,221
Ana Monteiro,Indonesia,Skinceuticals B5 Gel Hydrating Serum 125ml,2023-05-28,6378.58,140
Gonçalo Ferreira,Indonesia,Estée Lauder Revitalizing Supreme+ Moisturizer 30g,2020-12-22,9180.51,108
Maria Moreira,Singapore,Pixi Skintreats Rose Caviar Eye Cream 15ml,2021-11-05,14053.25,352
Mariana Cruz,United Kingdom,Bioderma Sebium Pore Refiner 100ml,2020-02-27,1042.29,81
João Costa,Brazil,Murad Cellular Hydration Barrier Repair Cream 30ml,2024-12-30,10093.64,145
Rodrigo Soares,Canada,Bioderma Atoderm Intensive Baume 30g,2020-11-22,10597.35,99
Laura Carvalho,South Korea,Bioderma Atoderm Intensive Baume 200ml,2022-11-10,6179.97,74
Miguel Martins,China,Tatcha The Silk Cream 250ml,2021-04-30,2065.92,34
Miguel Marques,United Kingdom,REN Clean Skincare Clean Screen Mineral SPF30 75ml,2021-10-17,1005.39,78
Leonor Coelho,Argentina,La Roche-Posay Effaclar Mat Moisturiser 60ml,2021-06-17,2935.12,68
Mariana Soares,South Korea,Tatcha The Water Cream 40ml,2020-03-23,6579.39,72
Joana Costa,Germany,Kiehl's Powerful-Strength Line-Reducing Concentrate 15ml,2024-12-27,5534.91,52
Maria Fernandes,Canada,Neutrogena Oil-Free Acne Wash 30ml,2021-09-05,37702.05,387
Lucas Santos,Italy,COSRX AHA/BHA Clarifying Treatment Toner 56.7g,2021-03-01,7823.56,105
Mariana Soares,Brazil,Bioderma Atoderm Intensive Baume 200ml,2021-10-16,4894.25,86
Mariana Cruz,Philippines,Murad AHA/BHA Exfoliating Cleanser 50ml,2023-06-04,26727.53,271
Laura Pereira,Italy,Pixi Skintreats Rose Caviar Eye Cream 20ml,2022-01-30,1188.76,75
Margarida Pereira,Mexico,CeraVe Skin Renewing Night Cream 100ml,2024-05-07,27338.81,260
Dinis Monteiro,France,Estée Lauder DayWear Multi-Protection Anti-Oxidant 24H Moisturizer SPF15 150ml,2021-09-05,21866.55,272
Maria Coelho,South Korea,Skinceuticals Phyto Corrective Gel 100ml,2022-08-24,3255.53,116
Diogo Cardoso,South Korea,Kiehl's Ultra Facial Cream 200ml,2023-01-13,10351.32,460
Margarida Cardoso,Argentina,Olay Retinol24 Night Moisturizer 56.7g,2021-06-21,1041.07,78
Ana Ferreira,United Kingdom,Bioderma Sebium Pore Refiner 15ml,2023-10-24,14596.32,140
Mariana Mendes,Singapore,Bioderma Cicabio Arnica+ Repairing Cream 75ml,2024-10-15,5101.88,67
Diogo Neves,Netherlands,Avène XeraCalm A.D Lipid-Replenishing Cream 40ml,2021-08-15,1372.99,19
Laura Soares,Colombia,Kiehl's Powerful-Strength Line-Reducing Concentrate 200ml,2021-09-01,8137.78,126
Maria Fernandes,United States,Murad Hydro-Dynamic Ultimate Moisture 150ml,2021-03-11,28341.08,261
Tomás Martins,France,Olay Regenerist Collagen Peptide24 Serum 200ml,2023-06-26,27135.2,337
Catarina Neves,United States,Bioderma Sebium Pore Refiner 75ml,2020-12-03,8425.29,137
Afonso Sousa,Mexico,La Roche-Posay Cicaplast Baume B5 60ml,2020-10-01,8128.08,201
Gonçalo Ferreira,Brazil,The Ordinary Salicylic Acid 2% Solution 40ml,2024-03-11,10667.99,98
Martim Ferreira,Sweden,Bioderma Cicabio Arnica+ Repairing Cream 200ml,2024-10-08,3209.18,67
Margarida Teixeira,Chile,Drunk Elephant Lala Retro Whipped Cream 40ml,2024-02-28,3768.55,63
Maria Fernandes,Indonesia,Murad Cellular Hydration Barrier Repair Cream 20ml,2022-12-09,1464.86,99
Leonor Coelho,South Korea,Bioderma Sensibio H2O Micellar Water 60ml,2020-03-22,30138.78,307
Margarida Teixeira,United Kingdom,Olay Eyes Ultimate Eye Cream 75ml,2022-08-01,3710.19,98
Sofia Nunes,Argentina,Clinique Smart Night Custom-Repair Moisturiser 60ml,2021-11-06,31484.11,336
Dinis Ferreira,France,CeraVe Skin Renewing Night Cream 340g,2022-07-22,23461.47,206
Mariana Cruz,Chile,La Roche-Posay Retinol B3 Serum 50ml,2021-08-13,9638.89,147
Leonor Pinto,United Kingdom,CeraVe Eye Repair Cream 250ml,2023-03-20,45671.81,431
Dinis Cardoso,South Korea,REN Clean Skincare Overnight Glow Dark Spot Sleeping Cream 15ml,2022-06-10,12021.18,153
Inês Cruz,Spain,REN Clean Skincare Evercalm Global Protection Day Cream 56.7g,2021-03-29,6957.41,115
Sara Mendes,Spain,The Ordinary Buffet Multi-Technology Peptide Serum 250ml,2022-11-14,47232.63,452
Tiago Gomes,Indonesia,Neutrogena Ultra Sheer Dry-Touch Sunscreen SPF 50+ 75ml,2022-11-06,8495.14,119
Miguel Ferreira,Philippines,Estée Lauder DayWear Multi-Protection Anti-Oxidant 24H Moisturizer SPF15 340g,2023-02-06,9327.79,95
João Mendes,United States,First Aid Beauty Pure Skin Face Cleanser 56.7g,2024-10-26,9993.18,258
Matilde Carvalho,Argentina,Murad Cellular Hydration Barrier Repair Cream 150ml,2021-01-04,780.33,143
Francisco Coelho,Argentina,Neutrogena Oil-Free Acne Wash 60ml,2024-03-14,9234.17,142
Afonso Martins,Thailand,Drunk Elephant C-Firma Fresh Day Serum 15ml,2022-03-07,3201.69,110
Tiago Jesus,Philippines,Avène XeraCalm A.D Lipid-Replenishing Cream 250ml,2021-11-10,6181.08,65
Diogo Costa,Spain,Paula's Choice CLINICAL 1% Retinol Treatment 250ml,2024-11-12,1755.33,40
Rodrigo Coelho,Poland,Olay Vitamin C + Peptide 24 Face Moisturizer 56.7g,2022-05-12,10584.37,98
Clara Mendes,Mexico,Skinceuticals Physical Fusion UV Defense SPF 50 75ml,2022-05-10,938.72,13
Sofia Carvalho,Singapore,REN Clean Skincare Radiance Perfection Serum 250ml,2023-09-24,3095.51,61
Margarida Teixeira,United States,Neutrogena Hydro Boost Eye Gel-Cream 50ml,2021-04-10,872.62,11
Afonso Neves,Netherlands,COSRX Advanced Snail 96 Mucin Power Essence 56.7g,2022-08-19,19661.34,231
Joana Santos,Indonesia,COSRX AC Collection Lightweight Soothing Moisturizer 150ml,2020-11-27,1377.44,98
Gonçalo Coelho,Canada,Paula's Choice SKIN PERFECTING 2% BHA Liquid Exfoliant 60ml,2020-11-17,21813.83,236
Margarida Cardoso,United Kingdom,La Roche-Posay Hyalu B5 Serum 30g,2022-10-26,7971.24,149
Laura Soares,Sweden,Estée Lauder Re-Nutriv Ultimate Lift Age-Correcting Crème 200ml,2020-11-29,4188.64,93
Inês Cruz,Poland,The Ordinary Glycolic Acid 7% Toning Solution 30ml,2023-08-14,19716.4,177
Martim Rodrigues,United States,Tatcha The Water Cream 30ml,2023-06-01,9432.06,87
Laura Mendes,Spain,Avène Eau Thermale Spray 125ml,2023-11-26,4634.35,53
Joana Oliveira,Canada,Paula's Choice SKIN RECOVERY Replenishing Moisturizer 20ml,2022-08-12,581.65,10
Joana Oliveira,Spain,Kiehl's Midnight Recovery Concentrate 250ml,2021-06-27,2990.7,60
Inês Cruz,Indonesia,First Aid Beauty FAB Skin Lab Resurfacing Liquid 10% AHA 75ml,2024-11-12,12881.77,117
Tomás Martins,India,Bioderma Sensibio Light Soothing Cream 60ml,2021-04-18,4792.58,149
Laura Soares,Singapore,REN Clean Skincare Vita Mineral Active 7 Eye Gel 340g,2020-09-01,1253.51,15
Lucas Rodrigues,China,Skinceuticals Phyto Corrective Gel 30ml,2022-08-19,3147.2,91
Ana Vieira,Poland,The Ordinary Glycolic Acid 7% Toning Solution 20ml,2022-06-27,769.41,34
Guilherme Neves,Argentina,Paula's Choice SKIN PERFECTING 2% BHA Liquid Exfoliant 40ml,2020-08-12,26183.06,231
Afonso Pereira,Brazil,CeraVe Skin Renewing Night Cream 30ml,2021-10-07,8527.3,363
Matilde Teixeira,France,Pixi Overnight Glow Serum 56.7g,2022-08-21,19201.13,190
João Mendes,Singapore,Sunday Riley Saturn Sulfur Acne Treatment Mask 56.7g,2024-11-26,19036.75,369
Afonso Martins,Argentina,First Aid Beauty KP Bump Eraser Body Scrub 56.7g,2024-11-13,1929.6,20
Diogo Cardoso,India,CeraVe Skin Renewing Night Cream 60ml,2023-10-04,2574.64,75
Rodrigo Pereira,Chile,COSRX Advanced Snail 92 All in One Cream 30ml,2023-04-18,351.46,80
Tomás Almeida,United Kingdom,La Roche-Posay Effaclar Mat Moisturiser 30g,2022-04-27,18095.17,379
Beatriz Cardoso,Philippines,First Aid Beauty Ultra Repair Tinted Moisturizer SPF 30 50ml,2023-06-17,3095.09,74
Laura Carvalho,Brazil,Paula's Choice BOOST 10% Niacinamide Booster 30g,2022-03-08,41698.88,420
Tiago Carvalho,Brazil,Kiehl's Rare Earth Deep Pore Cleansing Masque 20ml,2024-01-08,641.68,24
Rodrigo Coelho,India,The Ordinary Glycolic Acid 7% Toning Solution 30ml,2022-12-28,5483.83,50
Tiago Gomes,Brazil,Paula's Choice BOOST 10% Niacinamide Booster 150ml,2021-06-26,6705.36,128
Tiago Carvalho,Italy,Clinique Repairwear Laser Focus Eye Cream 20ml,2020-10-20,779.84,31
Afonso Jesus,Spain,Bioderma Atoderm Intensive Baume 75ml,2024-12-20,3345.38,41
Diogo Ribeiro,Poland,REN Clean Skincare Overnight Glow Dark Spot Sleeping Cream 60ml,2023-01-29,6061.15,55
Francisco Mendes,United States,Drunk Elephant C-Firma Fresh Day Serum 60ml,2021-09-16,1199.8,37
Sofia Gomes,Poland,Bioderma Pigmentbio C-Concentrate Brightening Serum 75ml,2023-06-24,7516.11,94
João Costa,Brazil,Estée Lauder DayWear Multi-Protection Anti-Oxidant 24H Moisturizer SPF15 100ml,2020-10-07,1309.64,145
Rafael Martins,France,Murad Hydro-Dynamic Ultimate Moisture 250ml,2024-05-12,9174.85,101
Sara Mendes,Brazil,Pixi +C VIT Brightening Serum 250ml,2022-09-18,12766.0,112
Gonçalo Fernandes,India,Avène Antirougeurs Jour Redness Relief Cream 250ml,2022-04-11,3379.94,74
Sofia Jesus,Netherlands,Tatcha The Essence Plump Skin Softener 15ml,2022-05-24,2549.71,34
Afonso Sousa,Sweden,Sunday Riley C.E.O. 15% Vitamin C Brightening Serum 60ml,2023-07-11,2360.04,59
João Cardoso,Colombia,Kiehl's Ultra Facial Cream 30ml,2024-01-09,2895.18,47
Dinis Monteiro,China,Neutrogena Cellular Boost Concentrate Serum 100ml,2024-01-20,10532.93,97
Rafael Pereira,Philippines,Pixi Vitamin-C Juice Cleanser 30g,2022-08-11,23273.99,232
Inês Ferreira,Japan,Paula's Choice DEFENSE Antioxidant Pore Purifier 60ml,2024-10-18,14745.07,147
Inês Nunes,Thailand,Clinique Repairwear Laser Focus Eye Cream 20ml,2021-07-13,11458.1,108
Dinis Silva,Spain,Paula's Choice DEFENSE Antioxidant Pore Purifier 30ml,2022-02-07,5676.91,154
Sofia Rodrigues,Philippines,Pixi +C VIT Brightening Serum 75ml,2023-07-22,6980.41,81
Tomás Almeida,France,Avène XeraCalm A.D Lipid-Replenishing Cream 75ml,2020-12-12,10285.26,284
Beatriz Marques,Philippines,COSRX Full Fit Propolis Light Cream 56.7g,2020-01-02,838.71,59
Sofia Mendes,Chile,Skinceuticals Metacell Renewal B3 340g,2020-12-02,9283.8,122
João Neves,Canada,Paula's Choice CALM Redness Relief Moisturizer SPF 30 60ml,2021-07-20,16121.21,144
Leonor Coelho,Spain,Drunk Elephant A-Passioni Retinol Cream 15ml,2020-07-26,10294.75,104
Leonor Coelho,South Korea,Estée Lauder Revitalizing Supreme+ Moisturizer 20ml,2021-11-27,2322.91,27
Gonçalo Almeida,Japan,Estée Lauder Advanced Night Repair Serum 150ml,2022-11-06,1035.35,43
Rodrigo Teixeira,Indonesia,Clinique Smart Night Custom-Repair Moisturiser 30g,2020-05-14,3496.81,92
Pedro Santos,Indonesia,The Ordinary Glycolic Acid 7% Toning Solution 30g,2024-11-13,13192.66,149
Catarina Jesus,Thailand,Clinique Turnaround Overnight Revitalizing Moisturizer 200ml,2024-10-10,9106.35,118
Tomás Ribeiro,Mexico,Paula's Choice SKIN PERFECTING 2% BHA Liquid Exfoliant 60ml,2024-08-30,6178.7,184
João Nunes,Spain,REN Clean Skincare Perfect Canvas Clean Primer 20ml,2021-04-08,2045.24,53
Mariana Neves,Brazil,REN Clean Skincare Evercalm Global Protection Day Cream 340g,2023-04-01,8608.4,224
Gonçalo Coelho,China,Clinique Dramatically Different Moisturising Lotion+ 50ml,2024-08-23,674.37,45
Ana Nunes,Poland,La Roche-Posay Toleriane Double Repair Moisturiser 100ml,2021-10-16,8531.46,178
João Nunes,India,CeraVe Skin Renewing Night Cream 50ml,2020-11-29,1503.33,82
Tiago Gomes,Germany,Neutrogena Rapid Wrinkle Repair Retinol Cream 100ml,2022-07-18,9844.44,124
Rafael Gomes,Netherlands,Olay Super Serum 5-in-1 20ml,2021-01-27,1015.38,13
Afonso Oliveira,Thailand,First Aid Beauty KP Bump Eraser Body Scrub 30g,2024-03-16,14621.06,136
Clara Cardoso,Germany,Paula's Choice RESIST Anti-Aging Clear Skin Hydrator 150ml,2021-03-12,8705.8,115
Guilherme Costa,Germany,Kiehl's Super Multi-Corrective Anti-Aging Face & Neck Cream 125ml,2023-01-25,2419.86,37
Guilherme Neves,Netherlands,Clinique Turnaround Overnight Revitalizing Moisturizer 15ml,2024-06-30,1284.62,228
Sara Almeida,United States,Neutrogena Oil-Free Acne Wash 340g,2022-12-28,15556.6,282
Tomás Almeida,Poland,Clinique Smart Night Custom-Repair Moisturiser 75ml,2023-10-07,14549.83,174
Martim Silva,Sweden,Skinceuticals Discoloration Defense Serum 340g,2022-12-29,5179.45,92
Ana Ferreira,France,Bioderma Sebium Pore Refiner 150ml,2023-02-22,1874.31,20
Margarida Marques,United States,CeraVe AM Facial Moisturising Lotion SPF25 56.7g,2023-09-20,5279.87,66
Tiago Cardoso,Colombia,COSRX Advanced Snail 96 Mucin Power Essence 20ml,2024-01-31,11571.14,142
Dinis Pereira,Poland,Paula's Choice DEFENSE Antioxidant Pore Purifier 125ml,2024-12-09,1181.35,80
Martim Cardoso,Italy,CeraVe Healing Ointment 50ml,2020-01-21,996.75,33
Tomás Martins,Spain,Olay Regenerist Collagen Peptide24 Serum 75ml,2024-04-03,1875.74,44
Clara Gomes,Japan,Olay Regenerist Collagen Peptide24 Serum 40ml,2022-03-07,2985.88,37
Sofia Martins,Chile,Avène Cicalfate+ Restorative Protective Cream 100ml,2022-12-05,4280.6,41
Afonso Vieira,Spain,The Ordinary Retinol 0.5% in Squalane 200ml,2023-09-27,5027.11,250
Carolina Silva,China,Drunk Elephant F-Balm Electrolyte Waterbalm 20ml,2022-03-15,9414.18,189
Martim Ferreira,South Korea,Pixi Retinol Tonic 40ml,2023-01-10,2492.12,148
Tomás Ribeiro,Indonesia,Sunday Riley Luna Sleeping Night Oil 200ml,2023-02-22,1509.17,168
Sofia Carvalho,South Korea,Neutrogena Ultra Sheer Dry-Touch Sunscreen SPF 50+ 20ml,2022-08-09,1933.65,133
Gonçalo Ribeiro,Italy,Drunk Elephant C-Firma Fresh Day Serum 30g,2020-01-23,7177.81,64
João Neves,United Kingdom,Bioderma Atoderm Intensive Baume 40ml,2023-04-28,3454.07,48
Inês Martins,Germany,Olay Regenerist Micro-Sculpting Cream 40ml,2021-12-29,31209.55,286
Inês Nunes,Brazil,REN Clean Skincare Overnight Glow Dark Spot Sleeping Cream 15ml,2021-06-15,4613.07,50
Joana Santos,Indonesia,Bioderma Hydrabio Gel-Crème 60ml,2021-02-27,1912.14,95
Inês Martins,Sweden,Neutrogena Hydro Boost Water Gel 20ml,2021-04-03,694.17,98
Guilherme Costa,Argentina,REN Clean Skincare Evercalm Global Protection Day Cream 250ml,2022-12-13,1658.78,32
Sofia Mendes,Chile,Bioderma Sensibio H2O Micellar Water 340g,2020-11-02,474.74,55
Rodrigo Pereira,Netherlands,First Aid Beauty Ultra Repair Cream 125ml,2024-08-18,248.17,31
Joana Fernandes,Colombia,Clinique Dramatically Different Moisturising Lotion+ 250ml,2020-02-17,21189.8,250
Tomás Rodrigues,Poland,Pixi Hydrating Milky Serum 150ml,2023-09-10,4983.61,62
Mariana Cruz,India,Murad Rapid Resurgence Eye Lift 200ml,2024-08-11,7190.5,113
Francisco Fernandes,United States,CeraVe Hydrating Cleanser 30g,2022-12-01,17192.08,150
Tiago Cardoso,Philippines,The Ordinary Salicylic Acid 2% Solution 340g,2024-06-13,7247.98,99
Tiago Cardoso,France,REN Clean Skincare Vita Mineral Active 7 Eye Gel 250ml,2023-05-16,7205.14,123
Laura Carvalho,South Korea,Murad Rapid Resurgence Eye Lift 150ml,2023-10-03,4141.87,39
Rafael Pereira,France,Pixi Hydrating Milky Serum 250ml,2024-10-02,34705.55,424
Francisco Coelho,Germany,La Roche-Posay Effaclar Mat Moisturiser 200ml,2023-08-28,1869.89,118
Francisco Mendes,China,CeraVe PM Facial Moisturising Lotion 125ml,2024-01-09,4294.59,85
Maria Coelho,Indonesia,Paula's Choice DEFENSE Antioxidant Pore Purifier 340g,2024-02-27,2263.86,68
Sofia Mendes,Japan,COSRX Advanced Snail 92 All in One Cream 56.7g,2022-08-13,713.4,13
Rafael Martins,India,Neutrogena Rapid Wrinkle Repair Retinol Cream 15ml,2023-10-19,5434.56,139
Sara Fernandes,South Korea,The Ordinary Niacinamide 10% + Zinc 1% 40ml,2024-03-23,17047.21,350
Miguel Ferreira,Canada,Murad AHA/BHA Exfoliating Cleanser 50ml,2022-10-17,6262.67,64
Pedro Ferreira,Netherlands,Olay Regenerist Micro-Sculpting Cream 60ml,2024-12-19,1980.1,25
João Martins,Indonesia,REN Clean Skincare Vita Mineral Active 7 Eye Gel 15ml,2021-11-25,2074.79,79
Miguel Rocha,Sweden,Murad Vita-C Glycolic Brightening Serum 15ml,2023-06-16,49383.07,440
Carolina Silva,France,La Roche-Posay Hyalu B5 Serum 340g,2022-12-06,471.95,13
Afonso Martins,Philippines,Murad Rapid Resurgence Eye Lift 340g,2024-01-07,1865.76,179
Inês Monteiro,Singapore,Bioderma Hydrabio Gel-Crème 50ml,2023-05-16,13679.82,123
Afonso Oliveira,Germany,Bioderma Sensibio H2O Micellar Water 30g,2021-05-25,7539.48,125
Afonso Martins,Mexico,Clinique Even Better Clinical Radical Dark Spot Corrector 125ml,2022-11-02,2116.95,25
Pedro Santos,Mexico,Clinique Dramatically Different Moisturising Lotion+ 20ml,2023-01-16,4733.28,50
Francisco Coelho,South Korea,REN Clean Skincare Clean Screen Mineral SPF30 75ml,2020-08-05,511.99,96
Guilherme Neves,South Korea,Skinceuticals Phyto Corrective Gel 200ml,2022-07-17,3544.28,40
Joana Oliveira,Netherlands,Avène Antirougeurs Jour Redness Relief Cream 56.7g,2023-02-17,11152.42,105
Pedro Sousa,Argentina,Sunday Riley Ice Ceramide Moisturizing Cream 56.7g,2020-04-08,1259.09,105
Tomás Correia,France,Kiehl's Powerful-Strength Line-Reducing Concentrate 200ml,2023-11-11,10858.66,174
Afonso Vieira,United Kingdom,Pixi Rose Ceramide Cream 60ml,2023-01-08,1386.18,106
Miguel Martins,Netherlands,Olay Eyes Ultimate Eye Cream 100ml,2023-10-22,3147.33,66
Carolina Coelho,Japan,Estée Lauder Resilience Lift Firming & Sculpting Eye Cream 15ml,2023-09-30,3833.05,44
Francisco Mendes,Spain,The Ordinary Niacinamide 10% + Zinc 1% 50ml,2024-11-16,14081.2,135
Afonso Neves,Poland,Avène Eau Thermale Spray 50ml,2023-12-25,12116.47,197
Matilde Moreira,Indonesia,Sunday Riley Good Genes All-In-One Lactic Acid Treatment 150ml,2024-04-23,11322.41,446
Lucas Ribeiro,India,Tatcha The Indigo Overnight Repair Treatment 20ml,2023-03-13,7831.26,97
Mariana Teixeira,China,Olay Eyes Ultimate Eye Cream 100ml,2020-12-12,10888.76,195
Miguel Rocha,Indonesia,CeraVe PM Facial Moisturising Lotion 20ml,2023-09-30,3611.48,105
Laura Soares,Sweden,Murad Brightening Booster 75ml,2023-04-11,190.82,30
Beatriz Jesus,India,Bioderma Sensibio Light Soothing Cream 250ml,2020-01-25,1436.24,214
Diogo Oliveira,Mexico,Estée Lauder Micro Essence Skin Activating Treatment Lotion 40ml,2021-05-01,17819.64,388
Diogo Cardoso,South Korea,REN Clean Skincare Radiance Perfection Serum 56.7g,2023-05-03,24860.67,395
Clara Cardoso,Indonesia,REN Clean Skincare Ready Steady Glow Daily AHA Tonic 30g,2021-04-30,6620.32,62
Inês Cruz,South Korea,COSRX Ultimate Moisturizing Honey Overnight Mask 40ml,2021-09-21,12764.39,128
João Vieira,France,CeraVe Hydrating Cleanser 56.7g,2024-01-27,3522.53,76
Joana Teixeira,South Korea,CeraVe Eye Repair Cream 20ml,2022-02-24,1004.59,17
Francisco Coelho,Italy,Murad Cellular Hydration Barrier Repair Cream 20ml,2024-02-11,2653.88,24
Guilherme Neves,Canada,REN Clean Skincare V-Cense Revitalising Eye Cream 40ml,2020-08-20,11233.5,239
Inês Ribeiro,United Kingdom,Avène Eau Thermale Spray 340g,2020-07-31,7583.32,93
Sara Fernandes,Japan,First Aid Beauty Ultra Repair Cream 60ml,2021-03-27,1882.02,51
Tiago Gomes,Thailand,Pixi Rose Ceramide Cream 250ml,2020-05-18,4397.61,103
Gonçalo Almeida,Argentina,Pixi Overnight Glow Serum 60ml,2020-03-15,1166.68,70
Mariana Cruz,Italy,REN Clean Skincare Perfect Canvas Clean Primer 100ml,2020-03-15,4496.82,60
Laura Mendes,Germany,REN Clean Skincare Ready Steady Glow Daily AHA Tonic 250ml,2020-01-21,9496.42,99
Margarida Teixeira,Japan,REN Clean Skincare Ready Steady Glow Daily AHA Tonic 200ml,2024-08-25,6057.24,59
Martim Pinto,Indonesia,Skinceuticals Phyto Corrective Gel 340g,2024-05-26,2388.91,48
Afonso Sousa,Japan,COSRX Advanced Snail 96 Mucin Power Essence 250ml,2022-05-26,4056.82,48
Carolina Silva,Argentina,Avène Cicalfate+ Restorative Protective Cream 50ml,2023-02-18,14031.0,163
Tomás Coelho,Germany,Sunday Riley Tidal Brightening Enzyme Water Cream 125ml,2023-09-06,6882.87,259
Carolina Jesus,Canada,La Roche-Posay Retinol B3 Serum 30ml,2022-09-30,1395.73,62
Sofia Martins,Italy,Murad Rapid Resurgence Eye Lift 30g,2021-07-15,26014.41,280
Maria Ferreira,Philippines,Pixi Glow Tonic 40ml,2022-07-18,5586.53,117
Catarina Jesus,Argentina,First Aid Beauty Ultra Repair Tinted Moisturizer SPF 30 150ml,2023-08-09,1135.48,147
Diogo Ribeiro,Germany,Tatcha The Eye Concentrate 50ml,2020-10-15,765.64,11
Diogo Monteiro,Chile,REN Clean Skincare Radiance Perfection Serum 30ml,2022-09-16,4182.8,70
Miguel Martins,South Korea,Kiehl's Rare Earth Deep Pore Cleansing Masque 100ml,2024-09-24,11839.68,148
Miguel Rocha,Poland,The Ordinary Buffet Multi-Technology Peptide Serum 30ml,2023-08-20,2027.54,108
Miguel Ferreira,Spain,The Ordinary Salicylic Acid 2% Solution 50ml,2024-03-13,822.72,93
Clara Monteiro,France,Estée Lauder Nutritious Super-Pomegranate Radiant Energy Eye Jelly 20ml,2020-07-01,5214.59,112
Laura Ribeiro,South Korea,Neutrogena Oil-Free Acne Wash 20ml,2022-09-02,3755.59,80
Francisco Mendes,Japan,CeraVe PM Facial Moisturising Lotion 30g,2024-04-22,3851.56,77
Inês Ferreira,Philippines,Paula's Choice CLINICAL 1% Retinol Treatment 30ml,2020-03-11,3917.06,53
Francisco Mendes,Philippines,REN Clean Skincare Vita Mineral Active 7 Eye Gel 150ml,2021-11-07,13134.61,345
Sara Ferreira,Chile,Kiehl's Clearly Corrective Dark Spot Solution 50ml,2022-06-23,3203.09,114
Beatriz Cardoso,South Korea,Murad Hydro-Dynamic Ultimate Moisture 60ml,2023-07-24,4123.9,42
Matilde Moreira,Singapore,Sunday Riley Tidal Brightening Enzyme Water Cream 125ml,2024-12-18,1781.88,62
Margarida Mendes,Thailand,Pixi Skintreats Rose Caviar Eye Cream 125ml,2024-01-08,5353.15,61
Pedro Pereira,Japan,Olay Super Serum 5-in-1 60ml,2021-08-15,8838.87,104
Pedro Santos,Brazil,La Roche-Posay Lipikar Balm AP+ 60ml,2022-09-05,14353.86,221
Leonor Jesus,Mexico,Bioderma Atoderm Intensive Baume 30g,2020-07-23,21257.28,211
Ana Ferreira,Chile,COSRX Advanced Snail 92 All in One Cream 30g,2022-09-22,863.23,123
Catarina Correia,Poland,Clinique Smart Night Custom-Repair Moisturiser 150ml,2022-09-19,26733.22,316
Margarida Silva,Canada,Estée Lauder Nutritious Super-Pomegranate Radiant Energy Eye Jelly 340g,2021-05-31,9570.43,92
Pedro Cruz,France,Skinceuticals A.G.E. Eye Complex 60ml,2022-12-17,1222.74,24
Sofia Jesus,France,Murad Cellular Hydration Barrier Repair Cream 125ml,2021-05-21,2945.03,31
Sofia Carvalho,Brazil,Neutrogena Norwegian Formula Face Cream 125ml,2022-03-30,446.04,17
Joana Santos,Colombia,Estée Lauder Resilience Lift Firming & Sculpting Eye Cream 15ml,2020-12-02,11943.89,104
Inês Cruz,Canada,Olay Luminous Whip Face Moisturiser 60ml,2024-03-29,1355.57,113
Ana Nunes,Poland,Neutrogena Oil-Free Acne Wash 75ml,2020-02-25,3383.86,58
Tomás Rodrigues,Italy,REN Clean Skincare Clean Screen Mineral SPF30 15ml,2023-05-19,2025.87,273
Diogo Rocha,Brazil,CeraVe AM Facial Moisturising Lotion SPF25 15ml,2023-03-25,3697.58,113
Rafael Vieira,Italy,La Roche-Posay Hyalu B5 Serum 100ml,2024-05-13,24912.43,292
Tomás Ribeiro,Sweden,Avène Retrinal+ 0.1 Intensive Cream 125ml,2020-06-23,3199.23,50
Beatriz Jesus,Japan,Murad Cellular Hydration Barrier Repair Cream 200ml,2021-02-28,2972.16,52
Mariana Cruz,Chile,COSRX Balancium B5 Biome Comfort Cream 50ml,2022-02-04,16910.01,156
Lucas Coelho,Argentina,REN Clean Skincare Evercalm Global Protection Day Cream 30ml,2021-05-20,18099.02,235
Leonor Martins,Argentina,Pixi Skintreats Rose Caviar Eye Cream 75ml,2023-08-17,30109.34,416
Leonor Coelho,Brazil,Estée Lauder Advanced Night Repair Serum 125ml,2024-06-19,10002.82,201
Laura Soares,Singapore,Estée Lauder Advanced Night Repair Serum 50ml,2023-06-24,6541.33,327
Sofia Gomes,Singapore,COSRX Full Fit Propolis Light Cream 30ml,2021-10-12,6842.6,80
João Martins,Philippines,REN Clean Skincare Radiance Perfection Serum 100ml,2022-07-01,6727.59,101
Tomás Neves,Mexico,Olay Luminous Whip Face Moisturiser 30ml,2020-05-21,31108.73,293
Dinis Cardoso,United States,Murad Retinol Youth Renewal Serum 340g,2023-07-08,1007.62,111
Ana Teixeira,Italy,The Ordinary Hyaluronic Acid 2% + B5 250ml,2023-10-19,8969.82,196
Martim Rodrigues,Philippines,Paula's Choice SKIN RECOVERY Replenishing Moisturizer 20ml,2021-03-15,8324.88,109
Gonçalo Almeida,United Kingdom,Sunday Riley Tidal Brightening Enzyme Water Cream 60ml,2020-01-24,661.59,113
Leonor Rodrigues,Philippines,Sunday Riley Auto Correct Brightening and Depuffing Eye Contour Cream 125ml,2024-07-29,3366.73,112
Afonso Rocha,Spain,Bioderma Cicabio Arnica+ Repairing Cream 15ml,2020-01-25,18449.63,285
Pedro Cruz,Netherlands,Murad Vita-C Glycolic Brightening Serum 20ml,2024-04-29,4609.06,87
Rodrigo Cruz,United Kingdom,Pixi Vitamin-C Juice Cleanser 340g,2024-11-15,7537.64,99
Francisco Mendes,South Korea,Pixi Rose Ceramide Cream 40ml,2021-05-22,667.4,12
Dinis Cardoso,Thailand,Sunday Riley Saturn Sulfur Acne Treatment Mask 200ml,2020-08-26,12160.42,118
Miguel Martins,Poland,Kiehl's Calendula Serum-Infused Water Cream 40ml,2020-07-22,6365.38,110
Matilde Teixeira,India,Murad Oil-Control Mattifier SPF45 20ml,2023-12-03,7322.48,122
Carolina Ferreira,Argentina,La Roche-Posay Toleriane Hydrating Gentle Cleanser 200ml,2020-03-15,7870.33,136
João Martins,Sweden,Avène Retrinal+ 0.1 Intensive Cream 30g,2020-09-06,8071.51,117
Maria Fernandes,Thailand,REN Clean Skincare Overnight Glow Dark Spot Sleeping Cream 56.7g,2021-11-14,3397.01,35
Pedro Ferreira,Japan,CeraVe Eye Repair Cream 150ml,2021-02-25,4450.14,75
Francisco Fernandes,Spain,Neutrogena Cellular Boost Concentrate Serum 100ml,2022-03-22,6187.63,129
Sofia Mendes,Brazil,Pixi Hydrating Milky Serum 340g,2021-05-23,1886.63,66
João Vieira,Chile,COSRX Oil-Free Ultra-Moisturizing Lotion 60ml,2022-10-15,2672.97,55
Clara Cardoso,China,Drunk Elephant T.L.C. Framboos Glycolic Night Serum 100ml,2023-02-06,1565.76,85
Guilherme Costa,Argentina,Pixi Retinol Tonic 340g,2020-06-24,5212.49,69
Rafael Gomes,Japan,Drunk Elephant F-Balm Electrolyte Waterbalm 200ml,2023-09-16,6595.82,80
Margarida Pereira,France,Drunk Elephant Virgin Marula Luxury Face Oil 250ml,2024-04-27,3498.71,201
Leonor Jesus,Sweden,Bioderma Sebium Pore Refiner 50ml,2024-02-27,316.05,36
Inês Cardoso,Italy,Drunk Elephant F-Balm Electrolyte Waterbalm 56.7g,2020-06-30,9570.66,136
Mariana Soares,India,Skinceuticals Discoloration Defense Serum 125ml,2022-07-16,2006.9,30
Carolina Vieira,Japan,Avène Retrinal+ 0.1 Intensive Cream 125ml,2024-08-20,6448.68,96
Gonçalo Ribeiro,India,Estée Lauder Advanced Night Repair Serum 250ml,2020-05-02,1310.3,22
Rodrigo Jesus,China,Bioderma Atoderm Intensive Baume 56.7g,2020-09-29,1808.9,31
Maria Ferreira,China,Drunk Elephant A-Passioni Retinol Cream 150ml,2020-06-22,14026.57,323
João Cardoso,Germany,COSRX AHA/BHA Clarifying Treatment Toner 15ml,2020-10-19,8130.75,120
Tiago Gomes,Thailand,Neutrogena Norwegian Formula Face Cream 340g,2024-09-29,11717.46,178
Martim Pinto,Brazil,First Aid Beauty Hello FAB Coconut Skin Smoothie Priming Moisturizer 100ml,2020-06-17,12079.45,122
Sofia Nunes,Brazil,Clinique Repairwear Laser Focus Eye Cream 340g,2021-07-28,376.33,19
Clara Ferreira,Sweden,First Aid Beauty Ultra Repair Cream 50ml,2024-04-06,1146.26,64
Matilde Moreira,France,Sunday Riley Saturn Sulfur Acne Treatment Mask 340g,2022-05-29,1591.02,19
Afonso Monteiro,South Korea,Drunk Elephant Virgin Marula Luxury Face Oil 60ml,2023-06-24,579.98,20
Rafael Gomes,Japan,REN Clean Skincare Vita Mineral Active 7 Eye Gel 30g,2021-12-14,4410.74,42
Sofia Carvalho,Brazil,Sunday Riley Auto Correct Brightening and Depuffing Eye Contour Cream 30ml,2024-10-31,23900.13,248
Lucas Costa,Netherlands,Clinique All About Eyes Rich 56.7g,2020-03-30,13836.82,311
Rodrigo Cruz,Italy,Avène Hydrance Rich Rehydrating Cream 200ml,2022-02-01,7175.19,70
Carolina Jesus,Philippines,Paula's Choice SKIN PERFECTING 2% BHA Liquid Exfoliant 15ml,2023-05-09,15108.75,167
Mariana Soares,Canada,Avène Retrinal+ 0.1 Intensive Cream 100ml,2023-01-04,2384.54,59
Sara Cruz,Italy,Sunday Riley UFO Ultra-Clarifying Face Oil 15ml,2020-03-16,197.63,13
Rodrigo Cruz,Singapore,Estée Lauder Re-Nutriv Ultimate Lift Age-Correcting Crème 250ml,2020-12-27,4729.25,126
Sofia Nunes,Chile,Pixi Rose Ceramide Cream 30g,2022-07-19,1491.92,302
Sara Ferreira,Canada,Neutrogena Bright Boost Gel Cream 250ml,2024-02-19,365.62,33
Joana Oliveira,India,CeraVe Renewing SA Cream 125ml,2022-04-20,36424.32,319
Lucas Santos,United Kingdom,Skinceuticals Physical Fusion UV Defense SPF 50 200ml,2024-03-24,15955.81,143
João Martins,Thailand,Olay Regenerist Collagen Peptide24 Serum 15ml,2021-03-10,10746.11,104
Carolina Marques,Canada,Pixi Hydrating Milky Serum 15ml,2023-06-04,1652.81,22
Joana Fernandes,South Korea,Paula's Choice BOOST 10% Niacinamide Booster 100ml,2024-07-27,1388.48,60
Catarina Martins,United States,Estée Lauder DayWear Multi-Protection Anti-Oxidant 24H Moisturizer SPF15 15ml,2024-12-03,21215.93,190
Ana Nunes,Philippines,Sunday Riley Ice Ceramide Moisturizing Cream 125ml,2023-11-21,4894.29,62
Tomás Ribeiro,Philippines,Clinique Dramatically Different Moisturising Lotion+ 200ml,2021-07-12,31539.61,348
Martim Rodrigues,South Korea,La Roche-Posay Retinol B3 Serum 75ml,2020-01-08,3807.75,37
Ana Ferreira,Netherlands,First Aid Beauty Eye Duty Triple Remedy AM Gel Cream 340g,2022-03-08,5275.67,112
Rodrigo Moreira,South Korea,Sunday Riley Good Genes All-In-One Lactic Acid Treatment 150ml,2023-12-26,6349.21,300
Joana Fernandes,Mexico,Sunday Riley UFO Ultra-Clarifying Face Oil 340g,2020-01-16,2974.2,180
Lucas Costa,United Kingdom,CeraVe Renewing SA Cream 100ml,2023-10-19,373.91,60
Dinis Pereira,Brazil,Clinique Moisture Surge 100H Auto-Replenishing Hydrator 60ml,2023-10-13,3366.89,54
Ana Teixeira,United Kingdom,REN Clean Skincare V-Cense Revitalising Eye Cream 30ml,2022-10-18,9750.98,88
Afonso Jesus,Spain,COSRX Ultimate Moisturizing Honey Overnight Mask 125ml,2022-04-05,1061.4,99
Leonor Pinto,United Kingdom,Avène Eau Thermale Spray 125ml,2024-11-03,13614.99,241
Mariana Soares,South Korea,Bioderma Sensibio Light Soothing Cream 15ml,2022-10-29,3264.2,41
Mariana Mendes,Germany,La Roche-Posay Hyalu B5 Serum 50ml,2022-01-22,1342.63,38
Dinis Carvalho,Germany,Drunk Elephant C-Firma Fresh Day Serum 15ml,2023-04-22,3670.94,385
Ana Nunes,Singapore,Neutrogena Rapid Wrinkle Repair Retinol Cream 200ml,2022-02-10,12965.69,137
Miguel Rocha,India,Estée Lauder Nutritious Super-Pomegranate Radiant Energy Eye Jelly 125ml,2021-04-05,5696.02,95
Rodrigo Moreira,Netherlands,COSRX Full Fit Propolis Light Cream 56.7g,2023-10-15,10107.64,102
Lucas Santos,India,Skinceuticals B5 Gel Hydrating Serum 100ml,2023-03-10,1577.31,189
Martim Marques,Chile,Murad Brightening Booster 56.7g,2021-03-17,352.19,44
Pedro Cruz,India,Paula's Choice BOOST 10% Niacinamide Booster 30g,2020-07-02,785.1,34
Afonso Pereira,Chile,Skinceuticals Metacell Renewal B3 40ml,2022-04-08,4260.69,258
Maria Ferreira,South Korea,Avène XeraCalm A.D Lipid-Replenishing Cream 56.7g,2024-02-06,40528.05,386
Carolina Marques,Brazil,Estée Lauder Resilience Lift Firming & Sculpting Eye Cream 60ml,2022-04-17,340.52,73
Sofia Martins,Poland,Neutrogena Ultra Sheer Dry-Touch Sunscreen SPF 50+ 75ml,2024-11-24,1771.93,191
Martim Teixeira,Germany,La Roche-Posay Retinol B3 Serum 30ml,2024-10-21,31143.1,280
Leonor Coelho,Indonesia,Skinceuticals Phyto Corrective Gel 30ml,2020-09-04,5887.55,108
Afonso Martins,United States,Pixi Rose Ceramide Cream 340g,2020-08-30,6439.69,143
Gonçalo Rodrigues,United Kingdom,Estée Lauder DayWear Multi-Protection Anti-Oxidant 24H Moisturizer SPF15 50ml,2020-02-28,4656.54,110
Carolina Jesus,Philippines,Murad Oil-Control Mattifier SPF45 50ml,2024-09-26,6951.45,145
Dinis Monteiro,China,Murad Cellular Hydration Barrier Repair Cream 125ml,2020-12-14,13372.05,129
João Martins,Germany,Olay Regenerist Collagen Peptide24 Serum 250ml,2024-06-04,12737.93,302
Matilde Moreira,Canada,Neutrogena Rapid Wrinkle Repair Retinol Cream 30ml,2024-10-26,6712.82,132
Miguel Martins,Mexico,La Roche-Posay Cicaplast Baume B5 30ml,2020-10-16,514.47,14
Gonçalo Fernandes,Philippines,Pixi Hydrating Milky Serum 15ml,2024-01-19,8152.72,95
Rafael Vieira,Canada,Paula's Choice BOOST 10% Niacinamide Booster 15ml,2024-02-29,22184.48,329
Lucas Costa,South Korea,Tatcha The Clarifying Clay Mask 56.7g,2020-02-02,737.01,50
Ana Teixeira,Poland,Clinique Even Better Clinical Radical Dark Spot Corrector 15ml,2023-09-06,11759.61,146
Margarida Marques,Canada,Tatcha The Eye Concentrate 100ml,2023-08-07,18278.03,171
Diogo Rocha,Mexico,Clinique Dramatically Different Moisturising Lotion+ 20ml,2024-08-11,362.85,45
Sofia Mendes,Japan,Pixi Skintreats Rose Caviar Eye Cream 75ml,2020-06-14,11569.92,143
Guilherme Costa,India,CeraVe Hydrating Cleanser 40ml,2022-03-11,10296.8,98
Margarida Pereira,India,La Roche-Posay Anthelios Invisible Fluid SPF50+ 20ml,2024-09-03,3309.41,47
Sofia Rodrigues,Argentina,Estée Lauder Revitalizing Supreme+ Moisturizer 75ml,2021-09-17,8916.5,109
Martim Teixeira,Canada,Sunday Riley Good Genes All-In-One Lactic Acid Treatment 30ml,2020-10-28,2233.89,24
João Martins,Spain,Sunday Riley Auto Correct Brightening and Depuffing Eye Contour Cream 60ml,2021-09-05,2462.24,102
Sofia Carvalho,Sweden,Avène Hydrance Rich Rehydrating Cream 200ml,2024-11-25,4708.19,78
Margarida Mendes,Singapore,REN Clean Skincare Overnight Glow Dark Spot Sleeping Cream 125ml,2021-12-03,26220.53,306
Tomás Coelho,Germany,Murad AHA/BHA Exfoliating Cleanser 100ml,2024-11-15,3559.27,105
Inês Ferreira,United Kingdom,Estée Lauder Perfectly Clean Multi-Action Foam Cleanser 250ml,2023-02-21,11716.46,105
Gonçalo Rodrigues,China,COSRX AC Collection Lightweight Soothing Moisturizer 75ml,2022-05-12,929.71,34
Rodrigo Pereira,Indonesia,Tatcha The Indigo Overnight Repair Treatment 50ml,2022-08-01,2438.96,150
Dinis Monteiro,United States,Kiehl's Powerful-Strength Line-Reducing Concentrate 250ml,2021-11-05,13238.33,128
Leonor Marques,South Korea,Tatcha The Rice Polish Foaming Enzyme Powder 50ml,2024-05-26,3465.31,73
Lucas Santos,Japan,Avène Cicalfate+ Restorative Protective Cream 150ml,2022-09-23,12395.41,138
Rafael Vieira,Mexico,Tatcha The Rice Polish Foaming Enzyme Powder 125ml,2023-01-14,10803.37,119
Ana Teixeira,Mexico,REN Clean Skincare Vita Mineral Active 7 Eye Gel 56.7g,2020-04-29,2426.31,31
Pedro Cruz,China,COSRX Ultimate Moisturizing Honey Overnight Mask 250ml,2024-05-20,14094.26,159
Tiago Gomes,United States,La Roche-Posay Toleriane Double Repair Moisturiser 340g,2024-04-04,3098.83,63
Mariana Soares,Netherlands,First Aid Beauty Ultra Repair Cream 15ml,2023-10-27,795.94,65
Carolina Ferreira,Japan,The Ordinary Natural Moisturising Factors + HA 340g,2023-11-14,15784.18,143
Afonso Jesus,Singapore,Kiehl's Rare Earth Deep Pore Cleansing Masque 20ml,2021-12-22,36435.65,391
Matilde Carvalho,Colombia,Pixi Retinol Tonic 340g,2023-10-23,2974.88,51
Afonso Neves,Argentina,CeraVe Skin Renewing Night Cream 150ml,2020-12-28,9187.11,89
Lucas Rodrigues,Canada,Tatcha The Essence Plump Skin Softener 15ml,2024-06-30,17172.32,143
Tiago Jesus,Canada,Pixi +C VIT Brightening Serum 30ml,2022-04-29,8843.86,172
Mariana Cruz,Philippines,Sunday Riley Tidal Brightening Enzyme Water Cream 60ml,2020-09-28,3662.64,66
Margarida Cardoso,Netherlands,Pixi Skintreats Rose Caviar Eye Cream 30ml,2023-12-04,4449.63,79
Miguel Marques,Indonesia,Paula's Choice SKIN RECOVERY Replenishing Moisturizer 50ml,2020-09-02,12986.18,119
Afonso Monteiro,Singapore,Skinceuticals Phyto Corrective Gel 150ml,2022-07-27,2793.23,141
Inês Nunes,Indonesia,CeraVe AM Facial Moisturising Lotion SPF25 75ml,2020-09-21,34538.94,332
Lucas Costa,Sweden,Bioderma Sensibio H2O Micellar Water 150ml,2021-10-01,8191.6,149
Joana Costa,Brazil,Pixi Hydrating Milky Serum 150ml,2023-06-13,11820.48,362
Pedro Cruz,Japan,Estée Lauder Revitalizing Supreme+ Moisturizer 125ml,2022-02-04,3208.2,406
Pedro Ferreira,Colombia,Sunday Riley UFO Ultra-Clarifying Face Oil 56.7g,2021-12-22,1044.51,214
Margarida Mendes,Mexico,Olay Regenerist Collagen Peptide24 Serum 75ml,2023-11-19,4545.8,74
Guilherme Neves,Canada,Drunk Elephant Virgin Marula Luxury Face Oil 75ml,2022-07-06,1337.19,47
Dinis Cardoso,China,Skinceuticals A.G.E. Eye Complex 30ml,2020-07-27,1558.97,137
Clara Mendes,Philippines,Murad Brightening Booster 20ml,2023-06-08,5030.2,57
Clara Gomes,Chile,The Ordinary AHA 30% + BHA 2% Peeling Solution 150ml,2024-10-25,3732.81,77
Clara Cardoso,Mexico,Bioderma Sensibio Light Soothing Cream 100ml,2024-12-20,5550.33,143
Maria Coelho,Argentina,Clinique Even Better Clinical Radical Dark Spot Corrector 15ml,2022-12-04,471.53,46
Rafael Gomes,Singapore,COSRX AHA/BHA Clarifying Treatment Toner 20ml,2022-09-06,4217.91,55
Sara Fernandes,South Korea,REN Clean Skincare Vita Mineral Active 7 Eye Gel 50ml,2023-01-25,5327.01,137
Afonso Martins,Germany,The Ordinary Niacinamide 10% + Zinc 1% 30ml,2021-10-17,16633.97,232
Sara Cruz,Singapore,Kiehl's Calendula Serum-Infused Water Cream 340g,2024-09-11,12458.29,185
Rafael Pereira,Colombia,Estée Lauder Re-Nutriv Ultimate Lift Age-Correcting Crème 20ml,2023-11-30,6500.45,62
Afonso Monteiro,Philippines,CeraVe Hydrating Cleanser 100ml,2022-04-11,5439.18,47
Margarida Mendes,Italy,Olay Regenerist Collagen Peptide24 Serum 40ml,2020-04-19,21047.5,218
Inês Nunes,United Kingdom,Drunk Elephant C-Firma Fresh Day Serum 30g,2023-11-18,5871.8,60
Afonso Monteiro,South Korea,Skinceuticals B5 Gel Hydrating Serum 100ml,2021-03-05,3004.62,121
Rodrigo Pereira,Spain,Skinceuticals C E Ferulic Serum 75ml,2021-06-13,3599.32,32
Tiago Gomes,Argentina,Neutrogena Oil-Free Acne Wash 125ml,2024-07-14,2839.37,273
Joana Santos,United States,First Aid Beauty Ultra Repair Cream 150ml,2020-08-11,6570.21,262
Catarina Correia,Singapore,Clinique All About Eyes Rich 125ml,2021-05-14,2822.04,106
Dinis Ferreira,United Kingdom,Tatcha The Essence Plump Skin Softener 100ml,2024-03-07,8052.54,144
Sofia Gomes,Germany,Sunday Riley Saturn Sulfur Acne Treatment Mask 20ml,2024-09-19,5669.94,53
Sofia Carvalho,Spain,Estée Lauder DayWear Multi-Protection Anti-Oxidant 24H Moisturizer SPF15 150ml,2023-03-25,1140.06,13
Matilde Carvalho,India,Tatcha The Rice Polish Foaming Enzyme Powder 30g,2021-10-29,17048.95,150
Miguel Martins,Spain,Tatcha The Essence Plump Skin Softener 30ml,2024-04-24,20416.88,202
Lucas Rodrigues,Chile,First Aid Beauty Ultra Repair Tinted Moisturizer SPF 30 56.7g,2021-06-16,10286.13,97
Sofia Nunes,South Korea,La Roche-Posay Hyalu B5 Serum 340g,2020-10-13,3648.45,67
Joana Costa,Germany,Estée Lauder DayWear Multi-Protection Anti-Oxidant 24H Moisturizer SPF15 250ml,2021-10-18,5251.47,49
Lucas Santos,Sweden,Kiehl's Powerful-Strength Line-Reducing Concentrate 150ml,2024-05-24,1624.78,22
Miguel Ferreira,China,COSRX AC Collection Lightweight Soothing Moisturizer 60ml,2024-10-26,14748.55,206
Ana Ferreira,Sweden,Clinique Take The Day Off Cleansing Balm 30ml,2020-01-12,3111.39,212
Gonçalo Ribeiro,Canada,Murad Cellular Hydration Barrier Repair Cream 56.7g,2020-02-04,4369.12,136
Ana Nunes,India,Murad Cellular Hydration Barrier Repair Cream 30ml,2021-11-09,28653.82,348
João Mendes,United Kingdom,The Ordinary Glycolic Acid 7% Toning Solution 250ml,2022-03-03,2479.6,25
Martim Marques,Colombia,CeraVe Renewing SA Cream 75ml,2020-03-28,8280.44,121
Catarina Jesus,Philippines,First Aid Beauty Hello FAB Coconut Skin Smoothie Priming Moisturizer 200ml,2022-03-11,5271.52,54
Dinis Ferreira,Poland,The Ordinary Buffet Multi-Technology Peptide Serum 56.7g,2020-02-17,5328.25,128
Francisco Jesus,Thailand,Sunday Riley Good Genes All-In-One Lactic Acid Treatment 56.7g,2023-10-20,31861.13,288
Rafael Martins,South Korea,Kiehl's Rare Earth Deep Pore Cleansing Masque 20ml,2021-06-11,4503.52,71
Diogo Costa,Brazil,Skinceuticals Physical Fusion UV Defense SPF 50 40ml,2023-01-07,2095.05,22
João Neves,Philippines,COSRX AHA/BHA Clarifying Treatment Toner 30g,2021-06-03,278.21,30
Beatriz Marques,Netherlands,Sunday Riley Good Genes All-In-One Lactic Acid Treatment 250ml,2022-03-01,6579.17,85
Diogo Rocha,France,Drunk Elephant C-Firma Fresh Day Serum 200ml,2021-05-21,1663.38,39
Rodrigo Pinto,Mexico,Avène Antirougeurs Jour Redness Relief Cream 340g,2022-12-17,1701.74,51
Ana Moreira,Italy,Estée Lauder Re-Nutriv Ultimate Lift Age-Correcting Crème 125ml,2021-11-06,6869.37,81
Lucas Ribeiro,Indonesia,Paula's Choice CALM Redness Relief Moisturizer SPF 30 50ml,2024-09-02,124.9,31
Rafael Mendes,Indonesia,First Aid Beauty KP Bump Eraser Body Scrub 125ml,2021-09-03,18063.99,148
Sofia Martins,Japan,COSRX Advanced Snail 96 Mucin Power Essence 125ml,2021-02-23,14753.87,271
João Nunes,South Korea,COSRX AC Collection Lightweight Soothing Moisturizer 250ml,2024-08-16,3560.98,64
Laura Ribeiro,Canada,Tatcha The Rice Polish Foaming Enzyme Powder 40ml,2024-01-20,833.69,13
Dinis Ferreira,Italy,Estée Lauder Revitalizing Supreme+ Moisturizer 200ml,2020-09-15,3492.95,135
Francisco Almeida,United States,COSRX Advanced Snail 96 Mucin Power Essence 30g,2020-06-13,544.49,27
Inês Ferreira,China,CeraVe PM Facial Moisturising Lotion 75ml,2023-07-03,23525.67,263
Rafael Pereira,Italy,Estée Lauder Revitalizing Supreme+ Moisturizer 30g,2022-07-21,1758.28,30
Afonso Monteiro,Thailand,Clinique Even Better Clinical Radical Dark Spot Corrector 40ml,2023-03-15,2621.79,133
Sofia Carvalho,Colombia,First Aid Beauty Pure Skin Face Cleanser 50ml,2024-03-07,5603.37,121
Matilde Moreira,Italy,Skinceuticals Triple Lipid Restore 2:4:2 340g,2020-05-16,3708.82,60
Rodrigo Jesus,Brazil,Paula's Choice BOOST 10% Niacinamide Booster 200ml,2020-08-16,2769.79,26
Rafael Pereira,Mexico,COSRX Advanced Snail 96 Mucin Power Essence 60ml,2021-11-02,595.13,11
Sara Mendes,United Kingdom,Bioderma Sebium Pore Refiner 75ml,2021-06-03,24230.77,503
Margarida Oliveira,Philippines,COSRX Advanced Snail 96 Mucin Power Essence 30g,2023-08-04,2467.35,27
Clara Gomes,Philippines,Bioderma Hydrabio Gel-Crème 125ml,2022-03-09,482.74,14
Rafael Pereira,India,Clinique Moisture Surge 100H Auto-Replenishing Hydrator 20ml,2021-07-30,4035.72,120
Laura Soares,Spain,Olay Super Serum 5-in-1 20ml,2022-05-05,25607.52,306
Leonor Pinto,Italy,First Aid Beauty Pure Skin Face Cleanser 250ml,2021-01-18,10958.56,137
Sara Mendes,Colombia,The Ordinary Glycolic Acid 7% Toning Solution 56.7g,2024-02-23,1588.45,86
Martim Pinto,Germany,COSRX Ultimate Moisturizing Honey Overnight Mask 15ml,2023-09-29,1228.33,39
Diogo Ribeiro,Spain,Drunk Elephant C-Firma Fresh Day Serum 50ml,2023-05-15,16728.87,261
Ana Vieira,Netherlands,La Roche-Posay Effaclar Mat Moisturiser 50ml,2021-10-18,942.37,31
Gonçalo Fernandes,Brazil,Bioderma Nodé Detox Shampoo 30ml,2023-01-31,2532.86,57
Diogo Oliveira,United States,La Roche-Posay Toleriane Hydrating Gentle Cleanser 56.7g,2023-03-28,3194.56,57
Rafael Pereira,Mexico,CeraVe Eye Repair Cream 40ml,2023-07-28,5406.11,240
Lucas Costa,Brazil,Tatcha The Indigo Overnight Repair Treatment 150ml,2021-02-23,13861.52,149
Mariana Cruz,United States,Sunday Riley UFO Ultra-Clarifying Face Oil 100ml,2023-06-05,2390.0,31
Rafael Vieira,Singapore,First Aid Beauty Ultra Repair Cream 60ml,2021-08-26,15229.45,148
Laura Pereira,Sweden,Clinique Smart Night Custom-Repair Moisturiser 20ml,2020-03-01,25988.14,295
Joana Costa,France,First Aid Beauty Hello FAB Coconut Skin Smoothie Priming Moisturizer 250ml,2020-12-06,4599.26,41
Gonçalo Rodrigues,India,Kiehl's Powerful-Strength Line-Reducing Concentrate 100ml,2024-11-16,12616.52,136
Margarida Mendes,United States,Estée Lauder Micro Essence Skin Activating Treatment Lotion 15ml,2022-07-27,6918.72,64
Joana Santos,Germany,First Aid Beauty Hello FAB Coconut Skin Smoothie Priming Moisturizer 30ml,2023-02-03,8728.97,122
Rafael Pereira,Poland,First Aid Beauty FAB Skin Lab Resurfacing Liquid 10% AHA 30ml,2024-01-03,332.19,114
Sara Ferreira,United Kingdom,Clinique All About Eyes Rich 250ml,2020-04-21,1272.33,121
Ana Vieira,China,Clinique Repairwear Laser Focus Eye Cream 56.7g,2024-04-19,22963.57,286
Gonçalo Coelho,United Kingdom,La Roche-Posay Toleriane Hydrating Gentle Cleanser 30g,2024-11-17,1829.62,37
Matilde Moreira,Canada,Sunday Riley Saturn Sulfur Acne Treatment Mask 30g,2020-08-02,12665.53,191
Sofia Rodrigues,Canada,Paula's Choice EARTH SOURCED Antioxidant-Enriched Natural Moisturizer 340g,2024-07-28,6558.2,62
Catarina Jesus,Singapore,Avène Hydrance Rich Rehydrating Cream 56.7g,2023-01-19,5816.22,75
Diogo Monteiro,Poland,COSRX Full Fit Propolis Light Cream 100ml,2022-02-28,12019.25,106
Afonso Vieira,Germany,La Roche-Posay Anthelios Invisible Fluid SPF50+ 150ml,2020-06-21,11584.01,347
Margarida Pereira,India,Neutrogena Bright Boost Gel Cream 30g,2021-11-04,176.56,50
Francisco Jesus,Mexico,Drunk Elephant C-Firma Fresh Day Serum 30ml,2022-06-24,22830.18,218
Gonçalo Ribeiro,China,Clinique Take The Day Off Cleansing Balm 200ml,2024-03-26,9294.6,105
Lucas Costa,Singapore,COSRX AHA/BHA Clarifying Treatment Toner 56.7g,2023-12-04,9353.38,300
Carolina Jesus,Sweden,CeraVe Moisturising Cream 250ml,2020-12-09,6172.43,180
Pedro Cruz,United States,Tatcha The Water Cream 30g,2024-08-05,6182.06,69
Gonçalo Ferreira,Spain,Estée Lauder Re-Nutriv Ultimate Lift Age-Correcting Crème 200ml,2022-02-15,2010.29,50
João Martins,United Kingdom,Avène Eau Thermale Spray 200ml,2024-01-29,3239.02,49
Tiago Carvalho,Indonesia,Kiehl's Rare Earth Deep Pore Cleansing Masque 30g,2024-01-22,2264.34,21
Afonso Rocha,Singapore,Sunday Riley Saturn Sulfur Acne Treatment Mask 340g,2024-10-07,8637.55,93
Joana Santos,Sweden,La Roche-Posay Cicaplast Baume B5 200ml,2024-12-27,1031.14,10
Carolina Jesus,Italy,The Ordinary Salicylic Acid 2% Solution 40ml,2024-03-19,8364.97,461
Ana Vieira,United Kingdom,Pixi Retinol Tonic 60ml,2024-07-20,320.75,35
Ana Moreira,Argentina,Murad Hydro-Dynamic Ultimate Moisture 340g,2024-10-17,10717.22,121
Rodrigo Pereira,Philippines,La Roche-Posay Retinol B3 Serum 250ml,2020-11-04,2774.19,115
Martim Teixeira,Canada,The Ordinary Hyaluronic Acid 2% + B5 60ml,2023-01-05,34473.23,477
Martim Marques,South Korea,Kiehl's Super Multi-Corrective Anti-Aging Face & Neck Cream 125ml,2020-02-01,669.93,50
Rodrigo Jesus,Canada,Estée Lauder DayWear Multi-Protection Anti-Oxidant 24H Moisturizer SPF15 100ml,2024-09-10,851.47,11
Clara Mendes,Singapore,Murad AHA/BHA Exfoliating Cleanser 75ml,2023-01-23,6456.98,133
Carolina Marques,Singapore,Drunk Elephant T.L.C. Framboos Glycolic Night Serum 340g,2024-01-18,7500.29,475
João Nunes,Philippines,Olay Vitamin C + Peptide 24 Face Moisturizer 40ml,2020-12-17,1405.25,99
Rodrigo Coelho,Sweden,Drunk Elephant Virgin Marula Luxury Face Oil 150ml,2021-10-19,1324.1,24
Rafael Vieira,Colombia,Estée Lauder Micro Essence Skin Activating Treatment Lotion 50ml,2022-07-13,9066.4,132
Rafael Pereira,France,Bioderma Cicabio Arnica+ Repairing Cream 125ml,2021-04-09,7396.3,81
Ana Ferreira,Canada,Pixi Glow Tonic 20ml,2023-11-25,1848.97,51
Dinis Carvalho,Colombia,Kiehl's Super Multi-Corrective Anti-Aging Face & Neck Cream 56.7g,2024-05-05,37638.78,400
Rodrigo Pinto,India,Estée Lauder Revitalizing Supreme+ Moisturizer 150ml,2021-07-16,710.08,11
Pedro Cruz,China,La Roche-Posay Lipikar Balm AP+ 100ml,2021-01-29,695.15,24
Rafael Vieira,Chile,Bioderma Hydrabio Gel-Crème 200ml,2021-10-30,5044.57,46
Inês Monteiro,China,Estée Lauder Resilience Lift Firming & Sculpting Eye Cream 125ml,2020-08-28,30516.58,294
Pedro Ferreira,Japan,Paula's Choice SKIN RECOVERY Replenishing Moisturizer 40ml,2023-09-26,1733.79,77
Margarida Silva,China,Tatcha The Silk Cream 30ml,2024-08-08,30857.86,340
Mariana Cruz,South Korea,Kiehl's Calendula Serum-Infused Water Cream 100ml,2024-09-01,6578.53,147
Afonso Monteiro,Spain,La Roche-Posay Lipikar Balm AP+ 150ml,2021-03-18,616.84,45
Sofia Mendes,Philippines,CeraVe Hydrating Cleanser 50ml,2024-03-26,1156.79,60
Dinis Pereira,Chile,Skinceuticals Triple Lipid Restore 2:4:2 200ml,2024-06-05,17202.67,193
Laura Soares,Netherlands,Neutrogena Rapid Wrinkle Repair Retinol Cream 200ml,2022-08-14,8697.93,90
Afonso Monteiro,Argentina,Pixi Rose Ceramide Cream 60ml,2023-06-16,12726.07,141
Sofia Jesus,Poland,Neutrogena Bright Boost Gel Cream 125ml,2022-01-10,9548.93,99
Sofia Nunes,South Korea,Pixi Glow Tonic 250ml,2024-04-11,3322.43,85
Rodrigo Pereira,South Korea,Estée Lauder Advanced Night Repair Serum 200ml,2023-06-11,5685.84,115
Leonor Martins,Germany,Bioderma Sensibio H2O Micellar Water 125ml,2024-07-26,4432.88,48
Martim Rodrigues,Germany,Murad Cellular Hydration Barrier Repair Cream 150ml,2022-02-21,3529.2,267
Rafael Gomes,Chile,COSRX AC Collection Lightweight Soothing Moisturizer 340g,2022-12-19,5062.31,52
Beatriz Marques,Argentina,Olay Regenerist Micro-Sculpting Cream 30ml,2020-03-31,913.34,149
Gonçalo Coelho,Thailand,Sunday Riley C.E.O. 15% Vitamin C Brightening Serum 15ml,2021-08-20,3552.58,49
Sofia Mendes,United States,Pixi Retinol Tonic 250ml,2021-06-25,1557.29,22
Pedro Sousa,Spain,La Roche-Posay Anthelios Invisible Fluid SPF50+ 30ml,2023-03-18,895.13,72
Margarida Marques,Canada,Avène Retrinal+ 0.1 Intensive Cream 100ml,2022-07-02,24296.85,345
Pedro Sousa,United Kingdom,Paula's Choice SKIN RECOVERY Replenishing Moisturizer 340g,2020-10-30,9553.42,130
Beatriz Cardoso,Sweden,Kiehl's Super Multi-Corrective Anti-Aging Face & Neck Cream 56.7g,2022-04-03,659.07,136
Inês Monteiro,Japan,COSRX Oil-Free Ultra-Moisturizing Lotion 60ml,2023-04-03,3849.18,118
Martim Marques,Canada,Olay Super Serum 5-in-1 56.7g,2022-10-23,3646.42,76
João Mendes,Germany,Pixi Glow Tonic 56.7g,2023-03-07,8415.9,128
Tomás Rodrigues,Colombia,Paula's Choice SKIN RECOVERY Replenishing Moisturizer 100ml,2020-06-07,3959.06,133
Matilde Moreira,Chile,Drunk Elephant T.L.C. Framboos Glycolic Night Serum 150ml,2023-10-11,3078.25,58
Francisco Jesus,Poland,Clinique All About Eyes Rich 50ml,2024-12-12,244.28,29
Matilde Moreira,France,Kiehl's Calendula Serum-Infused Water Cream 30ml,2020-11-22,1807.58,219
Ana Vieira,Colombia,Estée Lauder Revitalizing Supreme+ Moisturizer 200ml,2022-08-06,3673.47,84
Catarina Jesus,Canada,Paula's Choice SKIN PERFECTING 2% BHA Liquid Exfoliant 150ml,2024-11-24,8906.32,94
Rafael Mendes,Colombia,Tatcha The Clarifying Clay Mask 75ml,2021-08-02,7352.01,256
Diogo Costa,Colombia,COSRX AC Collection Lightweight Soothing Moisturizer 56.7g,2023-08-19,3106.03,77
Dinis Ferreira,Poland,Olay Vitamin C + Peptide 24 Face Moisturizer 75ml,2022-05-09,8497.6,131
Beatriz Ferreira,Netherlands,CeraVe Renewing SA Cream 200ml,2024-12-02,1413.17,64
Gonçalo Fernandes,United Kingdom,COSRX Balancium B5 Biome Comfort Cream 200ml,2021-12-18,4944.78,50
Dinis Silva,Thailand,Avène Antirougeurs Jour Redness Relief Cream 340g,2021-04-28,5035.22,371
Martim Marques,China,Skinceuticals C E Ferulic Serum 75ml,2023-05-31,22847.21,428
Afonso Almeida,India,First Aid Beauty Eye Duty Triple Remedy AM Gel Cream 30ml,2021-08-15,2860.8,31
Leonor Rodrigues,Japan,CeraVe Healing Ointment 40ml,2024-07-10,5750.78,125
Afonso Jesus,China,First Aid Beauty Eye Duty Triple Remedy AM Gel Cream 30ml,2021-06-14,2176.46,43
Mariana Cruz,Chile,REN Clean Skincare Evercalm Global Protection Day Cream 60ml,2020-01-07,608.94,50
Maria Moreira,Sweden,Olay Luminous Whip Face Moisturiser 56.7g,2024-04-27,18365.46,215
Carolina Jesus,South Korea,First Aid Beauty Ultra Repair Firming Collagen Cream 60ml,2024-10-03,4942.19,151
Dinis Ferreira,Spain,First Aid Beauty Ultra Repair Tinted Moisturizer SPF 30 15ml,2022-06-01,4897.3,149
João Neves,Japan,REN Clean Skincare Vita Mineral Active 7 Eye Gel 56.7g,2022-09-04,9963.93,90
Mariana Cruz,Sweden,CeraVe PM Facial Moisturising Lotion 60ml,2022-05-04,5229.8,51
Pedro Sousa,Mexico,The Ordinary AHA 30% + BHA 2% Peeling Solution 20ml,2021-10-10,2214.71,139
Beatriz Jesus,Thailand,Estée Lauder Micro Essence Skin Activating Treatment Lotion 125ml,2024-07-25,10237.83,111
Afonso Monteiro,Brazil,Estée Lauder Resilience Lift Firming & Sculpting Eye Cream 75ml,2021-05-26,6097.02,75
Carolina Marques,Singapore,Neutrogena Ultra Sheer Dry-Touch Sunscreen SPF 50+ 200ml,2024-11-15,588.42,10
Catarina Monteiro,Brazil,Drunk Elephant Lala Retro Whipped Cream 15ml,2022-01-23,4214.56,453
Guilherme Costa,South Korea,Neutrogena Oil-Free Acne Wash 60ml,2021-08-13,3749.98,144
Beatriz Ferreira,Japan,Clinique Take The Day Off Cleansing Balm 100ml,2020-06-10,11819.52,113
Dinis Pereira,Brazil,Paula's Choice CALM Redness Relief Moisturizer SPF 30 40ml,2022-01-16,173.4,19
Laura Mendes,South Korea,Kiehl's Midnight Recovery Concentrate 150ml,2024-01-12,4532.88,91
Tiago Gomes,Sweden,Murad Oil-Control Mattifier SPF45 40ml,2023-08-26,2533.85,115
Dinis Pereira,Thailand,Tatcha The Dewy Skin Cream 20ml,2023-12-27,11275.03,102
Gonçalo Ferreira,China,Paula's Choice DEFENSE Antioxidant Pore Purifier 30ml,2022-04-20,1355.1,39
Mariana Soares,Germany,First Aid Beauty Eye Duty Triple Remedy AM Gel Cream 100ml,2020-03-05,1489.36,154
Rafael Mendes,Singapore,Tatcha The Eye Concentrate 150ml,2021-05-01,38095.19,354
Dinis Ferreira,South Korea,Paula's Choice RESIST Anti-Aging Clear Skin Hydrator 30ml,2020-08-13,22820.51,213
Francisco Jesus,Poland,Clinique All About Eyes Rich 60ml,2022-09-23,7966.25,114
Francisco Almeida,South Korea,COSRX Oil-Free Ultra-Moisturizing Lotion 340g,2023-06-28,5696.56,54
Francisco Almeida,Netherlands,COSRX Oil-Free Ultra-Moisturizing Lotion 100ml,2023-03-10,3504.56,36
Francisco Mendes,Netherlands,Tatcha The Indigo Overnight Repair Treatment 150ml,2021-05-27,3893.08,58
Ana Ferreira,Canada,Avène Eau Thermale Spray 250ml,2023-04-20,1246.51,45
Sofia Martins,Italy,Neutrogena Hydro Boost Water Gel 20ml,2021-08-10,1635.82,83
Catarina Martins,Thailand,Avène Cleanance Expert Emulsion 200ml,2024-06-04,29897.43,398
Rodrigo Teixeira,Argentina,COSRX Oil-Free Ultra-Moisturizing Lotion 75ml,2023-09-10,108.13,15
Inês Martins,Sweden,La Roche-Posay Effaclar Mat Moisturiser 20ml,2022-08-12,7752.13,80
Joana Fernandes,Indonesia,Kiehl's Midnight Recovery Concentrate 150ml,2023-01-03,4690.91,143
Joana Santos,Indonesia,Estée Lauder Advanced Night Repair Serum 150ml,2021-03-24,3135.74,150
Leonor Rodrigues,Thailand,COSRX Balancium B5 Biome Comfort Cream 60ml,2023-08-25,1174.3,24
Laura Ribeiro,Indonesia,Bioderma Atoderm Intensive Baume 15ml,2020-06-11,2011.82,98
Gonçalo Rodrigues,Sweden,La Roche-Posay Lipikar Balm AP+ 125ml,2022-04-11,1932.94,94
Leonor Rodrigues,Poland,CeraVe Renewing SA Cream 30g,2022-08-02,2133.17,122
Mariana Soares,Colombia,La Roche-Posay Cicaplast Baume B5 20ml,2024-11-06,259.86,22
Afonso Martins,Italy,Tatcha The Eye Concentrate 150ml,2022-09-03,1259.37,28
Laura Pereira,United States,CeraVe Hydrating Cleanser 100ml,2022-09-30,802.37,43
Afonso Martins,Argentina,Olay Eyes Ultimate Eye Cream 340g,2020-05-28,399.25,10
Tiago Almeida,Italy,REN Clean Skincare Perfect Canvas Clean Primer 250ml,2024-12-27,28816.37,273
Catarina Neves,Netherlands,La Roche-Posay Effaclar Mat Moisturiser 125ml,2021-07-02,164.82,21
João Costa,Spain,Clinique Take The Day Off Cleansing Balm 200ml,2021-07-05,4922.89,160
Laura Soares,Chile,Avène Cleanance Expert Emulsion 40ml,2020-06-27,7295.11,90
Pedro Ferreira,Indonesia,First Aid Beauty Pure Skin Face Cleanser 15ml,2021-12-05,3542.82,63
Sara Mendes,Brazil,Clinique Repairwear Laser Focus Eye Cream 20ml,2022-09-16,2616.19,27
Leonor Marques,Germany,Pixi Hydrating Milky Serum 15ml,2021-06-18,10731.4,110
Mariana Cruz,Germany,Bioderma Atoderm Intensive Baume 40ml,2023-08-27,10616.19,123
Diogo Cardoso,Poland,REN Clean Skincare Perfect Canvas Clean Primer 125ml,2020-10-21,4501.76,63
Gonçalo Ribeiro,Mexico,COSRX Ultimate Moisturizing Honey Overnight Mask 56.7g,2023-04-24,594.96,50
Afonso Jesus,Philippines,Bioderma Sensibio Light Soothing Cream 100ml,2023-01-23,6359.85,62
Clara Cardoso,Canada,Olay Regenerist Collagen Peptide24 Serum 40ml,2021-10-20,4841.66,76
Carolina Vieira,Netherlands,Tatcha The Indigo Overnight Repair Treatment 100ml,2022-04-15,11313.21,180
Carolina Marques,Netherlands,Avène Cleanance Expert Emulsion 20ml,2022-10-11,639.16,22
Matilde Cruz,United States,Tatcha The Clarifying Clay Mask 56.7g,2022-12-12,7454.0,91
Afonso Monteiro,France,Paula's Choice DEFENSE Antioxidant Pore Purifier 15ml,2024-05-01,3835.47,308
Francisco Fernandes,United Kingdom,Estée Lauder Revitalizing Supreme+ Moisturizer 75ml,2022-04-13,8955.87,95
Afonso Vieira,Singapore,REN Clean Skincare Clean Screen Mineral SPF30 60ml,2024-10-30,2308.86,99
Tiago Cardoso,United States,Skinceuticals C E Ferulic Serum 30g,2023-07-24,1302.54,14
Carolina Pereira,China,Sunday Riley C.E.O. 15% Vitamin C Brightening Serum 30g,2024-04-06,285.94,28
Tomás Coelho,France,Neutrogena Rapid Wrinkle Repair Retinol Cream 30g,2021-09-27,5309.21,61
Pedro Pereira,France,CeraVe Skin Renewing Night Cream 340g,2022-10-15,895.31,31
Martim Rodrigues,Poland,Murad Brightening Booster 250ml,2022-11-25,20362.79,330
Tomás Rodrigues,Spain,Tatcha The Clarifying Clay Mask 50ml,2021-05-26,2423.23,31
Lucas Ribeiro,United Kingdom,Skinceuticals Metacell Renewal B3 50ml,2024-07-25,1182.59,41
Rafael Neves,Italy,Murad Brightening Booster 100ml,2021-01-19,5387.35,131
Beatriz Marques,China,First Aid Beauty FAB Skin Lab Resurfacing Liquid 10% AHA 30g,2021-01-06,1310.96,101
Ana Ferreira,China,Estée Lauder Perfectly Clean Multi-Action Foam Cleanser 200ml,2021-11-28,3816.43,281
Pedro Pereira,Germany,REN Clean Skincare Ready Steady Glow Daily AHA Tonic 75ml,2021-09-04,18590.16,261
Inês Ferreira,United States,Estée Lauder Nutritious Super-Pomegranate Radiant Energy Eye Jelly 56.7g,2020-08-17,5013.6,120
Matilde Carvalho,India,Pixi Glow Tonic 50ml,2023-03-22,1177.84,60
Clara Gomes,China,First Aid Beauty KP Bump Eraser Body Scrub 125ml,2024-02-23,6294.0,274
Leonor Marques,Canada,The Ordinary Hyaluronic Acid 2% + B5 250ml,2024-09-23,13439.09,146
Matilde Carvalho,Colombia,Olay Eyes Ultimate Eye Cream 340g,2021-08-13,2291.41,57
Martim Pinto,Singapore,Murad Brightening Booster 15ml,2021-12-27,2966.66,32
Francisco Coelho,United States,Bioderma Hydrabio Gel-Crème 200ml,2024-03-25,1787.39,92
Sofia Rodrigues,Canada,Paula's Choice SKIN PERFECTING 2% BHA Liquid Exfoliant 30g,2021-06-05,1352.79,44
Tiago Jesus,Japan,COSRX AC Collection Lightweight Soothing Moisturizer 30ml,2020-07-17,24437.52,245
Mariana Neves,United States,Sunday Riley Good Genes All-In-One Lactic Acid Treatment 100ml,2023-05-08,4319.84,147
Laura Soares,Mexico,REN Clean Skincare Evercalm Global Protection Day Cream 250ml,2023-08-22,1779.85,16
Rodrigo Jesus,Italy,REN Clean Skincare Evercalm Global Protection Day Cream 50ml,2024-11-25,9727.99,113
Sofia Nunes,Mexico,Murad Rapid Resurgence Eye Lift 30ml,2021-05-29,14925.85,179
Maria Ferreira,France,REN Clean Skincare Evercalm Global Protection Day Cream 56.7g,2022-12-12,2170.41,27
Francisco Almeida,Italy,Neutrogena Cellular Boost Concentrate Serum 100ml,2022-03-27,1875.98,47
João Nunes,Canada,First Aid Beauty Eye Duty Triple Remedy AM Gel Cream 200ml,2020-02-01,1131.34,28
João Vieira,United Kingdom,Kiehl's Clearly Corrective Dark Spot Solution 200ml,2022-04-23,2434.99,98
Sara Almeida,Italy,Estée Lauder Nutritious Super-Pomegranate Radiant Energy Eye Jelly 75ml,2021-11-07,13236.11,117
Leonor Martins,Mexico,Olay Luminous Whip Face Moisturiser 340g,2021-12-13,12659.04,130
Joana Santos,United States,Paula's Choice BOOST 10% Niacinamide Booster 250ml,2024-12-29,5526.42,168
Joana Costa,China,Murad Oil-Control Mattifier SPF45 20ml,2022-10-01,3406.14,32
Carolina Jesus,United States,Neutrogena Hydro Boost Eye Gel-Cream 30ml,2024-01-28,2226.79,119
Rafael Martins,Sweden,Sunday Riley Ice Ceramide Moisturizing Cream 15ml,2021-11-29,2131.85,66
João Nunes,Thailand,Bioderma Hydrabio Gel-Crème 40ml,2020-09-18,9757.91,91
Rodrigo Pinto,Mexico,Paula's Choice DEFENSE Antioxidant Pore Purifier 30g,2022-12-06,26342.05,426
Margarida Oliveira,United Kingdom,Estée Lauder Resilience Lift Firming & Sculpting Eye Cream 125ml,2024-08-08,13337.02,391
Dinis Pereira,Philippines,La Roche-Posay Cicaplast Baume B5 56.7g,2023-06-21,10532.61,387
Rafael Pereira,United States,REN Clean Skincare Ready Steady Glow Daily AHA Tonic 50ml,2022-07-21,1442.18,91
Guilherme Costa,Spain,Murad Cellular Hydration Barrier Repair Cream 60ml,2020-03-01,3477.84,55
Rodrigo Pereira,Thailand,Bioderma Sebium Pore Refiner 56.7g,2020-04-07,10068.63,118
Martim Teixeira,Germany,Avène XeraCalm A.D Lipid-Replenishing Cream 150ml,2024-05-22,1237.37,12
Miguel Ferreira,South Korea,Avène XeraCalm A.D Lipid-Replenishing Cream 250ml,2021-06-19,14966.41,156
Afonso Monteiro,India,Avène Hydrance Rich Rehydrating Cream 250ml,2021-09-27,13563.62,222
Diogo Martins,South Korea,La Roche-Posay Toleriane Double Repair Moisturiser 20ml,2024-08-27,7081.49,106
Pedro Pereira,Poland,Skinceuticals Phyto Corrective Gel 125ml,2024-07-27,13300.47,146
Diogo Neves,France,Neutrogena Oil-Free Acne Wash 200ml,2022-08-27,9896.91,168
Sofia Carvalho,France,Sunday Riley Saturn Sulfur Acne Treatment Mask 100ml,2023-10-18,2832.78,59
Laura Soares,Germany,COSRX AC Collection Lightweight Soothing Moisturizer 200ml,2021-05-17,838.61,10
Mariana Cruz,United States,Sunday Riley Good Genes All-In-One Lactic Acid Treatment 30g,2022-03-29,4592.2,84
Tomás Almeida,Philippines,La Roche-Posay Effaclar Mat Moisturiser 50ml,2021-01-11,9967.43,114
Diogo Ribeiro,Italy,COSRX AC Collection Lightweight Soothing Moisturizer 60ml,2024-02-12,3419.67,33
Maria Ferreira,Netherlands,Kiehl's Midnight Recovery Concentrate 40ml,2020-01-29,10351.54,98
Guilherme Neves,Indonesia,REN Clean Skincare Perfect Canvas Clean Primer 150ml,2023-11-22,9311.83,141
Sara Fernandes,United States,Paula's Choice RESIST Anti-Aging Clear Skin Hydrator 200ml,2021-07-04,6704.4,79
Margarida Cardoso,Poland,Skinceuticals Triple Lipid Restore 2:4:2 56.7g,2021-05-30,3548.33,46
Rafael Mendes,Spain,COSRX AC Collection Lightweight Soothing Moisturizer 20ml,2021-05-08,6090.05,109
Sofia Carvalho,Germany,REN Clean Skincare Evercalm Global Protection Day Cream 40ml,2023-12-01,25037.7,270
João Martins,China,Neutrogena Hydro Boost Water Gel 56.7g,2024-02-26,1144.55,307
Sofia Mendes,Japan,Olay Vitamin C + Peptide 24 Face Moisturizer 56.7g,2023-03-21,2673.61,26
Miguel Marques,Brazil,Murad Vita-C Glycolic Brightening Serum 50ml,2021-12-07,7882.63,100
Carolina Jesus,China,Clinique Dramatically Different Moisturising Lotion+ 56.7g,2023-01-03,3303.62,97
Rodrigo Soares,United States,CeraVe Renewing SA Cream 150ml,2024-06-01,1099.12,120
Rafael Pereira,Indonesia,Sunday Riley Auto Correct Brightening and Depuffing Eye Contour Cream 125ml,2020-02-18,15318.36,150
Margarida Mendes,South Korea,Neutrogena Hydro Boost Eye Gel-Cream 56.7g,2024-07-27,654.08,54
Carolina Jesus,Philippines,Estée Lauder Micro Essence Skin Activating Treatment Lotion 40ml,2022-04-19,8506.33,103
Tomás Correia,Poland,Murad Vita-C Glycolic Brightening Serum 200ml,2022-02-07,4614.42,148
Rafael Martins,Philippines,La Roche-Posay Retinol B3 Serum 50ml,2020-10-15,1898.98,50
Dinis Carvalho,United Kingdom,COSRX AHA/BHA Clarifying Treatment Toner 150ml,2024-10-01,221.97,39
Afonso Monteiro,Thailand,Sunday Riley C.E.O. 15% Vitamin C Brightening Serum 20ml,2022-12-11,8018.97,528
Dinis Monteiro,Colombia,Tatcha The Eye Concentrate 150ml,2020-10-12,6898.4,64
Inês Cardoso,Japan,La Roche-Posay Cicaplast Baume B5 20ml,2021-06-06,978.24,108
Joana Fernandes,India,Estée Lauder Resilience Lift Firming & Sculpting Eye Cream 50ml,2020-03-19,8689.95,127
Afonso Sousa,Colombia,Paula's Choice SKIN RECOVERY Replenishing Moisturizer 150ml,2024-05-05,8225.73,81
Diogo Monteiro,Japan,COSRX AHA/BHA Clarifying Treatment Toner 200ml,2022-11-12,5629.71,98
Matilde Moreira,Indonesia,Clinique Dramatically Different Moisturising Lotion+ 100ml,2022-03-21,1894.0,100
Carolina Coelho,Spain,The Ordinary Salicylic Acid 2% Solution 200ml,2023-03-22,9685.51,127
Diogo Oliveira,Spain,Bioderma Sensibio Light Soothing Cream 56.7g,2022-04-28,13457.77,126
Sofia Gomes,United States,Kiehl's Ultra Facial Cream 56.7g,2021-04-06,19262.61,237
Beatriz Cardoso,Singapore,Paula's Choice SKIN RECOVERY Replenishing Moisturizer 56.7g,2020-08-21,4163.11,43
Maria Coelho,South Korea,Tatcha The Water Cream 30ml,2020-09-06,26221.59,323
Carolina Ferreira,Argentina,Skinceuticals Discoloration Defense Serum 125ml,2021-08-04,8922.12,107
Ana Teixeira,United States,Skinceuticals C E Ferulic Serum 250ml,2022-06-08,3030.25,106
Catarina Correia,Philippines,Estée Lauder Revitalizing Supreme+ Moisturizer 150ml,2021-07-10,1012.8,52
Joana Costa,Spain,La Roche-Posay Effaclar Mat Moisturiser 60ml,2024-12-27,13238.42,142
Beatriz Cardoso,Spain,Bioderma Pigmentbio C-Concentrate Brightening Serum 40ml,2020-01-18,1505.33,133
Rafael Gomes,Singapore,Neutrogena Bright Boost Gel Cream 125ml,2022-09-23,8910.06,100
Matilde Teixeira,Indonesia,The Ordinary Hyaluronic Acid 2% + B5 30ml,2023-01-27,284.52,23
Rodrigo Coelho,Japan,Olay Vitamin C + Peptide 24 Face Moisturizer 60ml,2021-07-13,7724.82,162
Beatriz Ferreira,Spain,Neutrogena Ultra Sheer Dry-Touch Sunscreen SPF 50+ 60ml,2024-12-25,37597.65,366
Miguel Rocha,Japan,Kiehl's Calendula Serum-Infused Water Cream 15ml,2021-11-14,1048.48,45
Sofia Nunes,Spain,Clinique Turnaround Overnight Revitalizing Moisturizer 250ml,2021-02-19,1480.3,27
Laura Ribeiro,South Korea,Sunday Riley Good Genes All-In-One Lactic Acid Treatment 200ml,2022-09-08,159.23,10
João Costa,Colombia,Avène XeraCalm A.D Lipid-Replenishing Cream 30ml,2022-03-12,26171.05,271
Rafael Martins,Colombia,La Roche-Posay Toleriane Hydrating Gentle Cleanser 50ml,2021-01-04,5888.51,54
Mariana Cruz,Chile,Murad AHA/BHA Exfoliating Cleanser 20ml,2023-03-31,1540.78,14
Leonor Martins,Germany,La Roche-Posay Retinol B3 Serum 340g,2022-11-16,3157.99,63
Rafael Gomes,South Korea,Kiehl's Calendula Serum-Infused Water Cream 60ml,2022-10-22,6802.11,74
Gonçalo Coelho,Netherlands,COSRX AHA/BHA Clarifying Treatment Toner 60ml,2022-02-13,19568.68,414
Afonso Rocha,Netherlands,Paula's Choice SKIN PERFECTING 2% BHA Liquid Exfoliant 56.7g,2022-11-03,4488.63,115
Lucas Ribeiro,Argentina,First Aid Beauty Ultra Repair Tinted Moisturizer SPF 30 250ml,2020-04-27,32132.23,329
Gonçalo Almeida,Philippines,Skinceuticals Physical Fusion UV Defense SPF 50 30g,2023-04-03,9535.84,138
Diogo Neves,Thailand,REN Clean Skincare Evercalm Global Protection Day Cream 60ml,2022-05-16,8062.76,85
Rodrigo Pereira,Chile,Skinceuticals C E Ferulic Serum 30ml,2022-03-15,30108.12,316
Afonso Monteiro,France,Kiehl's Powerful-Strength Line-Reducing Concentrate 30ml,2023-08-13,9047.66,96
Martim Pinto,Colombia,Tatcha The Water Cream 60ml,2020-10-02,7676.77,71
Miguel Martins,Singapore,The Ordinary AHA 30% + BHA 2% Peeling Solution 250ml,2020-06-11,14838.18,194
Ana Teixeira,Italy,Kiehl's Calendula Serum-Infused Water Cream 50ml,2021-12-09,2616.56,37
Leonor Marques,China,Murad Rapid Resurgence Eye Lift 40ml,2020-05-20,11477.89,323
João Martins,Argentina,First Aid Beauty Ultra Repair Tinted Moisturizer SPF 30 150ml,2021-03-18,3378.89,94
Ana Nunes,Argentina,Pixi Glow Tonic 100ml,2020-05-02,1191.58,27
Afonso Vieira,Mexico,CeraVe Hydrating Cleanser 250ml,2024-04-24,26267.11,287
Mariana Cruz,Spain,Bioderma Sebium Pore Refiner 150ml,2021-07-22,19324.44,287
Carolina Ferreira,Japan,Estée Lauder Revitalizing Supreme+ Moisturizer 56.7g,2022-08-11,3854.09,52
Ana Nunes,Canada,The Ordinary AHA 30% + BHA 2% Peeling Solution 150ml,2024-11-24,1199.62,12
Laura Pereira,Spain,CeraVe Healing Ointment 150ml,2023-03-27,502.4,41
Tiago Almeida,Italy,First Aid Beauty KP Bump Eraser Body Scrub 20ml,2023-08-01,11871.61,212
Rafael Mendes,India,First Aid Beauty Hello FAB Coconut Skin Smoothie Priming Moisturizer 125ml,2023-10-04,493.79,15
Rodrigo Pereira,Japan,Avène XeraCalm A.D Lipid-Replenishing Cream 50ml,2024-04-07,129.09,21
Rafael Mendes,India,Kiehl's Rare Earth Deep Pore Cleansing Masque 200ml,2021-09-02,1496.13,55
Maria Coelho,Brazil,La Roche-Posay Anthelios Invisible Fluid SPF50+ 75ml,2023-08-29,5593.62,89
Rafael Martins,United States,Paula's Choice BOOST 10% Niacinamide Booster 200ml,2023-10-20,1620.28,40
Afonso Jesus,Germany,COSRX Full Fit Propolis Light Cream 60ml,2023-02-23,5484.3,64
Diogo Martins,Mexico,Sunday Riley Luna Sleeping Night Oil 56.7g,2023-05-14,1310.94,258
Rafael Mendes,United States,The Ordinary Hyaluronic Acid 2% + B5 250ml,2024-06-06,12052.14,121
Inês Martins,Poland,The Ordinary Salicylic Acid 2% Solution 50ml,2022-04-25,1140.67,294
Mariana Cruz,Germany,First Aid Beauty KP Bump Eraser Body Scrub 150ml,2022-07-14,1882.87,97
Francisco Almeida,Indonesia,Clinique Moisture Surge 100H Auto-Replenishing Hydrator 340g,2022-07-29,2031.98,119
João Mendes,Poland,La Roche-Posay Effaclar Mat Moisturiser 150ml,2022-03-31,21621.0,231
Tomás Ribeiro,United Kingdom,Drunk Elephant Lala Retro Whipped Cream 30ml,2022-07-31,7563.7,116
Inês Cruz,Singapore,Avène Cleanance Expert Emulsion 100ml,2021-03-29,3736.63,100
João Neves,Indonesia,Bioderma Cicabio Arnica+ Repairing Cream 50ml,2024-10-26,203.97,34
Inês Nunes,India,REN Clean Skincare Clean Screen Mineral SPF30 75ml,2023-01-26,17563.62,366
Maria Moreira,United States,La Roche-Posay Toleriane Hydrating Gentle Cleanser 100ml,2020-07-26,9231.73,233
Dinis Pereira,Mexico,Estée Lauder Resilience Lift Firming & Sculpting Eye Cream 250ml,2022-08-27,213.53,44
Ana Vieira,Mexico,Skinceuticals Discoloration Defense Serum 40ml,2022-04-04,10994.86,212
Rodrigo Pereira,Spain,Pixi Skintreats Rose Caviar Eye Cream 60ml,2021-05-13,18220.11,214
João Costa,Colombia,Olay Vitamin C + Peptide 24 Face Moisturizer 125ml,2021-01-02,28375.13,277
Laura Mendes,Netherlands,Estée Lauder Re-Nutriv Ultimate Lift Age-Correcting Crème 200ml,2021-12-04,2220.88,102
Pedro Ferreira,South Korea,CeraVe Skin Renewing Night Cream 50ml,2022-05-16,592.94,83
Sofia Gomes,Spain,La Roche-Posay Anthelios Invisible Fluid SPF50+ 30ml,2024-08-08,8033.48,203
Joana Santos,Japan,Avène Cleanance Expert Emulsion 56.7g,2020-11-09,2104.99,20
Margarida Cardoso,Singapore,REN Clean Skincare Evercalm Global Protection Day Cream 56.7g,2023-09-21,36121.54,326
Ana Monteiro,Colombia,Murad Retinol Youth Renewal Serum 150ml,2020-01-22,7241.85,368
Margarida Oliveira,Argentina,Kiehl's Super Multi-Corrective Anti-Aging Face & Neck Cream 60ml,2020-07-24,4458.75,249
Miguel Martins,Japan,Bioderma Cicabio Arnica+ Repairing Cream 250ml,2023-02-17,10936.84,121
Martim Rodrigues,Chile,Olay Retinol24 Night Moisturizer 50ml,2024-05-24,13906.69,191
Maria Ferreira,Spain,La Roche-Posay Cicaplast Baume B5 100ml,2022-07-03,32619.5,381
Carolina Coelho,Spain,Sunday Riley Good Genes All-In-One Lactic Acid Treatment 150ml,2023-05-02,8649.68,103
Martim Silva,Thailand,Olay Regenerist Micro-Sculpting Cream 125ml,2024-12-16,3551.53,35
Leonor Rodrigues,Canada,Clinique Even Better Clinical Radical Dark Spot Corrector 40ml,2020-12-23,4604.57,89
Rafael Pereira,South Korea,COSRX Balancium B5 Biome Comfort Cream 200ml,2020-12-05,11967.92,122
Ana Vieira,China,Kiehl's Midnight Recovery Concentrate 50ml,2020-02-16,1342.76,66
Martim Ferreira,Spain,Pixi Vitamin-C Juice Cleanser 50ml,2024-02-22,12287.43,305
Lucas Santos,France,Estée Lauder Re-Nutriv Ultimate Lift Age-Correcting Crème 20ml,2021-09-21,3283.83,60
Rodrigo Pereira,China,First Aid Beauty Ultra Repair Firming Collagen Cream 30g,2023-10-06,6464.79,73
Rafael Pereira,Netherlands,Clinique Dramatically Different Moisturising Lotion+ 200ml,2023-06-16,925.83,114
Rafael Mendes,Colombia,First Aid Beauty Hello FAB Coconut Skin Smoothie Priming Moisturizer 100ml,2022-07-16,2275.6,43
Carolina Coelho,Mexico,Skinceuticals C E Ferulic Serum 100ml,2021-07-01,348.4,67
Beatriz Ferreira,Canada,La Roche-Posay Retinol B3 Serum 75ml,2023-06-23,1903.59,34
Rafael Mendes,China,Murad AHA/BHA Exfoliating Cleanser 250ml,2024-02-04,14979.23,415
Mariana Cruz,United Kingdom,REN Clean Skincare V-Cense Revitalising Eye Cream 250ml,2020-05-20,5203.15,182
Sofia Nunes,Brazil,Pixi Rose Ceramide Cream 75ml,2024-01-16,1234.4,41
Sofia Jesus,United States,First Aid Beauty KP Bump Eraser Body Scrub 40ml,2024-03-19,4395.12,203
Afonso Martins,China,First Aid Beauty FAB Skin Lab Resurfacing Liquid 10% AHA 56.7g,2021-08-03,6026.41,66
Carolina Silva,Italy,Neutrogena Norwegian Formula Face Cream 60ml,2021-10-30,975.63,50
Tiago Cardoso,Canada,Skinceuticals Phyto Corrective Gel 100ml,2022-06-24,33743.26,325
Matilde Moreira,Singapore,COSRX Oil-Free Ultra-Moisturizing Lotion 75ml,2020-10-30,5175.62,55
Lucas Costa,Thailand,First Aid Beauty Hello FAB Coconut Skin Smoothie Priming Moisturizer 200ml,2023-03-13,7994.87,111
Joana Fernandes,Poland,Clinique Smart Night Custom-Repair Moisturiser 56.7g,2021-04-05,3045.04,237
João Neves,Thailand,Paula's Choice CALM Redness Relief Moisturizer SPF 30 50ml,2023-02-24,6011.98,122
Sofia Gomes,Italy,Olay Luminous Whip Face Moisturiser 20ml,2023-07-31,3193.68,56
Dinis Pereira,Brazil,Avène Antirougeurs Jour Redness Relief Cream 125ml,2020-03-22,11157.64,186
Catarina Martins,Philippines,Estée Lauder Advanced Night Repair Serum 30ml,2020-11-01,1183.94,35
João Martins,Italy,Drunk Elephant A-Passioni Retinol Cream 56.7g,2020-10-01,8969.9,86
Matilde Moreira,Italy,Sunday Riley Saturn Sulfur Acne Treatment Mask 20ml,2023-11-14,5708.92,189
Dinis Monteiro,Mexico,Drunk Elephant A-Passioni Retinol Cream 340g,2022-12-07,4107.24,58
Tomás Coelho,Indonesia,Tatcha The Dewy Skin Cream 200ml,2022-09-04,623.83,11
Leonor Pinto,France,Bioderma Cicabio Arnica+ Repairing Cream 30g,2023-02-05,4118.74,69
Rodrigo Pereira,United Kingdom,First Aid Beauty Eye Duty Triple Remedy AM Gel Cream 100ml,2022-02-24,36675.13,395
Lucas Costa,India,Olay Super Serum 5-in-1 60ml,2024-04-10,22486.74,263
Margarida Teixeira,Poland,Murad Rapid Resurgence Eye Lift 200ml,2024-04-19,393.7,95
Rodrigo Teixeira,Brazil,Olay Super Serum 5-in-1 60ml,2020-10-31,951.68,23
Sara Almeida,Chile,Olay Eyes Ultimate Eye Cream 20ml,2023-11-29,3563.76,38
Laura Fernandes,Spain,Tatcha The Rice Polish Foaming Enzyme Powder 250ml,2023-05-29,3536.43,100
Beatriz Marques,Thailand,Paula's Choice EARTH SOURCED Antioxidant-Enriched Natural Moisturizer 340g,2024-12-27,11137.59,112
Catarina Jesus,Poland,The Ordinary Hyaluronic Acid 2% + B5 60ml,2021-10-03,7757.82,81
Francisco Fernandes,Singapore,Bioderma Cicabio Arnica+ Repairing Cream 56.7g,2023-04-23,362.33,18
João Neves,Germany,Drunk Elephant Lala Retro Whipped Cream 50ml,2020-05-10,4167.67,118
João Nunes,Thailand,Skinceuticals A.G.E. Eye Complex 340g,2024-03-05,12974.47,117
Rodrigo Pereira,Spain,Pixi Skintreats Rose Caviar Eye Cream 20ml,2020-01-25,9642.06,99
Clara Gomes,Chile,Sunday Riley Saturn Sulfur Acne Treatment Mask 125ml,2023-01-22,6213.4,97
Diogo Ribeiro,Canada,Bioderma Sebium Pore Refiner 75ml,2022-01-02,3766.26,45
Leonor Pinto,United Kingdom,Estée Lauder Re-Nutriv Ultimate Lift Age-Correcting Crème 30g,2022-04-05,4433.03,118
Dinis Cardoso,Germany,COSRX Full Fit Propolis Light Cream 75ml,2023-06-04,7327.05,201
Lucas Costa,Thailand,Estée Lauder Micro Essence Skin Activating Treatment Lotion 60ml,2020-03-29,18530.44,259
Afonso Oliveira,Brazil,Bioderma Nodé Detox Shampoo 30ml,2021-07-29,5419.11,60
Laura Carvalho,Philippines,First Aid Beauty Hello FAB Coconut Skin Smoothie Priming Moisturizer 250ml,2022-01-14,412.65,11
Rodrigo Pereira,Mexico,Pixi Vitamin-C Juice Cleanser 125ml,2021-01-29,155.63,52
Catarina Jesus,Indonesia,REN Clean Skincare V-Cense Revitalising Eye Cream 150ml,2023-10-17,17876.73,409
Carolina Jesus,United Kingdom,Estée Lauder DayWear Multi-Protection Anti-Oxidant 24H Moisturizer SPF15 150ml,2024-11-22,5132.31,67
Gonçalo Almeida,China,Avène Cleanance Expert Emulsion 100ml,2024-10-13,3881.09,50
Diogo Monteiro,Germany,Skinceuticals B5 Gel Hydrating Serum 56.7g,2022-11-24,4647.29,55
Margarida Mendes,United Kingdom,Sunday Riley Good Genes All-In-One Lactic Acid Treatment 60ml,2021-09-06,9409.55,150
Tiago Carvalho,United States,Avène Hydrance Rich Rehydrating Cream 100ml,2024-03-30,6916.13,130
Matilde Moreira,Japan,Kiehl's Super Multi-Corrective Anti-Aging Face & Neck Cream 20ml,2023-09-27,10125.28,100
Lucas Coelho,South Korea,Pixi Skintreats Rose Caviar Eye Cream 20ml,2022-07-14,12579.17,119
Beatriz Jesus,Germany,Skinceuticals Physical Fusion UV Defense SPF 50 125ml,2022-03-11,187.61,17
Martim Teixeira,South Korea,Neutrogena Hydro Boost Eye Gel-Cream 50ml,2022-02-20,5859.11,139
Dinis Monteiro,Sweden,CeraVe Skin Renewing Night Cream 30g,2022-02-16,12377.52,200
Rodrigo Coelho,Indonesia,First Aid Beauty Pure Skin Face Cleanser 100ml,2022-12-17,5883.96,148
Tomás Neves,South Korea,Skinceuticals A.G.E. Eye Complex 200ml,2020-05-26,5692.71,73
Leonor Rodrigues,China,Murad Retinol Youth Renewal Serum 100ml,2022-03-05,9760.58,339
Maria Coelho,Sweden,CeraVe Hydrating Cleanser 150ml,2022-08-04,1105.4,41
Francisco Fernandes,Philippines,First Aid Beauty FAB Skin Lab Resurfacing Liquid 10% AHA 125ml,2022-10-05,6841.45,160
Inês Cardoso,South Korea,Skinceuticals A.G.E. Eye Complex 150ml,2020-08-22,813.99,25
Laura Fernandes,Brazil,COSRX Balancium B5 Biome Comfort Cream 15ml,2020-09-14,23076.28,268
Joana Oliveira,Singapore,Avène Hydrance Rich Rehydrating Cream 60ml,2024-04-30,8797.19,113
Francisco Vieira,France,Tatcha The Silk Cream 75ml,2020-09-30,6202.19,116
Rodrigo Coelho,Netherlands,CeraVe Healing Ointment 250ml,2021-07-04,745.91,74
Margarida Silva,United Kingdom,Sunday Riley UFO Ultra-Clarifying Face Oil 125ml,2021-10-15,6614.83,136
João Martins,Sweden,First Aid Beauty Ultra Repair Cream 50ml,2024-10-18,2535.2,38
Sofia Nunes,Argentina,Tatcha The Clarifying Clay Mask 40ml,2022-02-19,17763.66,313
Lucas Rodrigues,Singapore,CeraVe PM Facial Moisturising Lotion 100ml,2024-09-09,5684.23,100
Mariana Martins,Mexico,Drunk Elephant Lala Retro Whipped Cream 340g,2023-10-13,30681.78,316
Sofia Mendes,Brazil,First Aid Beauty Ultra Repair Tinted Moisturizer SPF 30 125ml,2024-07-13,825.86,13
Mariana Teixeira,Singapore,COSRX Ultimate Moisturizing Honey Overnight Mask 20ml,2022-09-16,3300.53,79
Leonor Marques,Sweden,First Aid Beauty KP Bump Eraser Body Scrub 125ml,2024-01-04,3599.77,146
Beatriz Ferreira,Brazil,CeraVe Healing Ointment 60ml,2023-08-30,4310.64,50
Francisco Coelho,Philippines,Neutrogena Cellular Boost Concentrate Serum 20ml,2024-06-13,1250.41,22
Leonor Martins,Sweden,Olay Super Serum 5-in-1 125ml,2023-07-01,2743.66,60
Rafael Gomes,Brazil,Neutrogena Bright Boost Gel Cream 200ml,2020-03-22,595.51,44
Lucas Rodrigues,Thailand,Skinceuticals Triple Lipid Restore 2:4:2 56.7g,2023-09-19,1219.77,40
Rafael Pereira,India,Murad AHA/BHA Exfoliating Cleanser 15ml,2021-07-13,344.87,106
Maria Coelho,Brazil,La Roche-Posay Toleriane Hydrating Gentle Cleanser 40ml,2021-08-28,952.63,86
Rafael Pereira,Philippines,Olay Total Effects 7-in-1 Moisturiser 40ml,2024-07-13,8305.97,130
Diogo Ribeiro,Chile,Skinceuticals Triple Lipid Restore 2:4:2 40ml,2021-02-23,6401.36,80
Ana Monteiro,Colombia,COSRX AC Collection Lightweight Soothing Moisturizer 125ml,2022-07-13,872.49,88
João Neves,India,Sunday Riley Auto Correct Brightening and Depuffing Eye Contour Cream 15ml,2022-12-17,3032.84,38
Rodrigo Cruz,Sweden,Avène Antirougeurs Jour Redness Relief Cream 20ml,2020-03-26,1037.09,167
Tiago Almeida,France,Neutrogena Hydro Boost Water Gel 50ml,2024-07-03,3565.11,98
Afonso Oliveira,Indonesia,Avène Hydrance Rich Rehydrating Cream 20ml,2024-06-13,5351.82,55
Gonçalo Fernandes,Spain,La Roche-Posay Toleriane Hydrating Gentle Cleanser 125ml,2020-05-29,5101.8,136
Mariana Neves,Colombia,Murad Cellular Hydration Barrier Repair Cream 60ml,2024-04-06,634.15,17
Catarina Jesus,Spain,Bioderma Sensibio H2O Micellar Water 340g,2023-09-16,6277.12,86
João Nunes,South Korea,Sunday Riley C.E.O. 15% Vitamin C Brightening Serum 250ml,2020-04-06,1125.66,23
Ana Nunes,Brazil,Olay Regenerist Micro-Sculpting Cream 50ml,2022-04-14,7689.88,74
Matilde Carvalho,Poland,La Roche-Posay Anthelios Invisible Fluid SPF50+ 50ml,2023-10-13,11323.5,96
Laura Mendes,Philippines,Sunday Riley Good Genes All-In-One Lactic Acid Treatment 100ml,2023-12-08,22145.17,221
Tomás Ribeiro,United Kingdom,La Roche-Posay Effaclar Mat Moisturiser 50ml,2022-02-26,677.64,46
Matilde Cruz,Argentina,Clinique Repairwear Laser Focus Eye Cream 50ml,2023-11-05,16662.32,181
Francisco Mendes,Colombia,Paula's Choice CLINICAL 1% Retinol Treatment 200ml,2023-04-30,27880.16,410
Pedro Ferreira,Mexico,Sunday Riley C.E.O. 15% Vitamin C Brightening Serum 60ml,2023-01-26,12439.26,114
Tiago Cardoso,Netherlands,Tatcha The Dewy Skin Cream 30ml,2024-08-31,8384.44,95
Gonçalo Almeida,Colombia,Olay Retinol24 Night Moisturizer 250ml,2024-05-18,37514.44,426
Carolina Jesus,Poland,Bioderma Sensibio Light Soothing Cream 250ml,2023-03-17,6741.04,85
Diogo Martins,France,Avène Antirougeurs Jour Redness Relief Cream 50ml,2020-04-07,13128.83,108
Francisco Almeida,India,Estée Lauder Micro Essence Skin Activating Treatment Lotion 50ml,2023-07-26,1417.61,23
Tomás Martins,Mexico,Clinique All About Eyes Rich 200ml,2022-05-16,3797.56,68
Gonçalo Almeida,Brazil,Tatcha The Indigo Overnight Repair Treatment 50ml,2020-04-04,8453.46,94
Joana Oliveira,Mexico,Drunk Elephant Lala Retro Whipped Cream 200ml,2021-10-17,3973.66,59
Tomás Correia,Germany,Estée Lauder Nutritious Super-Pomegranate Radiant Energy Eye Jelly 30ml,2024-06-04,2171.91,39
Laura Ribeiro,Indonesia,Kiehl's Super Multi-Corrective Anti-Aging Face & Neck Cream 15ml,2020-01-21,1328.57,26
Inês Ferreira,Thailand,Sunday Riley Auto Correct Brightening and Depuffing Eye Contour Cream 60ml,2020-07-09,5951.61,90
Rodrigo Coelho,Italy,Sunday Riley UFO Ultra-Clarifying Face Oil 340g,2024-01-08,8454.52,76
Sofia Carvalho,Italy,The Ordinary Natural Moisturising Factors + HA 50ml,2023-04-27,3670.98,60
Gonçalo Almeida,Poland,COSRX Full Fit Propolis Light Cream 250ml,2021-06-09,2448.24,133
Francisco Mendes,Italy,Olay Regenerist Micro-Sculpting Cream 15ml,2022-10-16,9738.73,121
Ana Teixeira,Philippines,REN Clean Skincare Radiance Perfection Serum 20ml,2021-09-08,2640.89,108
João Costa,Mexico,Neutrogena Hydro Boost Water Gel 56.7g,2020-09-01,10535.96,277
Lucas Santos,Netherlands,Avène Antirougeurs Jour Redness Relief Cream 150ml,2020-08-29,1221.22,23
Laura Mendes,China,REN Clean Skincare Clean Screen Mineral SPF30 100ml,2020-05-20,4783.38,59
Inês Ferreira,Indonesia,Olay Super Serum 5-in-1 30g,2024-11-13,923.23,56
Margarida Teixeira,China,Avène Antirougeurs Jour Redness Relief Cream 30ml,2023-07-16,11731.75,125
Laura Carvalho,Germany,First Aid Beauty Eye Duty Triple Remedy AM Gel Cream 340g,2024-07-25,16855.68,255
Martim Teixeira,Japan,Neutrogena Oil-Free Acne Wash 340g,2023-08-25,28727.54,280
Mariana Teixeira,United States,Sunday Riley Ice Ceramide Moisturizing Cream 20ml,2022-01-11,1027.38,142
Inês Ribeiro,Philippines,COSRX Balancium B5 Biome Comfort Cream 56.7g,2020-10-06,1650.58,20
Ana Monteiro,Netherlands,Skinceuticals A.G.E. Eye Complex 200ml,2021-01-04,2904.13,93
Diogo Ribeiro,Indonesia,Bioderma Sebium Pore Refiner 125ml,2021-03-29,14541.01,322
Afonso Pereira,China,Tatcha The Rice Polish Foaming Enzyme Powder 60ml,2023-07-21,6484.63,337
Clara Monteiro,Colombia,Estée Lauder Perfectly Clean Multi-Action Foam Cleanser 56.7g,2020-07-06,3737.97,115
Diogo Oliveira,United States,Murad Hydro-Dynamic Ultimate Moisture 30g,2023-07-17,1631.69,24
Afonso Vieira,Brazil,Neutrogena Oil-Free Acne Wash 15ml,2022-11-06,6413.51,74
Ana Vieira,Mexico,Kiehl's Super Multi-Corrective Anti-Aging Face & Neck Cream 20ml,2020-11-21,14298.19,416
Martim Cardoso,France,La Roche-Posay Toleriane Hydrating Gentle Cleanser 30g,2022-04-09,483.02,21
Lucas Costa,Japan,Murad Rapid Resurgence Eye Lift 150ml,2023-10-27,5680.91,67
Matilde Teixeira,China,Murad Oil-Control Mattifier SPF45 20ml,2022-11-27,1330.97,18
Lucas Costa,China,Bioderma Nodé Detox Shampoo 250ml,2021-12-25,4153.55,110
Miguel Rocha,Argentina,Clinique All About Eyes Rich 20ml,2021-07-04,2919.11,60
Leonor Pinto,Philippines,Pixi Skintreats Rose Caviar Eye Cream 250ml,2021-03-11,12104.75,104
Beatriz Cardoso,Japan,Sunday Riley Auto Correct Brightening and Depuffing Eye Contour Cream 150ml,2024-07-03,1184.52,10
Tomás Correia,Germany,Neutrogena Hydro Boost Water Gel 50ml,2023-12-24,2770.39,83
Mariana Cruz,Japan,Clinique Moisture Surge 100H Auto-Replenishing Hydrator 60ml,2023-12-09,3704.11,135
Tomás Correia,Germany,Paula's Choice DEFENSE Antioxidant Pore Purifier 60ml,2024-07-04,45668.12,430
Gonçalo Fernandes,Philippines,Neutrogena Rapid Wrinkle Repair Retinol Cream 60ml,2024-10-19,719.12,49
Rodrigo Pereira,United Kingdom,Pixi Overnight Glow Serum 60ml,2022-03-31,3062.49,105
Miguel Rocha,Chile,Estée Lauder Nutritious Super-Pomegranate Radiant Energy Eye Jelly 340g,2024-08-06,3225.93,46
Carolina Coelho,Philippines,The Ordinary Niacinamide 10% + Zinc 1% 56.7g,2024-02-26,14782.06,138
Sofia Rodrigues,United States,The Ordinary Hyaluronic Acid 2% + B5 60ml,2020-10-03,27309.93,273
Afonso Oliveira,Chile,Kiehl's Rare Earth Deep Pore Cleansing Masque 100ml,2023-08-25,1138.04,229
Rafael Gomes,China,The Ordinary AHA 30% + BHA 2% Peeling Solution 60ml,2022-09-20,3985.86,114
Dinis Pereira,Philippines,Sunday Riley C.E.O. 15% Vitamin C Brightening Serum 30g,2023-07-23,2638.52,106
Rodrigo Pinto,Poland,Neutrogena Hydro Boost Water Gel 340g,2021-10-09,5079.25,249
Martim Cardoso,United Kingdom,Avène Hydrance Rich Rehydrating Cream 30ml,2021-04-19,4418.22,137
Maria Moreira,Argentina,Kiehl's Creamy Eye Treatment with Avocado 250ml,2021-08-05,25925.18,344
Tomás Martins,United States,COSRX AC Collection Lightweight Soothing Moisturizer 30g,2020-04-28,4643.24,232
Tomás Neves,Germany,Bioderma Cicabio Arnica+ Repairing Cream 20ml,2021-05-28,17191.93,149
Dinis Carvalho,Argentina,Murad Hydro-Dynamic Ultimate Moisture 40ml,2024-12-05,6176.83,62
Sara Fernandes,Brazil,COSRX Full Fit Propolis Light Cream 60ml,2023-04-23,6814.42,70
Martim Cardoso,France,Pixi Glow Tonic 20ml,2021-11-19,5580.34,94
Dinis Carvalho,Chile,The Ordinary Salicylic Acid 2% Solution 250ml,2021-08-31,933.29,10
Rodrigo Teixeira,Indonesia,Drunk Elephant T.L.C. Framboos Glycolic Night Serum 50ml,2023-11-08,14651.93,578
Francisco Mendes,France,REN Clean Skincare Overnight Glow Dark Spot Sleeping Cream 125ml,2021-04-25,9947.07,111
Ana Ferreira,Spain,Bioderma Sebium Pore Refiner 200ml,2024-06-22,15775.2,135
Sara Fernandes,Colombia,Sunday Riley Saturn Sulfur Acne Treatment Mask 340g,2022-08-21,5029.27,122
Laura Ribeiro,Spain,La Roche-Posay Toleriane Double Repair Moisturiser 56.7g,2023-08-21,3438.47,66
Gonçalo Ribeiro,Indonesia,Paula's Choice RESIST Anti-Aging Clear Skin Hydrator 56.7g,2021-06-17,751.72,17
Martim Teixeira,Thailand,First Aid Beauty Ultra Repair Tinted Moisturizer SPF 30 60ml,2020-01-09,5487.43,105
Margarida Silva,Poland,Drunk Elephant T.L.C. Framboos Glycolic Night Serum 40ml,2023-03-30,3943.88,42
João Mendes,Indonesia,Sunday Riley Good Genes All-In-One Lactic Acid Treatment 150ml,2024-05-24,3917.4,49
Pedro Ferreira,Colombia,First Aid Beauty Ultra Repair Cream 30ml,2024-07-22,233.09,29
Leonor Rodrigues,Indonesia,Murad Rapid Resurgence Eye Lift 30ml,2023-12-21,860.25,103
Sofia Jesus,Argentina,Estée Lauder Micro Essence Skin Activating Treatment Lotion 50ml,2022-12-18,5888.63,141
Joana Fernandes,France,Clinique Repairwear Laser Focus Eye Cream 50ml,2020-06-08,3507.88,90
Afonso Vieira,United States,Tatcha The Dewy Skin Cream 56.7g,2023-11-15,16420.84,151
Diogo Neves,China,Sunday Riley Auto Correct Brightening and Depuffing Eye Contour Cream 40ml,2023-09-22,7997.7,80
Clara Gomes,Colombia,Kiehl's Midnight Recovery Concentrate 30g,2024-08-16,6241.16,127
Miguel Rocha,Japan,Estée Lauder Advanced Night Repair Serum 15ml,2020-10-15,2294.12,35
Diogo Monteiro,Spain,Sunday Riley Good Genes All-In-One Lactic Acid Treatment 250ml,2020-11-22,12593.07,133
Matilde Moreira,Sweden,Avène Eau Thermale Spray 30ml,2020-02-11,3968.31,52
João Costa,Argentina,La Roche-Posay Toleriane Hydrating Gentle Cleanser 125ml,2020-12-28,8186.79,95
Tomás Rodrigues,Thailand,Tatcha The Silk Cream 100ml,2020-03-07,27872.34,377
Clara Mendes,United Kingdom,Neutrogena Hydro Boost Eye Gel-Cream 60ml,2021-11-18,12037.4,101
Inês Cruz,China,Avène Cleanance Expert Emulsion 125ml,2022-09-13,1857.26,46
Diogo Costa,Singapore,CeraVe AM Facial Moisturising Lotion SPF25 20ml,2024-09-22,3761.52,101
Lucas Coelho,Italy,Avène Hydrance Rich Rehydrating Cream 56.7g,2022-08-28,1861.33,123
Francisco Mendes,Spain,The Ordinary Natural Moisturising Factors + HA 200ml,2020-08-18,7535.1,85
Pedro Santos,Germany,Murad Brightening Booster 40ml,2021-03-30,13685.76,173
Sara Almeida,Indonesia,COSRX AC Collection Lightweight Soothing Moisturizer 50ml,2023-08-07,2618.57,30
Sofia Mendes,India,CeraVe AM Facial Moisturising Lotion SPF25 125ml,2022-09-01,768.8,83
Afonso Monteiro,Spain,Olay Regenerist Micro-Sculpting Cream 30ml,2020-05-15,33542.82,316
Lucas Costa,Spain,Paula's Choice CLINICAL 1% Retinol Treatment 150ml,2024-08-29,9221.1,138
Mariana Martins,France,COSRX Ultimate Moisturizing Honey Overnight Mask 56.7g,2024-05-20,17586.31,313
Francisco Almeida,Sweden,Clinique Even Better Clinical Radical Dark Spot Corrector 75ml,2021-09-26,5094.25,165
Catarina Neves,Brazil,Skinceuticals Discoloration Defense Serum 75ml,2024-11-18,902.36,97
Joana Santos,India,Murad Brightening Booster 100ml,2024-09-13,1524.36,16
Sofia Nunes,Colombia,Skinceuticals Metacell Renewal B3 340g,2023-02-12,3133.36,134
Rafael Neves,Poland,Avène Cicalfate+ Restorative Protective Cream 56.7g,2022-12-07,7344.61,82
Afonso Rocha,India,Kiehl's Midnight Recovery Concentrate 40ml,2020-09-10,2796.74,47
Mariana Martins,Singapore,Avène Cleanance Expert Emulsion 30g,2022-04-17,847.67,124
Margarida Oliveira,Netherlands,Avène XeraCalm A.D Lipid-Replenishing Cream 30ml,2023-10-20,1484.29,117
Beatriz Marques,Spain,Avène Cicalfate+ Restorative Protective Cream 250ml,2023-10-11,31997.14,418
Joana Santos,Thailand,Skinceuticals Metacell Renewal B3 100ml,2022-11-08,3541.44,80
Francisco Mendes,Singapore,Paula's Choice BOOST 10% Niacinamide Booster 56.7g,2024-09-14,5077.49,61
Catarina Martins,Canada,Murad AHA/BHA Exfoliating Cleanser 30g,2020-01-02,4407.04,75
Leonor Rodrigues,Mexico,Kiehl's Midnight Recovery Concentrate 15ml,2023-10-13,5252.14,101
Margarida Cardoso,Chile,COSRX AHA/BHA Clarifying Treatment Toner 20ml,2023-03-28,8168.07,117
Pedro Cruz,United Kingdom,Murad Rapid Resurgence Eye Lift 200ml,2023-01-31,22593.99,218
Clara Ferreira,United Kingdom,Tatcha The Essence Plump Skin Softener 15ml,2022-02-21,56.76,13
Ana Moreira,Germany,COSRX Balancium B5 Biome Comfort Cream 56.7g,2021-06-27,2172.91,74
Martim Rodrigues,Spain,The Ordinary AHA 30% + BHA 2% Peeling Solution 60ml,2023-10-26,3821.67,110
Diogo Costa,United Kingdom,Drunk Elephant Virgin Marula Luxury Face Oil 340g,2024-04-01,7022.77,142
Ana Ferreira,China,REN Clean Skincare Radiance Perfection Serum 30g,2020-12-23,4077.39,140
Margarida Mendes,Argentina,Olay Vitamin C + Peptide 24 Face Moisturizer 30g,2022-06-13,14882.63,154
Sofia Gomes,Japan,Murad Vita-C Glycolic Brightening Serum 150ml,2023-04-25,4465.03,95
Ana Moreira,Mexico,Tatcha The Rice Polish Foaming Enzyme Powder 20ml,2023-05-18,4196.14,100
Sara Almeida,China,Olay Total Effects 7-in-1 Moisturiser 250ml,2022-08-13,7582.22,74
Diogo Neves,India,The Ordinary AHA 30% + BHA 2% Peeling Solution 150ml,2023-11-06,1913.41,18
Margarida Cardoso,Colombia,Kiehl's Creamy Eye Treatment with Avocado 125ml,2024-10-07,5421.84,54
Ana Nunes,Canada,Olay Retinol24 Night Moisturizer 50ml,2022-10-04,1807.17,119
Gonçalo Ribeiro,Singapore,Drunk Elephant C-Firma Fresh Day Serum 200ml,2021-07-29,10074.21,118
Tomás Neves,Philippines,Murad Vita-C Glycolic Brightening Serum 15ml,2021-02-27,2982.45,76
Mariana Mendes,Poland,Olay Eyes Ultimate Eye Cream 150ml,2023-01-01,10163.86,108
Catarina Neves,Colombia,Clinique Repairwear Laser Focus Eye Cream 50ml,2023-10-28,14088.39,188
Gonçalo Fernandes,South Korea,Avène Hydrance Rich Rehydrating Cream 60ml,2021-06-15,5871.21,89
Leonor Coelho,Sweden,The Ordinary Natural Moisturising Factors + HA 40ml,2020-06-17,4674.65,141
Martim Marques,Japan,Drunk Elephant A-Passioni Retinol Cream 60ml,2023-02-17,11745.91,316
Leonor Rodrigues,Mexico,First Aid Beauty Hello FAB Coconut Skin Smoothie Priming Moisturizer 125ml,2023-09-27,5315.53,70
João Costa,Chile,Sunday Riley C.E.O. 15% Vitamin C Brightening Serum 50ml,2021-02-06,308.3,105
Rodrigo Jesus,Japan,The Ordinary Hyaluronic Acid 2% + B5 340g,2022-11-16,1748.79,56
Sofia Mendes,Netherlands,Sunday Riley UFO Ultra-Clarifying Face Oil 75ml,2021-10-28,1268.18,93
Tomás Coelho,China,Avène Retrinal+ 0.1 Intensive Cream 30ml,2022-12-31,1213.69,76
Laura Fernandes,China,Tatcha The Rice Polish Foaming Enzyme Powder 56.7g,2020-05-21,4007.0,110
Afonso Rocha,Spain,Olay Luminous Whip Face Moisturiser 50ml,2024-09-25,3849.44,38
Rafael Martins,China,Pixi Retinol Tonic 50ml,2020-07-04,3105.3,88
Leonor Pinto,Spain,Avène Hydrance Rich Rehydrating Cream 125ml,2020-08-09,2153.51,69
Ana Nunes,Canada,Kiehl's Calendula Serum-Infused Water Cream 60ml,2023-02-16,9025.12,100
Sofia Nunes,Chile,Drunk Elephant Virgin Marula Luxury Face Oil 340g,2023-08-15,2632.42,69
Francisco Fernandes,Netherlands,Olay Retinol24 Night Moisturizer 30ml,2024-12-28,14052.75,244
Joana Santos,Brazil,Tatcha The Clarifying Clay Mask 150ml,2022-10-19,14856.85,260
Gonçalo Coelho,United Kingdom,Kiehl's Creamy Eye Treatment with Avocado 50ml,2021-11-08,1963.29,28
Sofia Gomes,India,Bioderma Sensibio Light Soothing Cream 20ml,2022-02-10,7276.05,170
Guilherme Costa,Indonesia,First Aid Beauty Ultra Repair Tinted Moisturizer SPF 30 340g,2023-01-30,3528.22,111
Carolina Vieira,Philippines,La Roche-Posay Effaclar Mat Moisturiser 340g,2023-10-08,14896.53,234
Clara Gomes,Netherlands,COSRX Oil-Free Ultra-Moisturizing Lotion 56.7g,2023-12-05,14242.56,170
Sara Fernandes,Canada,La Roche-Posay Cicaplast Baume B5 15ml,2021-03-15,58.82,16
Mariana Soares,France,Clinique Repairwear Laser Focus Eye Cream 250ml,2022-07-09,15340.54,255
Clara Monteiro,India,REN Clean Skincare Clean Screen Mineral SPF30 50ml,2023-09-18,799.74,130
Ana Teixeira,France,Olay Total Effects 7-in-1 Moisturiser 250ml,2020-12-19,11373.43,133
Rodrigo Pereira,Sweden,Paula's Choice EARTH SOURCED Antioxidant-Enriched Natural Moisturizer 40ml,2023-12-20,3671.22,49
Miguel Rocha,Mexico,First Aid Beauty Hello FAB Coconut Skin Smoothie Priming Moisturizer 150ml,2023-11-03,6017.83,182
Matilde Cruz,Singapore,COSRX Balancium B5 Biome Comfort Cream 50ml,2021-02-27,5712.58,130
Afonso Almeida,Sweden,Murad Retinol Youth Renewal Serum 20ml,2020-02-28,2506.64,57
Dinis Pereira,Argentina,Tatcha The Silk Cream 56.7g,2021-08-14,1736.54,31
Sofia Jesus,Chile,Skinceuticals Physical Fusion UV Defense SPF 50 15ml,2022-04-24,669.99,25
Laura Mendes,United States,La Roche-Posay Retinol B3 Serum 250ml,2024-02-01,6219.96,110
Diogo Costa,France,Tatcha The Rice Polish Foaming Enzyme Powder 15ml,2020-06-03,3359.05,84
Francisco Vieira,Indonesia,Paula's Choice CALM Redness Relief Moisturizer SPF 30 50ml,2020-04-17,817.62,79
Pedro Sousa,Thailand,Kiehl's Calendula Serum-Infused Water Cream 50ml,2020-05-10,3405.08,108
Carolina Silva,Netherlands,Neutrogena Hydro Boost Water Gel 125ml,2021-04-09,600.9,105
Inês Nunes,Indonesia,Estée Lauder DayWear Multi-Protection Anti-Oxidant 24H Moisturizer SPF15 60ml,2021-05-16,1649.55,248
Margarida Mendes,Brazil,REN Clean Skincare V-Cense Revitalising Eye Cream 340g,2021-06-29,805.39,13
João Cardoso,France,La Roche-Posay Hyalu B5 Serum 60ml,2021-01-08,2320.61,112
Margarida Marques,Indonesia,REN Clean Skincare Perfect Canvas Clean Primer 20ml,2022-11-14,548.25,98
Inês Martins,Italy,Drunk Elephant Lala Retro Whipped Cream 100ml,2024-05-27,2254.53,37
Inês Cardoso,Canada,First Aid Beauty Hello FAB Coconut Skin Smoothie Priming Moisturizer 150ml,2020-10-01,538.75,44
Sofia Jesus,Argentina,La Roche-Posay Toleriane Hydrating Gentle Cleanser 60ml,2021-04-09,16114.17,159
Beatriz Cardoso,Thailand,Skinceuticals Phyto Corrective Gel 250ml,2024-07-25,3425.76,42
Laura Soares,Singapore,COSRX AC Collection Lightweight Soothing Moisturizer 340g,2020-11-26,5969.3,90
Inês Ferreira,Japan,Estée Lauder DayWear Multi-Protection Anti-Oxidant 24H Moisturizer SPF15 30ml,2020-06-17,3696.05,119
Leonor Marques,Philippines,Clinique Even Better Clinical Radical Dark Spot Corrector 30ml,2023-09-10,1251.12,11
Rafael Neves,Singapore,Olay Regenerist Micro-Sculpting Cream 30ml,2022-02-15,11563.76,130
Tomás Neves,Spain,The Ordinary Salicylic Acid 2% Solution 340g,2021-10-03,1517.07,127
Francisco Almeida,Argentina,Sunday Riley Luna Sleeping Night Oil 75ml,2023-01-10,442.02,46
Francisco Almeida,Indonesia,REN Clean Skincare Evercalm Global Protection Day Cream 75ml,2022-10-03,4646.85,224
Laura Pereira,Chile,Avène Hydrance Rich Rehydrating Cream 50ml,2023-12-10,2208.77,224
Matilde Moreira,Philippines,REN Clean Skincare Perfect Canvas Clean Primer 40ml,2022-02-08,1207.03,128
Joana Fernandes,Brazil,CeraVe Skin Renewing Night Cream 200ml,2021-07-23,40507.69,350
Beatriz Cardoso,Mexico,Clinique Dramatically Different Moisturising Lotion+ 250ml,2022-12-30,760.84,10
Laura Carvalho,Colombia,COSRX AHA/BHA Clarifying Treatment Toner 60ml,2020-05-08,1058.86,234
João Nunes,France,Avène Cleanance Expert Emulsion 100ml,2022-07-23,6363.64,138
Catarina Monteiro,Indonesia,Clinique Dramatically Different Moisturising Lotion+ 40ml,2024-03-18,12443.65,126
Margarida Mendes,Brazil,REN Clean Skincare V-Cense Revitalising Eye Cream 100ml,2020-10-13,3169.59,29
Sara Mendes,India,Neutrogena Cellular Boost Concentrate Serum 100ml,2021-05-27,12032.84,156
Mariana Cruz,Spain,Drunk Elephant Lala Retro Whipped Cream 30ml,2024-02-05,2847.2,426
Rodrigo Pereira,Mexico,Sunday Riley Tidal Brightening Enzyme Water Cream 150ml,2021-06-09,4337.14,73
Tomás Almeida,Canada,Estée Lauder DayWear Multi-Protection Anti-Oxidant 24H Moisturizer SPF15 20ml,2021-04-21,4780.49,72
Ana Nunes,Indonesia,Skinceuticals A.G.E. Eye Complex 40ml,2023-12-13,940.81,11
Gonçalo Almeida,Argentina,La Roche-Posay Retinol B3 Serum 125ml,2024-05-03,363.65,13
Miguel Ferreira,Brazil,Neutrogena Bright Boost Gel Cream 50ml,2022-05-26,2685.19,59
Tomás Ribeiro,China,The Ordinary Niacinamide 10% + Zinc 1% 75ml,2021-04-09,3206.36,44
Joana Oliveira,South Korea,Neutrogena Norwegian Formula Face Cream 125ml,2021-05-01,1522.51,342
Francisco Jesus,Spain,COSRX AHA/BHA Clarifying Treatment Toner 150ml,2023-07-04,41838.08,391
Gonçalo Ribeiro,Poland,Murad Retinol Youth Renewal Serum 20ml,2021-04-21,8017.16,88
Mariana Cruz,Singapore,La Roche-Posay Toleriane Double Repair Moisturiser 250ml,2020-11-25,1680.81,89
Rodrigo Soares,United States,The Ordinary Salicylic Acid 2% Solution 150ml,2023-05-23,1454.54,85
Catarina Neves,Italy,Sunday Riley Tidal Brightening Enzyme Water Cream 340g,2023-10-02,1370.45,32
Gonçalo Ferreira,Argentina,Sunday Riley Good Genes All-In-One Lactic Acid Treatment 250ml,2021-04-24,1184.81,60
Diogo Cardoso,Indonesia,Skinceuticals Physical Fusion UV Defense SPF 50 150ml,2023-05-21,691.31,17
João Vieira,Mexico,The Ordinary Salicylic Acid 2% Solution 250ml,2022-10-03,6559.46,93
Martim Rodrigues,Chile,Murad Rapid Resurgence Eye Lift 125ml,2021-09-20,3456.91,31
João Costa,India,Avène Cleanance Expert Emulsion 125ml,2022-03-03,16308.85,199
Dinis Pereira,Philippines,CeraVe Moisturising Cream 150ml,2021-04-06,3919.11,52
Margarida Oliveira,Japan,The Ordinary Salicylic Acid 2% Solution 340g,2024-11-28,9658.78,140
Matilde Cruz,China,CeraVe Skin Renewing Night Cream 125ml,2020-01-09,566.08,13
Tiago Gomes,Spain,Murad Vita-C Glycolic Brightening Serum 56.7g,2020-01-24,1489.03,19
Ana Ferreira,Japan,Pixi Skintreats Rose Caviar Eye Cream 30g,2023-05-29,3060.43,31
Pedro Pereira,Netherlands,Avène XeraCalm A.D Lipid-Replenishing Cream 40ml,2020-10-23,27729.27,331
Pedro Sousa,India,Murad Brightening Booster 20ml,2022-12-18,12991.25,132
Pedro Sousa,Mexico,Bioderma Sebium Pore Refiner 60ml,2022-12-23,3679.53,45
Inês Martins,South Korea,Clinique Turnaround Overnight Revitalizing Moisturizer 30ml,2022-10-21,3842.81,110
Pedro Cruz,Argentina,COSRX Advanced Snail 92 All in One Cream 125ml,2023-03-14,867.12,47
Mariana Soares,Thailand,Bioderma Sebium Pore Refiner 15ml,2024-10-05,11798.14,146
Mariana Soares,Spain,Sunday Riley C.E.O. 15% Vitamin C Brightening Serum 30ml,2024-03-18,34128.79,319
Laura Soares,Indonesia,Estée Lauder Revitalizing Supreme+ Moisturizer 340g,2021-01-20,5741.53,70
Tomás Coelho,Colombia,Skinceuticals A.G.E. Eye Complex 56.7g,2020-09-25,6127.12,64
Beatriz Ferreira,Colombia,Estée Lauder Resilience Lift Firming & Sculpting Eye Cream 60ml,2022-06-27,2650.05,74
Carolina Ferreira,South Korea,Murad Rapid Resurgence Eye Lift 125ml,2022-01-14,133.44,11
Matilde Moreira,China,The Ordinary Retinol 0.5% in Squalane 30g,2021-12-14,4435.69,71
Tomás Ribeiro,Argentina,Neutrogena Ultra Sheer Dry-Touch Sunscreen SPF 50+ 200ml,2024-02-01,12325.47,290
Rafael Vieira,Italy,Clinique Dramatically Different Moisturising Lotion+ 340g,2023-05-04,1723.13,34
Catarina Jesus,South Korea,The Ordinary Buffet Multi-Technology Peptide Serum 60ml,2022-10-18,4432.41,60
Francisco Jesus,United Kingdom,Paula's Choice DEFENSE Antioxidant Pore Purifier 20ml,2021-12-06,31940.77,306
Gonçalo Almeida,Italy,Clinique Even Better Clinical Radical Dark Spot Corrector 40ml,2024-11-11,7057.9,132
Guilherme Neves,Poland,Sunday Riley Good Genes All-In-One Lactic Acid Treatment 15ml,2023-07-09,1233.2,25
Rodrigo Jesus,Mexico,CeraVe AM Facial Moisturising Lotion SPF25 200ml,2020-12-30,6605.05,96
Ana Ferreira,China,Clinique Turnaround Overnight Revitalizing Moisturizer 20ml,2023-12-06,12563.12,128
Tiago Cardoso,Philippines,Sunday Riley Tidal Brightening Enzyme Water Cream 20ml,2023-06-13,5331.37,100
Rodrigo Coelho,Canada,REN Clean Skincare Overnight Glow Dark Spot Sleeping Cream 75ml,2022-02-20,2265.94,29
Pedro Santos,India,Murad Vita-C Glycolic Brightening Serum 56.7g,2024-02-27,43378.08,400
Carolina Jesus,United States,Avène Hydrance Rich Rehydrating Cream 30ml,2022-11-11,8028.14,82
Afonso Jesus,Germany,REN Clean Skincare Clean Screen Mineral SPF30 100ml,2022-07-25,28495.83,352
Miguel Marques,Colombia,Neutrogena Bright Boost Gel Cream 150ml,2021-05-14,10770.78,120
Carolina Jesus,Japan,The Ordinary Natural Moisturising Factors + HA 60ml,2021-09-08,1401.15,41
Dinis Pereira,Spain,Kiehl's Clearly Corrective Dark Spot Solution 340g,2020-07-16,1913.2,137
Clara Cardoso,Netherlands,REN Clean Skincare Clean Screen Mineral SPF30 60ml,2021-02-12,1438.51,124
Laura Costa,Poland,COSRX Advanced Snail 96 Mucin Power Essence 50ml,2024-07-12,7238.17,226
Leonor Rodrigues,Canada,Paula's Choice CLINICAL 1% Retinol Treatment 250ml,2024-11-27,8051.26,91
Miguel Rocha,Canada,Drunk Elephant Lala Retro Whipped Cream 56.7g,2020-09-11,7757.41,151
Mariana Martins,France,Estée Lauder Micro Essence Skin Activating Treatment Lotion 60ml,2023-03-14,660.08,78
Rafael Pereira,South Korea,Neutrogena Oil-Free Acne Wash 15ml,2023-04-25,37823.14,357
Clara Mendes,Chile,Drunk Elephant T.L.C. Framboos Glycolic Night Serum 125ml,2023-12-17,6334.04,98
Tomás Correia,Thailand,REN Clean Skincare Radiance Perfection Serum 125ml,2022-07-21,598.78,29
Joana Teixeira,Thailand,Drunk Elephant C-Firma Fresh Day Serum 15ml,2020-04-11,2810.56,38
Catarina Jesus,Japan,La Roche-Posay Retinol B3 Serum 100ml,2021-07-13,2314.25,28
Carolina Marques,Italy,Pixi Hydrating Milky Serum 60ml,2022-06-06,1872.55,58
Sofia Mendes,China,Clinique Turnaround Overnight Revitalizing Moisturizer 50ml,2021-05-05,17259.28,148
Mariana Mendes,Italy,First Aid Beauty Ultra Repair Firming Collagen Cream 30ml,2022-01-18,12508.63,120
Margarida Cardoso,South Korea,First Aid Beauty Eye Duty Triple Remedy AM Gel Cream 340g,2020-01-10,6876.61,172
Beatriz Jesus,Singapore,Pixi Overnight Glow Serum 100ml,2020-01-26,14558.77,313
Laura Soares,Mexico,Murad Rapid Resurgence Eye Lift 30g,2024-07-25,1283.8,20
Rodrigo Pinto,Netherlands,COSRX AC Collection Lightweight Soothing Moisturizer 125ml,2023-02-27,3139.22,100
Matilde Teixeira,Colombia,Murad Cellular Hydration Barrier Repair Cream 20ml,2022-06-04,11859.67,137
João Nunes,Italy,Bioderma Sensibio Light Soothing Cream 30ml,2022-03-02,23911.01,288
Margarida Cardoso,South Korea,Olay Eyes Ultimate Eye Cream 200ml,2020-11-04,10913.74,103
Tomás Rodrigues,China,Paula's Choice SKIN RECOVERY Replenishing Moisturizer 150ml,2023-05-07,2543.04,277
Matilde Teixeira,Spain,CeraVe PM Facial Moisturising Lotion 30g,2024-10-06,161.51,30
Ana Teixeira,India,Sunday Riley Saturn Sulfur Acne Treatment Mask 125ml,2021-04-26,36544.1,345
Rafael Vieira,Netherlands,Avène Antirougeurs Jour Redness Relief Cream 30g,2023-12-01,1427.93,74
Margarida Teixeira,Italy,The Ordinary Hyaluronic Acid 2% + B5 15ml,2023-10-30,1427.85,38
Lucas Ribeiro,Brazil,Skinceuticals Physical Fusion UV Defense SPF 50 56.7g,2020-01-04,9801.89,113
Mariana Cruz,Philippines,Clinique Moisture Surge 100H Auto-Replenishing Hydrator 200ml,2021-09-06,1271.41,99
Sofia Gomes,Philippines,Paula's Choice SKIN RECOVERY Replenishing Moisturizer 75ml,2023-10-27,2395.74,38
Guilherme Neves,France,REN Clean Skincare Evercalm Global Protection Day Cream 200ml,2020-01-01,6044.61,82
Diogo Monteiro,Brazil,Pixi Hydrating Milky Serum 125ml,2022-04-12,58375.76,525
Inês Monteiro,Indonesia,Sunday Riley C.E.O. 15% Vitamin C Brightening Serum 60ml,2024-09-09,21012.4,267
Mariana Neves,Thailand,Pixi Retinol Tonic 15ml,2021-09-29,445.69,52
João Neves,India,Paula's Choice DEFENSE Antioxidant Pore Purifier 30g,2022-01-09,3846.88,35
Joana Oliveira,Chile,Murad Hydro-Dynamic Ultimate Moisture 30g,2022-12-25,2986.14,111
Catarina Neves,United States,COSRX Advanced Snail 96 Mucin Power Essence 40ml,2021-06-14,2189.24,30
Miguel Ferreira,Japan,La Roche-Posay Effaclar Mat Moisturiser 150ml,2024-04-25,1334.0,103
Martim Teixeira,Japan,Estée Lauder Re-Nutriv Ultimate Lift Age-Correcting Crème 125ml,2023-03-11,8309.29,159
Mariana Mendes,Canada,Pixi +C VIT Brightening Serum 60ml,2023-08-17,3228.18,136
Gonçalo Rodrigues,Poland,COSRX Oil-Free Ultra-Moisturizing Lotion 340g,2022-06-14,6955.85,65
Carolina Marques,Singapore,Bioderma Sebium Pore Refiner 200ml,2021-11-19,5694.55,115
Diogo Costa,Chile,Drunk Elephant C-Firma Fresh Day Serum 30ml,2022-11-20,6807.41,82
Rodrigo Teixeira,Singapore,REN Clean Skincare Overnight Glow Dark Spot Sleeping Cream 20ml,2024-01-21,1101.53,14
Carolina Marques,Netherlands,First Aid Beauty Ultra Repair Firming Collagen Cream 125ml,2023-05-10,3291.13,83
Margarida Cardoso,United Kingdom,Clinique Smart Night Custom-Repair Moisturiser 30g,2022-02-20,16194.76,156
Martim Pinto,Canada,Tatcha The Silk Cream 200ml,2022-08-10,12210.7,141
Leonor Jesus,Japan,Paula's Choice CALM Redness Relief Moisturizer SPF 30 60ml,2024-09-08,4720.27,136
Afonso Martins,Netherlands,Avène Hydrance Rich Rehydrating Cream 75ml,2022-12-09,6351.28,70
Tomás Martins,Argentina,Sunday Riley Auto Correct Brightening and Depuffing Eye Contour Cream 56.7g,2024-01-10,13147.29,310
Ana Nunes,Colombia,La Roche-Posay Effaclar Mat Moisturiser 30g,2022-05-10,109.52,11
Laura Soares,Germany,CeraVe Hydrating Cleanser 100ml,2022-03-21,15555.29,373
Martim Cardoso,Poland,REN Clean Skincare Radiance Perfection Serum 75ml,2021-05-09,9940.42,378
Francisco Coelho,Colombia,CeraVe Renewing SA Cream 30g,2024-04-12,5915.61,69
João Martins,United States,Avène PhysioLift Night Smoothing Balm 150ml,2023-11-04,2671.41,107
Rodrigo Jesus,Brazil,Kiehl's Ultra Facial Cream 20ml,2023-09-01,9050.35,138
Tomás Almeida,Mexico,Neutrogena Hydro Boost Eye Gel-Cream 60ml,2021-05-23,3472.38,126
Clara Ferreira,France,Clinique Smart Night Custom-Repair Moisturiser 60ml,2023-05-12,316.9,19
Diogo Neves,United Kingdom,Bioderma Sebium Pore Refiner 250ml,2022-01-04,8113.15,118
João Neves,Japan,Avène Antirougeurs Jour Redness Relief Cream 340g,2022-01-18,42092.91,398
Rafael Pereira,China,Skinceuticals B5 Gel Hydrating Serum 60ml,2022-10-31,3297.84,126
Rafael Martins,Japan,Skinceuticals Discoloration Defense Serum 125ml,2024-01-05,8967.94,156
Afonso Vieira,Poland,Skinceuticals Phyto Corrective Gel 125ml,2021-09-12,504.89,38
Rafael Vieira,Colombia,Olay Total Effects 7-in-1 Moisturiser 50ml,2021-01-10,5728.25,114
Beatriz Marques,Colombia,Estée Lauder Re-Nutriv Ultimate Lift Age-Correcting Crème 50ml,2023-02-25,2959.31,38
Ana Nunes,United Kingdom,REN Clean Skincare Overnight Glow Dark Spot Sleeping Cream 56.7g,2021-04-28,5563.36,251
Rodrigo Coelho,Sweden,La Roche-Posay Toleriane Double Repair Moisturiser 250ml,2021-07-15,5599.92,88
Mariana Mendes,Sweden,COSRX AC Collection Lightweight Soothing Moisturizer 30ml,2022-10-25,10041.91,114
Inês Ferreira,United Kingdom,CeraVe Renewing SA Cream 100ml,2021-10-12,10498.74,106
Joana Teixeira,Sweden,Estée Lauder DayWear Multi-Protection Anti-Oxidant 24H Moisturizer SPF15 60ml,2024-03-31,34534.46,344
Afonso Vieira,Thailand,Clinique Turnaround Overnight Revitalizing Moisturizer 30ml,2021-10-08,4398.81,44
Carolina Jesus,Germany,Paula's Choice SKIN RECOVERY Replenishing Moisturizer 340g,2021-02-01,652.11,64
Leonor Marques,Italy,Clinique Take The Day Off Cleansing Balm 75ml,2023-06-01,1195.95,284
João Nunes,Japan,CeraVe AM Facial Moisturising Lotion SPF25 75ml,2024-10-29,4206.84,39
Afonso Monteiro,Argentina,REN Clean Skincare Clean Screen Mineral SPF30 340g,2024-03-27,2029.19,62
Lucas Santos,Singapore,Bioderma Pigmentbio C-Concentrate Brightening Serum 100ml,2021-01-22,31986.15,399
Diogo Rocha,Colombia,Paula's Choice SKIN PERFECTING 2% BHA Liquid Exfoliant 125ml,2021-11-15,3962.95,46
Inês Ribeiro,Canada,COSRX Advanced Snail 92 All in One Cream 56.7g,2024-06-12,10033.85,397
Carolina Ferreira,Spain,La Roche-Posay Effaclar Mat Moisturiser 60ml,2023-06-13,1499.46,89
Margarida Cardoso,Mexico,Pixi +C VIT Brightening Serum 50ml,2021-12-27,18145.14,258
Afonso Martins,Sweden,REN Clean Skincare Overnight Glow Dark Spot Sleeping Cream 60ml,2023-11-30,8900.11,96
Dinis Carvalho,United States,CeraVe Moisturising Cream 340g,2024-09-28,26536.36,226
Rafael Martins,United States,Bioderma Pigmentbio C-Concentrate Brightening Serum 30g,2022-06-05,877.02,146
Carolina Pereira,Poland,Bioderma Atoderm Intensive Baume 30g,2021-03-13,3381.77,142
Carolina Coelho,Netherlands,Bioderma Sensibio H2O Micellar Water 50ml,2024-05-14,4438.3,67
Miguel Rocha,Japan,Drunk Elephant Virgin Marula Luxury Face Oil 20ml,2024-12-18,3486.41,63
Sofia Nunes,Colombia,REN Clean Skincare V-Cense Revitalising Eye Cream 75ml,2023-05-10,2960.48,61
Sofia Mendes,Sweden,Estée Lauder Resilience Lift Firming & Sculpting Eye Cream 200ml,2020-02-01,5005.57,144
Sofia Martins,Philippines,Sunday Riley Saturn Sulfur Acne Treatment Mask 15ml,2023-09-07,1186.31,21
Sofia Jesus,Chile,Pixi +C VIT Brightening Serum 56.7g,2021-12-25,1513.51,20
Sara Cruz,Japan,Avène XeraCalm A.D Lipid-Replenishing Cream 15ml,2023-01-15,2151.38,143
Martim Cardoso,Germany,Kiehl's Ultra Facial Cream 56.7g,2023-01-18,1120.61,37
Laura Pereira,Canada,La Roche-Posay Lipikar Balm AP+ 60ml,2021-07-22,5028.29,72
Inês Cardoso,Japan,Tatcha The Clarifying Clay Mask 250ml,2021-07-02,7144.82,367
João Nunes,Germany,Paula's Choice DEFENSE Antioxidant Pore Purifier 100ml,2020-04-07,4202.36,47
Clara Mendes,United Kingdom,The Ordinary Salicylic Acid 2% Solution 60ml,2020-08-26,7229.82,115
Sara Almeida,Argentina,REN Clean Skincare Clean Screen Mineral SPF30 200ml,2024-03-23,3021.15,34
Rodrigo Moreira,Canada,Avène PhysioLift Night Smoothing Balm 125ml,2020-03-01,27182.65,410
Tiago Cardoso,Argentina,Paula's Choice RESIST Anti-Aging Clear Skin Hydrator 20ml,2024-03-16,13424.17,139
Pedro Santos,Sweden,Skinceuticals B5 Gel Hydrating Serum 125ml,2021-11-19,8170.41,271
Afonso Oliveira,India,Drunk Elephant C-Firma Fresh Day Serum 15ml,2024-08-20,7530.87,101
Gonçalo Ferreira,South Korea,Sunday Riley Saturn Sulfur Acne Treatment Mask 340g,2022-06-12,4175.13,55
Leonor Jesus,Germany,Murad Cellular Hydration Barrier Repair Cream 150ml,2021-01-24,5733.04,154
Carolina Silva,Singapore,COSRX AHA/BHA Clarifying Treatment Toner 20ml,2021-04-09,5759.11,63
Leonor Martins,India,La Roche-Posay Hyalu B5 Serum 30ml,2023-07-02,5605.34,53
Rafael Pereira,Italy,Neutrogena Hydro Boost Eye Gel-Cream 56.7g,2022-08-29,601.46,10
Clara Ferreira,South Korea,The Ordinary Glycolic Acid 7% Toning Solution 60ml,2024-03-20,1238.0,133
Diogo Cardoso,Germany,Neutrogena Ultra Sheer Dry-Touch Sunscreen SPF 50+ 100ml,2022-03-12,3250.81,101
Diogo Cardoso,Argentina,Kiehl's Powerful-Strength Line-Reducing Concentrate 150ml,2022-05-23,2108.95,28
Leonor Rodrigues,Brazil,Paula's Choice SKIN RECOVERY Replenishing Moisturizer 30g,2020-08-07,14133.13,145
Rafael Vieira,Indonesia,Avène Cleanance Expert Emulsion 200ml,2024-06-23,12766.66,143
Rafael Pereira,Philippines,COSRX Ultimate Moisturizing Honey Overnight Mask 200ml,2022-02-15,14763.86,126
Mariana Mendes,Spain,Skinceuticals Phyto Corrective Gel 250ml,2023-04-29,2706.17,26
Laura Soares,India,Pixi +C VIT Brightening Serum 60ml,2021-03-24,7525.93,95
Laura Carvalho,China,Sunday Riley Good Genes All-In-One Lactic Acid Treatment 150ml,2024-10-03,1531.38,68
Clara Cardoso,Poland,First Aid Beauty FAB Skin Lab Resurfacing Liquid 10% AHA 40ml,2023-05-26,11629.0,107
Miguel Ferreira,Brazil,Avène Hydrance Rich Rehydrating Cream 20ml,2024-08-22,5609.67,68
Leonor Pinto,Mexico,Tatcha The Eye Concentrate 40ml,2021-02-24,28510.18,343
Lucas Santos,India,Murad Vita-C Glycolic Brightening Serum 125ml,2024-03-31,7007.68,262
Diogo Oliveira,Indonesia,Bioderma Nodé Detox Shampoo 150ml,2023-06-29,11065.18,142
Martim Cardoso,South Korea,Drunk Elephant Lala Retro Whipped Cream 340g,2023-09-28,6169.65,98
Carolina Ferreira,Argentina,The Ordinary AHA 30% + BHA 2% Peeling Solution 30g,2022-10-09,1621.95,75
Laura Mendes,France,Bioderma Sebium Pore Refiner 75ml,2024-05-12,1186.27,87
Margarida Teixeira,India,Olay Regenerist Collagen Peptide24 Serum 40ml,2023-07-17,1288.83,23
Margarida Teixeira,Mexico,Sunday Riley UFO Ultra-Clarifying Face Oil 200ml,2023-10-01,13657.99,131
Leonor Martins,United States,REN Clean Skincare Vita Mineral Active 7 Eye Gel 30ml,2022-05-14,315.87,55
Afonso Oliveira,Thailand,Bioderma Hydrabio Gel-Crème 250ml,2021-06-15,7855.64,104
Catarina Jesus,United Kingdom,Drunk Elephant A-Passioni Retinol Cream 340g,2020-08-17,11853.1,144
Tomás Martins,Japan,Sunday Riley Good Genes All-In-One Lactic Acid Treatment 20ml,2021-09-16,4615.68,91
João Vieira,Philippines,Murad Oil-Control Mattifier SPF45 125ml,2021-05-31,768.03,29
João Cardoso,Thailand,COSRX AHA/BHA Clarifying Treatment Toner 75ml,2024-10-20,641.93,28
Tomás Rodrigues,United States,Estée Lauder Resilience Lift Firming & Sculpting Eye Cream 40ml,2024-02-14,16974.78,210
Matilde Cruz,Indonesia,Estée Lauder Revitalizing Supreme+ Moisturizer 100ml,2024-07-15,4115.69,121
Rafael Vieira,United States,La Roche-Posay Cicaplast Baume B5 340g,2021-04-24,2652.19,38
Rafael Pereira,Poland,Sunday Riley Luna Sleeping Night Oil 100ml,2023-03-18,9622.41,163
Martim Silva,India,Skinceuticals A.G.E. Eye Complex 60ml,2021-02-21,1334.31,16
Matilde Moreira,Thailand,Neutrogena Norwegian Formula Face Cream 60ml,2023-02-21,3854.06,135
Rodrigo Jesus,France,Clinique Dramatically Different Moisturising Lotion+ 30g,2021-08-04,4114.92,410
Rodrigo Pereira,Brazil,Paula's Choice SKIN PERFECTING 2% BHA Liquid Exfoliant 60ml,2024-12-13,4178.23,78
Afonso Martins,Mexico,CeraVe Eye Repair Cream 100ml,2023-06-30,13808.48,125
Afonso Monteiro,Netherlands,Avène Eau Thermale Spray 50ml,2024-06-21,1284.79,20
Martim Teixeira,Argentina,CeraVe Renewing SA Cream 340g,2024-11-28,8156.91,120
Catarina Jesus,Sweden,Kiehl's Creamy Eye Treatment with Avocado 15ml,2023-04-24,4131.06,87
Carolina Silva,France,Estée Lauder Resilience Lift Firming & Sculpting Eye Cream 200ml,2020-03-25,7978.8,110
Mariana Cruz,Poland,Estée Lauder Revitalizing Supreme+ Moisturizer 30g,2022-04-18,10686.43,89
Afonso Monteiro,Indonesia,REN Clean Skincare Evercalm Global Protection Day Cream 75ml,2021-12-30,2007.89,22
Sara Ferreira,Italy,CeraVe Moisturising Cream 200ml,2023-08-15,5634.16,58
Catarina Martins,United Kingdom,First Aid Beauty Ultra Repair Tinted Moisturizer SPF 30 30g,2022-11-30,7793.27,112
Sara Fernandes,Japan,COSRX Balancium B5 Biome Comfort Cream 56.7g,2023-12-25,34015.76,374
Margarida Cardoso,Chile,First Aid Beauty Pure Skin Face Cleanser 56.7g,2020-07-08,26070.58,241
Dinis Pereira,Japan,Kiehl's Powerful-Strength Line-Reducing Concentrate 250ml,2020-08-21,2348.62,66
Francisco Vieira,Spain,Bioderma Nodé Detox Shampoo 125ml,2023-01-06,2581.04,71
Maria Correia,United States,Sunday Riley Luna Sleeping Night Oil 200ml,2021-04-15,3112.24,98
Matilde Teixeira,Thailand,Bioderma Nodé Detox Shampoo 125ml,2022-10-14,4079.12,43
Gonçalo Ribeiro,Spain,Neutrogena Oil-Free Acne Wash 50ml,2023-06-30,909.7,25
Tomás Martins,Spain,Estée Lauder Resilience Lift Firming & Sculpting Eye Cream 40ml,2022-01-15,2721.45,66
Ana Ferreira,Argentina,REN Clean Skincare Perfect Canvas Clean Primer 250ml,2020-07-11,10254.74,136
Mariana Neves,United States,Skinceuticals B5 Gel Hydrating Serum 150ml,2020-09-28,7516.15,348
Maria Coelho,Poland,Bioderma Sensibio H2O Micellar Water 30ml,2020-01-28,1600.36,86
Inês Nunes,United Kingdom,Tatcha The Essence Plump Skin Softener 15ml,2022-10-02,5945.65,99
Rafael Martins,Poland,Murad Vita-C Glycolic Brightening Serum 60ml,2020-11-05,7088.82,112
Laura Fernandes,United States,REN Clean Skincare Perfect Canvas Clean Primer 250ml,2020-11-15,5844.85,87
Ana Nunes,Chile,Avène XeraCalm A.D Lipid-Replenishing Cream 100ml,2020-07-12,8300.55,127
Miguel Rocha,Philippines,Olay Regenerist Micro-Sculpting Cream 50ml,2020-02-14,711.78,15
Dinis Monteiro,Japan,Neutrogena Oil-Free Acne Wash 56.7g,2021-02-15,3931.11,37
Sofia Rodrigues,Colombia,First Aid Beauty KP Bump Eraser Body Scrub 30g,2023-05-21,7273.04,414
Leonor Jesus,Singapore,Clinique Moisture Surge 100H Auto-Replenishing Hydrator 250ml,2024-07-20,6022.94,76
João Neves,China,REN Clean Skincare Evercalm Global Protection Day Cream 250ml,2020-09-26,10688.77,91
Rodrigo Moreira,Colombia,Sunday Riley Saturn Sulfur Acne Treatment Mask 340g,2023-08-30,5778.82,211
Maria Fernandes,Netherlands,Estée Lauder Resilience Lift Firming & Sculpting Eye Cream 20ml,2020-08-12,4398.48,54
Diogo Rodrigues,Canada,Drunk Elephant Protini Polypeptide Cream 56.7g,2020-07-08,2899.85,28
Mariana Mendes,Mexico,Tatcha The Indigo Overnight Repair Treatment 340g,2020-10-17,13208.04,433
Clara Ferreira,Colombia,Murad Retinol Youth Renewal Serum 125ml,2021-10-22,11787.5,114
Tiago Jesus,Chile,Drunk Elephant F-Balm Electrolyte Waterbalm 30g,2020-09-10,8719.63,91
Rodrigo Moreira,Brazil,Paula's Choice BOOST 10% Niacinamide Booster 250ml,2023-05-03,6958.97,176
Miguel Rocha,Netherlands,Sunday Riley UFO Ultra-Clarifying Face Oil 250ml,2021-02-09,18541.49,202
Ana Ferreira,Argentina,Murad Rapid Resurgence Eye Lift 100ml,2022-01-12,7981.22,143
Margarida Oliveira,Germany,First Aid Beauty Eye Duty Triple Remedy AM Gel Cream 150ml,2023-08-21,14942.37,133
Carolina Ferreira,Sweden,La Roche-Posay Retinol B3 Serum 30ml,2024-07-23,2813.48,125
Carolina Ferreira,Thailand,Avène Eau Thermale Spray 30g,2023-07-25,11123.47,217
Carolina Silva,Singapore,Estée Lauder Re-Nutriv Ultimate Lift Age-Correcting Crème 340g,2021-03-22,1856.19,44
Gonçalo Almeida,India,Pixi Hydrating Milky Serum 15ml,2024-01-02,853.81,33
Martim Pinto,Mexico,Avène Eau Thermale Spray 250ml,2023-05-08,27238.71,289
Tomás Coelho,Japan,COSRX Oil-Free Ultra-Moisturizing Lotion 40ml,2024-02-26,2499.32,107
Afonso Almeida,United States,Sunday Riley Luna Sleeping Night Oil 56.7g,2021-06-27,4772.52,136
Maria Fernandes,Thailand,Olay Luminous Whip Face Moisturiser 15ml,2021-08-20,9340.65,90
Afonso Vieira,Japan,Estée Lauder Advanced Night Repair Serum 125ml,2024-04-28,989.85,10
Catarina Correia,United States,Neutrogena Bright Boost Gel Cream 50ml,2024-06-08,10950.52,165
João Neves,Brazil,Murad Vita-C Glycolic Brightening Serum 60ml,2024-05-18,14692.25,142
Ana Nunes,Mexico,Drunk Elephant Virgin Marula Luxury Face Oil 100ml,2021-08-31,2339.77,44
Afonso Rocha,Brazil,Neutrogena Hydro Boost Eye Gel-Cream 150ml,2020-04-16,134.78,41
Lucas Costa,Netherlands,Neutrogena Bright Boost Gel Cream 50ml,2023-07-07,4121.81,83
Matilde Moreira,Philippines,Sunday Riley Luna Sleeping Night Oil 150ml,2021-08-17,37613.29,404
Leonor Martins,Argentina,CeraVe Eye Repair Cream 340g,2024-02-18,2800.73,33
Afonso Jesus,United States,Clinique Even Better Clinical Radical Dark Spot Corrector 100ml,2024-06-06,36573.47,366
Margarida Cardoso,Japan,Kiehl's Creamy Eye Treatment with Avocado 125ml,2022-12-07,21877.18,384
Diogo Oliveira,Netherlands,First Aid Beauty KP Bump Eraser Body Scrub 150ml,2022-05-14,5690.65,73
Afonso Martins,Canada,First Aid Beauty Ultra Repair Firming Collagen Cream 50ml,2020-05-07,9201.06,123
Dinis Ferreira,China,Tatcha The Dewy Skin Cream 340g,2023-01-17,5500.4,46
Sofia Carvalho,Netherlands,Neutrogena Bright Boost Gel Cream 50ml,2021-05-30,9634.89,85
Mariana Soares,Chile,Paula's Choice SKIN RECOVERY Replenishing Moisturizer 75ml,2024-12-06,5665.4,71
Maria Fernandes,China,Estée Lauder Resilience Lift Firming & Sculpting Eye Cream 100ml,2023-08-25,20888.26,232
Inês Cruz,South Korea,CeraVe Hydrating Cleanser 75ml,2020-11-11,3975.54,179
Pedro Ferreira,Sweden,Olay Regenerist Micro-Sculpting Cream 250ml,2023-07-28,16508.04,185
Sofia Rodrigues,Argentina,Pixi Rose Ceramide Cream 20ml,2021-03-18,10815.3,234
Maria Fernandes,Poland,REN Clean Skincare Radiance Perfection Serum 340g,2022-07-19,5794.1,55
Miguel Martins,United States,Clinique Moisture Surge 100H Auto-Replenishing Hydrator 150ml,2022-05-09,1397.07,73
Rafael Gomes,Canada,Avène PhysioLift Night Smoothing Balm 56.7g,2022-06-22,5973.02,69
Rafael Pereira,Italy,Clinique Repairwear Laser Focus Eye Cream 30g,2022-02-24,6164.71,92
Francisco Almeida,Brazil,Murad Hydro-Dynamic Ultimate Moisture 15ml,2023-10-16,24467.46,315
Diogo Rodrigues,Canada,Tatcha The Indigo Overnight Repair Treatment 15ml,2022-09-10,2112.82,50
Inês Nunes,Spain,First Aid Beauty Pure Skin Face Cleanser 150ml,2023-05-15,6399.46,112
Carolina Ferreira,Sweden,Murad Hydro-Dynamic Ultimate Moisture 60ml,2022-08-26,6156.46,60
Tomás Coelho,France,Murad Vita-C Glycolic Brightening Serum 340g,2020-04-27,4876.46,47
Ana Ferreira,Argentina,Sunday Riley Tidal Brightening Enzyme Water Cream 150ml,2022-07-08,2174.61,42
Catarina Jesus,France,REN Clean Skincare Clean Screen Mineral SPF30 60ml,2021-05-17,14747.26,137
Dinis Monteiro,Argentina,Clinique Repairwear Laser Focus Eye Cream 200ml,2024-02-21,17139.38,266
Dinis Carvalho,South Korea,Pixi Retinol Tonic 100ml,2023-06-08,10055.88,135
João Neves,Brazil,La Roche-Posay Toleriane Hydrating Gentle Cleanser 20ml,2020-03-29,10436.2,147
Martim Cardoso,Thailand,Olay Super Serum 5-in-1 200ml,2022-11-16,7132.91,70
Martim Marques,Netherlands,Pixi Rose Ceramide Cream 200ml,2022-07-27,3730.73,81
Beatriz Ferreira,India,Avène Cleanance Expert Emulsion 56.7g,2022-03-28,13210.36,141
Lucas Santos,Germany,Avène Cleanance Expert Emulsion 50ml,2021-04-03,4344.42,87
Laura Mendes,Philippines,Skinceuticals B5 Gel Hydrating Serum 40ml,2022-05-11,2005.08,95
Lucas Costa,South Korea,Neutrogena Hydro Boost Eye Gel-Cream 15ml,2020-10-03,8198.62,144
Lucas Coelho,Poland,COSRX AHA/BHA Clarifying Treatment Toner 50ml,2020-07-06,273.11,14
Rafael Martins,Indonesia,Avène Eau Thermale Spray 340g,2020-10-10,1718.09,56
Carolina Jesus,Brazil,CeraVe Renewing SA Cream 150ml,2024-02-18,169.0,10
Joana Santos,Singapore,Paula's Choice EARTH SOURCED Antioxidant-Enriched Natural Moisturizer 125ml,2020-04-10,1007.64,101
Afonso Pereira,South Korea,Pixi Hydrating Milky Serum 100ml,2020-02-15,1162.97,128
Rodrigo Pereira,Sweden,The Ordinary Buffet Multi-Technology Peptide Serum 56.7g,2024-05-11,13255.18,109
Matilde Teixeira,Chile,Bioderma Sensibio Light Soothing Cream 30g,2022-03-06,1999.85,22
Sofia Mendes,United Kingdom,Skinceuticals Phyto Corrective Gel 56.7g,2020-03-25,7640.77,92
Sara Almeida,Argentina,Neutrogena Bright Boost Gel Cream 200ml,2023-07-30,2745.5,33
Afonso Pereira,Japan,Sunday Riley Ice Ceramide Moisturizing Cream 200ml,2020-11-24,13890.24,148
Sara Almeida,Poland,Sunday Riley Auto Correct Brightening and Depuffing Eye Contour Cream 15ml,2023-03-25,2482.7,138
Leonor Jesus,Netherlands,First Aid Beauty Eye Duty Triple Remedy AM Gel Cream 30g,2024-07-06,5178.15,231
João Costa,India,Murad Brightening Booster 56.7g,2021-05-15,3951.8,36
Afonso Neves,Japan,Kiehl's Clearly Corrective Dark Spot Solution 75ml,2021-07-02,3443.45,120
Sofia Rodrigues,Canada,Neutrogena Bright Boost Gel Cream 60ml,2024-05-24,1609.59,40
Sofia Gomes,Italy,Avène PhysioLift Night Smoothing Balm 200ml,2022-02-06,12548.6,334
Sara Almeida,Canada,Clinique Even Better Clinical Radical Dark Spot Corrector 40ml,2020-04-12,2700.93,114
Diogo Rocha,Spain,Pixi Skintreats Rose Caviar Eye Cream 75ml,2020-04-06,13130.15,175
Francisco Coelho,United Kingdom,COSRX Advanced Snail 92 All in One Cream 30g,2023-03-05,5516.45,105
Ana Moreira,Netherlands,Drunk Elephant B-Hydra Intensive Hydration Serum 150ml,2023-01-02,2426.87,36
Tomás Neves,Germany,First Aid Beauty Ultra Repair Cream 200ml,2020-07-10,14793.6,210
Sofia Rodrigues,Canada,Clinique Turnaround Overnight Revitalizing Moisturizer 56.7g,2020-06-22,3044.2,30
Rafael Gomes,Philippines,Kiehl's Creamy Eye Treatment with Avocado 200ml,2023-01-29,939.9,33
Margarida Silva,France,Bioderma Sensibio Light Soothing Cream 340g,2020-08-23,1767.88,121
Joana Santos,United Kingdom,REN Clean Skincare Vita Mineral Active 7 Eye Gel 50ml,2022-06-19,10729.59,124
Clara Monteiro,Chile,Bioderma Pigmentbio C-Concentrate Brightening Serum 56.7g,2020-07-31,10481.6,130
Leonor Martins,Singapore,Skinceuticals Triple Lipid Restore 2:4:2 340g,2022-03-01,3118.12,214
Mariana Soares,Thailand,Clinique Dramatically Different Moisturising Lotion+ 250ml,2023-07-10,2128.25,20
Tiago Jesus,Philippines,COSRX Full Fit Propolis Light Cream 340g,2022-05-06,8006.17,87
Leonor Marques,Argentina,COSRX Advanced Snail 92 All in One Cream 250ml,2024-12-23,8102.94,94
Afonso Neves,Canada,Drunk Elephant Protini Polypeptide Cream 250ml,2021-12-06,5714.25,139
Rodrigo Coelho,United States,Drunk Elephant B-Hydra Intensive Hydration Serum 340g,2022-03-20,25602.17,399
Guilherme Costa,Sweden,Drunk Elephant Protini Polypeptide Cream 30ml,2020-12-29,8756.44,140
Diogo Ribeiro,United Kingdom,Murad Brightening Booster 60ml,2023-03-05,10676.48,180
Sara Fernandes,France,The Ordinary Salicylic Acid 2% Solution 250ml,2023-02-27,1612.86,72
Tomás Ribeiro,Chile,Neutrogena Cellular Boost Concentrate Serum 125ml,2023-12-12,8909.87,119
Carolina Ferreira,Argentina,CeraVe Skin Renewing Night Cream 250ml,2021-10-14,22046.17,397
João Nunes,Spain,Olay Total Effects 7-in-1 Moisturiser 20ml,2023-12-16,4050.09,123
Tomás Almeida,Mexico,REN Clean Skincare Evercalm Global Protection Day Cream 340g,2024-06-13,18300.52,211
Diogo Costa,United Kingdom,Murad Brightening Booster 250ml,2021-05-02,13874.84,117
Joana Santos,Indonesia,Olay Super Serum 5-in-1 100ml,2020-03-16,1147.92,14
Joana Oliveira,Netherlands,Sunday Riley C.E.O. 15% Vitamin C Brightening Serum 50ml,2020-08-15,8636.3,111
Laura Carvalho,Brazil,Neutrogena Norwegian Formula Face Cream 20ml,2021-08-13,17221.09,190
Ana Moreira,India,Murad Brightening Booster 150ml,2024-01-18,6833.27,57
Sofia Martins,Spain,Pixi Rose Ceramide Cream 15ml,2020-02-25,1277.35,82
Laura Fernandes,France,Skinceuticals Metacell Renewal B3 250ml,2023-03-09,1686.35,107
Gonçalo Coelho,Italy,Estée Lauder Re-Nutriv Ultimate Lift Age-Correcting Crème 340g,2022-09-17,681.64,105
Martim Pinto,Colombia,The Ordinary AHA 30% + BHA 2% Peeling Solution 30ml,2022-10-14,9154.83,91
Sara Fernandes,Thailand,REN Clean Skincare Vita Mineral Active 7 Eye Gel 60ml,2020-03-16,7026.79,110
Leonor Pinto,China,COSRX Ultimate Moisturizing Honey Overnight Mask 125ml,2024-02-28,4327.48,79
Martim Cardoso,South Korea,Drunk Elephant F-Balm Electrolyte Waterbalm 30g,2022-07-04,2704.45,32
Mariana Mendes,Sweden,Skinceuticals Triple Lipid Restore 2:4:2 150ml,2020-05-25,2563.1,335
Lucas Coelho,South Korea,Bioderma Sebium Pore Refiner 340g,2024-03-05,1225.88,13
Tiago Almeida,Singapore,Drunk Elephant B-Hydra Intensive Hydration Serum 30ml,2024-12-19,13601.16,190
Rodrigo Cruz,Sweden,Estée Lauder Nutritious Super-Pomegranate Radiant Energy Eye Jelly 200ml,2022-11-15,6262.42,133
Dinis Pereira,Italy,Clinique Even Better Clinical Radical Dark Spot Corrector 100ml,2023-04-24,476.07,131
Lucas Coelho,United States,Olay Luminous Whip Face Moisturiser 75ml,2021-11-26,13337.16,130
Sofia Gomes,Singapore,Murad Rapid Resurgence Eye Lift 125ml,2021-05-25,3404.77,98
Inês Monteiro,Singapore,Tatcha The Water Cream 125ml,2023-11-28,3702.26,35
Catarina Correia,Spain,Olay Vitamin C + Peptide 24 Face Moisturizer 250ml,2022-07-08,40277.02,427
Sofia Gomes,United Kingdom,Skinceuticals Phyto Corrective Gel 100ml,2020-06-14,1469.72,99
Rodrigo Teixeira,Japan,COSRX AHA/BHA Clarifying Treatment Toner 56.7g,2024-06-21,4425.01,278
João Costa,United Kingdom,Neutrogena Rapid Wrinkle Repair Retinol Cream 56.7g,2020-03-16,4802.51,62
Tomás Almeida,United States,Murad Vita-C Glycolic Brightening Serum 150ml,2022-09-17,10353.46,112
Afonso Vieira,Colombia,Kiehl's Calendula Serum-Infused Water Cream 125ml,2022-05-20,2636.27,144
Diogo Oliveira,Sweden,Avène Antirougeurs Jour Redness Relief Cream 15ml,2024-12-21,2661.0,56
Afonso Monteiro,Poland,Estée Lauder Micro Essence Skin Activating Treatment Lotion 200ml,2020-03-02,518.0,35
Tomás Neves,Indonesia,Kiehl's Rare Earth Deep Pore Cleansing Masque 100ml,2024-03-09,1270.38,221
João Martins,Netherlands,First Aid Beauty Pure Skin Face Cleanser 50ml,2023-12-03,5271.71,102
Catarina Neves,Italy,Tatcha The Clarifying Clay Mask 15ml,2022-08-06,1321.54,22
Rodrigo Pereira,Italy,Tatcha The Eye Concentrate 30g,2022-06-06,2187.22,26
Sofia Rodrigues,China,Bioderma Nodé Detox Shampoo 75ml,2023-05-02,1780.2,146
Afonso Pereira,Japan,Kiehl's Powerful-Strength Line-Reducing Concentrate 30ml,2024-04-23,275.92,44
Maria Ferreira,Singapore,Estée Lauder Nutritious Super-Pomegranate Radiant Energy Eye Jelly 250ml,2021-09-10,22666.02,338
Mariana Neves,United Kingdom,La Roche-Posay Effaclar Mat Moisturiser 340g,2023-12-24,16181.4,295
Sara Almeida,Poland,Drunk Elephant F-Balm Electrolyte Waterbalm 340g,2022-04-07,8385.06,242
Dinis Pereira,Thailand,Clinique Take The Day Off Cleansing Balm 50ml,2024-01-07,40316.26,346
Rafael Gomes,South Korea,Neutrogena Bright Boost Gel Cream 30g,2022-03-21,667.68,26
Afonso Monteiro,Philippines,Sunday Riley Auto Correct Brightening and Depuffing Eye Contour Cream 100ml,2024-02-14,19621.32,464
Diogo Martins,Indonesia,CeraVe Eye Repair Cream 60ml,2024-09-03,2294.2,94
Pedro Ferreira,Indonesia,CeraVe Moisturising Cream 100ml,2020-10-20,3968.89,34
Diogo Oliveira,Spain,Bioderma Atoderm Intensive Baume 75ml,2024-05-22,5135.38,64
Tomás Correia,Singapore,Neutrogena Ultra Sheer Dry-Touch Sunscreen SPF 50+ 50ml,2024-02-19,2765.33,108
Mariana Cruz,India,REN Clean Skincare Ready Steady Glow Daily AHA Tonic 60ml,2024-10-08,4570.65,70
Rodrigo Pereira,Italy,Sunday Riley Luna Sleeping Night Oil 100ml,2020-07-09,14548.15,139
Inês Nunes,Philippines,The Ordinary Buffet Multi-Technology Peptide Serum 100ml,2020-02-10,3225.27,27
Laura Ribeiro,Mexico,Pixi Hydrating Milky Serum 30ml,2024-05-01,2141.22,148
Mariana Soares,Chile,Olay Regenerist Collagen Peptide24 Serum 56.7g,2024-11-03,8465.68,134
Rodrigo Teixeira,Canada,La Roche-Posay Hyalu B5 Serum 15ml,2021-12-30,3956.28,122
Pedro Cruz,United States,Pixi Rose Ceramide Cream 50ml,2022-10-23,45798.2,452
Mariana Soares,South Korea,Neutrogena Ultra Sheer Dry-Touch Sunscreen SPF 50+ 30ml,2024-10-05,978.25,64
Miguel Rocha,Japan,Pixi Skintreats Rose Caviar Eye Cream 150ml,2022-03-23,910.4,21
Carolina Jesus,Sweden,CeraVe Hydrating Cleanser 125ml,2020-04-16,6912.7,93
Rafael Neves,Singapore,Bioderma Cicabio Arnica+ Repairing Cream 60ml,2020-09-08,4839.1,113
Diogo Rocha,Spain,La Roche-Posay Hyalu B5 Serum 200ml,2022-04-24,1572.83,23
Pedro Ferreira,Indonesia,Bioderma Nodé Detox Shampoo 56.7g,2022-10-23,13371.82,226
Tomás Rodrigues,Italy,Kiehl's Clearly Corrective Dark Spot Solution 30ml,2024-10-13,2309.82,144
Afonso Oliveira,Brazil,Clinique Moisture Surge 100H Auto-Replenishing Hydrator 340g,2024-10-08,2242.4,122
Gonçalo Ribeiro,Indonesia,Drunk Elephant T.L.C. Framboos Glycolic Night Serum 50ml,2022-03-01,2308.09,21
Sofia Martins,Netherlands,Estée Lauder Advanced Night Repair Serum 56.7g,2023-05-23,3368.73,368
Catarina Correia,China,Pixi Skintreats Rose Caviar Eye Cream 60ml,2024-11-28,4237.21,142
Martim Silva,Argentina,Skinceuticals B5 Gel Hydrating Serum 200ml,2021-11-28,12285.9,384
Beatriz Cardoso,Netherlands,Pixi +C VIT Brightening Serum 30g,2024-02-17,2658.46,128
Martim Ferreira,United Kingdom,Olay Super Serum 5-in-1 340g,2024-12-26,3690.59,42
Rodrigo Soares,Canada,First Aid Beauty FAB Skin Lab Resurfacing Liquid 10% AHA 40ml,2020-12-05,6168.99,468
João Mendes,Italy,Paula's Choice SKIN PERFECTING 2% BHA Liquid Exfoliant 50ml,2023-08-13,19525.71,288
Lucas Santos,Singapore,Pixi +C VIT Brightening Serum 125ml,2023-12-13,4856.31,105
Afonso Oliveira,United Kingdom,Tatcha The Rice Polish Foaming Enzyme Powder 200ml,2022-03-08,8008.5,102
Dinis Ferreira,Poland,Pixi Hydrating Milky Serum 75ml,2024-07-24,16871.98,261
Guilherme Neves,Poland,Estée Lauder Nutritious Super-Pomegranate Radiant Energy Eye Jelly 60ml,2020-10-08,9068.08,109
Mariana Martins,Singapore,The Ordinary AHA 30% + BHA 2% Peeling Solution 20ml,2021-07-09,332.97,20
Tomás Ribeiro,Canada,Pixi Rose Ceramide Cream 30g,2024-06-29,3348.91,66
Margarida Oliveira,Thailand,REN Clean Skincare Vita Mineral Active 7 Eye Gel 30ml,2020-03-30,9504.51,95
Lucas Ribeiro,India,Bioderma Pigmentbio C-Concentrate Brightening Serum 100ml,2020-07-19,11668.5,209
Gonçalo Fernandes,Sweden,Neutrogena Oil-Free Acne Wash 50ml,2023-01-02,2896.47,33
Tiago Almeida,Spain,La Roche-Posay Cicaplast Baume B5 56.7g,2020-08-14,11412.47,159
Inês Martins,Singapore,Bioderma Sensibio Light Soothing Cream 75ml,2023-06-12,4456.66,45
Miguel Ferreira,United States,Pixi Vitamin-C Juice Cleanser 50ml,2021-11-18,3287.6,66
Tiago Gomes,Mexico,Drunk Elephant F-Balm Electrolyte Waterbalm 15ml,2021-04-30,862.06,131
Matilde Moreira,Japan,Clinique Dramatically Different Moisturising Lotion+ 56.7g,2021-10-18,2769.42,40
Clara Gomes,Italy,REN Clean Skincare Vita Mineral Active 7 Eye Gel 75ml,2020-11-28,858.53,52
Beatriz Marques,Netherlands,COSRX AC Collection Lightweight Soothing Moisturizer 30ml,2024-11-02,1658.05,139
Dinis Monteiro,Chile,Sunday Riley C.E.O. 15% Vitamin C Brightening Serum 200ml,2024-09-03,31883.58,364
Leonor Pinto,Indonesia,The Ordinary Glycolic Acid 7% Toning Solution 40ml,2024-11-25,1001.16,34
Leonor Marques,France,Tatcha The Dewy Skin Cream 75ml,2020-05-13,4214.91,56
Margarida Teixeira,Netherlands,Drunk Elephant T.L.C. Framboos Glycolic Night Serum 150ml,2020-08-13,5716.06,62
Afonso Sousa,China,Paula's Choice RESIST Anti-Aging Clear Skin Hydrator 15ml,2020-07-14,3624.78,98
Sofia Nunes,South Korea,La Roche-Posay Effaclar Mat Moisturiser 60ml,2024-04-24,11592.1,127
Tiago Jesus,Chile,Tatcha The Rice Polish Foaming Enzyme Powder 150ml,2024-03-12,171.18,16
Catarina Correia,Colombia,First Aid Beauty Ultra Repair Firming Collagen Cream 100ml,2023-04-01,4900.59,67
Rafael Martins,Italy,La Roche-Posay Cicaplast Baume B5 56.7g,2024-12-28,472.24,17
Matilde Moreira,United States,Kiehl's Calendula Serum-Infused Water Cream 30g,2024-01-10,3907.89,95
Mariana Soares,South Korea,REN Clean Skincare Evercalm Global Protection Day Cream 100ml,2023-02-07,10905.12,123
Dinis Monteiro,Brazil,COSRX AC Collection Lightweight Soothing Moisturizer 250ml,2021-09-28,4033.59,146
Clara Cardoso,Mexico,COSRX Ultimate Moisturizing Honey Overnight Mask 30ml,2023-03-14,1363.38,37
Rodrigo Pereira,Singapore,Olay Retinol24 Night Moisturizer 30g,2024-04-02,28418.35,270
Lucas Santos,Philippines,Tatcha The Essence Plump Skin Softener 30g,2023-06-07,806.57,18
Matilde Moreira,Netherlands,La Roche-Posay Hyalu B5 Serum 30g,2020-11-08,733.28,15
Beatriz Cardoso,Indonesia,Bioderma Cicabio Arnica+ Repairing Cream 30g,2021-08-15,11036.57,149
Rafael Vieira,South Korea,The Ordinary Salicylic Acid 2% Solution 50ml,2021-03-25,9387.43,115
Dinis Pereira,Sweden,CeraVe Hydrating Cleanser 250ml,2023-12-23,2339.79,26
Rafael Vieira,Brazil,Sunday Riley C.E.O. 15% Vitamin C Brightening Serum 50ml,2020-06-02,5819.97,74
Joana Santos,Argentina,Paula's Choice RESIST Anti-Aging Clear Skin Hydrator 100ml,2023-03-01,6772.83,68
Dinis Cardoso,Germany,First Aid Beauty Ultra Repair Cream 30ml,2020-08-07,9793.94,103
Maria Coelho,Italy,The Ordinary Buffet Multi-Technology Peptide Serum 30ml,2020-05-15,2718.99,137
João Costa,United States,The Ordinary AHA 30% + BHA 2% Peeling Solution 200ml,2024-06-17,3840.12,310
Rodrigo Teixeira,Thailand,Bioderma Cicabio Arnica+ Repairing Cream 250ml,2022-11-13,2925.65,31
Lucas Rodrigues,Netherlands,Clinique Smart Night Custom-Repair Moisturiser 60ml,2024-03-21,34887.78,458
Beatriz Cardoso,Colombia,Olay Super Serum 5-in-1 125ml,2023-03-27,840.78,17
Tomás Rodrigues,Mexico,Bioderma Cicabio Arnica+ Repairing Cream 30ml,2022-05-12,2679.46,119
Afonso Neves,Spain,Estée Lauder Advanced Night Repair Serum 100ml,2023-11-16,1530.84,26
João Vieira,Spain,Avène Retrinal+ 0.1 Intensive Cream 50ml,2021-04-28,23945.57,270
Laura Mendes,Brazil,Estée Lauder Perfectly Clean Multi-Action Foam Cleanser 100ml,2024-11-12,22112.06,408
Ana Monteiro,Mexico,Murad Brightening Booster 340g,2021-07-05,3507.62,80
Rodrigo Coelho,China,First Aid Beauty Pure Skin Face Cleanser 56.7g,2020-06-04,5870.9,55
Francisco Jesus,Thailand,Kiehl's Powerful-Strength Line-Reducing Concentrate 125ml,2022-09-14,317.88,46
Afonso Martins,France,Sunday Riley Auto Correct Brightening and Depuffing Eye Contour Cream 30ml,2023-07-09,8972.34,129
Miguel Martins,Colombia,First Aid Beauty Pure Skin Face Cleanser 15ml,2020-02-29,15620.13,328
Joana Costa,Netherlands,Pixi +C VIT Brightening Serum 150ml,2020-09-10,2732.66,54
Tiago Carvalho,South Korea,Paula's Choice RESIST Anti-Aging Clear Skin Hydrator 30ml,2023-04-19,852.76,118
Tomás Almeida,Singapore,Avène Retrinal+ 0.1 Intensive Cream 200ml,2020-07-01,609.37,125
Maria Correia,Canada,La Roche-Posay Anthelios Invisible Fluid SPF50+ 30ml,2022-02-26,2483.15,189
Afonso Rocha,Chile,Paula's Choice BOOST 10% Niacinamide Booster 100ml,2020-01-20,1536.5,329
Rafael Neves,Italy,Tatcha The Water Cream 75ml,2023-06-10,10830.35,138
Afonso Vieira,United Kingdom,Kiehl's Super Multi-Corrective Anti-Aging Face & Neck Cream 250ml,2023-09-27,2137.46,28
Rafael Pereira,Netherlands,Drunk Elephant B-Hydra Intensive Hydration Serum 50ml,2022-05-11,12877.81,130
Tiago Carvalho,Italy,First Aid Beauty Ultra Repair Firming Collagen Cream 250ml,2024-07-29,3063.3,44
Francisco Coelho,Mexico,Murad Hydro-Dynamic Ultimate Moisture 30ml,2023-07-22,43609.25,363
Laura Fernandes,Netherlands,Estée Lauder Perfectly Clean Multi-Action Foam Cleanser 125ml,2024-10-03,3868.63,61
Dinis Ferreira,Thailand,Bioderma Sensibio H2O Micellar Water 30ml,2023-04-15,2596.75,146
Beatriz Cardoso,Philippines,Avène PhysioLift Night Smoothing Balm 125ml,2022-07-29,11673.5,137
Rafael Pereira,Japan,Olay Luminous Whip Face Moisturiser 50ml,2023-05-16,1559.23,15
Mariana Neves,India,First Aid Beauty Hello FAB Coconut Skin Smoothie Priming Moisturizer 75ml,2023-10-27,6263.04,110
Afonso Martins,Colombia,Estée Lauder Re-Nutriv Ultimate Lift Age-Correcting Crème 200ml,2024-04-06,1114.48,55
Rodrigo Coelho,Argentina,CeraVe Skin Renewing Night Cream 100ml,2021-11-22,3096.85,53
Leonor Jesus,Netherlands,Kiehl's Super Multi-Corrective Anti-Aging Face & Neck Cream 150ml,2020-05-29,7806.84,94
Sofia Martins,South Korea,COSRX AC Collection Lightweight Soothing Moisturizer 150ml,2021-08-26,1278.99,90
João Nunes,Poland,Avène Hydrance Rich Rehydrating Cream 150ml,2024-08-13,2867.09,53
Margarida Mendes,Spain,Tatcha The Clarifying Clay Mask 50ml,2020-06-21,8853.04,101
Clara Ferreira,United Kingdom,Paula's Choice CLINICAL 1% Retinol Treatment 250ml,2024-06-27,7838.93,74
Clara Monteiro,Poland,La Roche-Posay Hyalu B5 Serum 60ml,2022-01-11,15266.63,218
Inês Ribeiro,China,COSRX AC Collection Lightweight Soothing Moisturizer 56.7g,2022-09-19,9337.62,82
Dinis Ferreira,Germany,COSRX Oil-Free Ultra-Moisturizing Lotion 30ml,2024-06-17,7009.81,104
Rafael Mendes,South Korea,Neutrogena Bright Boost Gel Cream 150ml,2020-11-20,59598.52,565
Carolina Marques,Mexico,Olay Luminous Whip Face Moisturiser 100ml,2021-08-06,2367.85,192
Laura Pereira,Canada,Olay Luminous Whip Face Moisturiser 15ml,2024-07-12,13510.13,122
Dinis Cardoso,Germany,The Ordinary Natural Moisturising Factors + HA 40ml,2021-01-28,3179.8,94
Diogo Ribeiro,China,Bioderma Sensibio Light Soothing Cream 30ml,2022-11-11,973.78,77
João Nunes,Mexico,Neutrogena Hydro Boost Water Gel 15ml,2023-02-17,5241.7,55
Pedro Sousa,Chile,COSRX Advanced Snail 92 All in One Cream 100ml,2022-01-01,8493.15,104
Catarina Correia,Argentina,Olay Eyes Ultimate Eye Cream 60ml,2022-02-03,5025.05,80
Sofia Mendes,Chile,First Aid Beauty Hello FAB Coconut Skin Smoothie Priming Moisturizer 150ml,2024-05-05,3023.21,53
Catarina Neves,Indonesia,REN Clean Skincare Vita Mineral Active 7 Eye Gel 30ml,2020-02-02,5964.6,243
Carolina Ferreira,South Korea,Kiehl's Calendula Serum-Infused Water Cream 125ml,2021-02-26,2620.23,52
Lucas Ribeiro,South Korea,Clinique Take The Day Off Cleansing Balm 40ml,2023-02-28,2262.94,92
Afonso Sousa,Netherlands,Murad Hydro-Dynamic Ultimate Moisture 60ml,2022-01-28,6256.5,63
Catarina Neves,Indonesia,Paula's Choice BOOST 10% Niacinamide Booster 56.7g,2020-05-27,3382.08,33
Guilherme Costa,Singapore,Estée Lauder Perfectly Clean Multi-Action Foam Cleanser 15ml,2021-05-22,3333.5,56
Afonso Martins,Japan,Tatcha The Rice Polish Foaming Enzyme Powder 30g,2021-10-29,982.49,33
Lucas Rodrigues,Brazil,Bioderma Nodé Detox Shampoo 150ml,2024-10-13,7159.38,118
Diogo Oliveira,Chile,Clinique Turnaround Overnight Revitalizing Moisturizer 50ml,2023-01-15,13334.05,160
Lucas Ribeiro,Canada,First Aid Beauty Ultra Repair Tinted Moisturizer SPF 30 20ml,2020-12-28,20502.83,399
Leonor Rodrigues,Chile,Kiehl's Calendula Serum-Infused Water Cream 15ml,2021-06-30,1749.43,86
Tomás Correia,Singapore,Tatcha The Clarifying Clay Mask 200ml,2020-03-25,1144.32,32
Lucas Rodrigues,South Korea,Murad Hydro-Dynamic Ultimate Moisture 30ml,2023-08-21,1556.09,61
Sara Mendes,Spain,COSRX Balancium B5 Biome Comfort Cream 340g,2022-07-20,8304.03,128
Laura Mendes,South Korea,Tatcha The Water Cream 125ml,2021-04-06,1503.05,15
Rodrigo Coelho,France,La Roche-Posay Toleriane Double Repair Moisturiser 15ml,2024-12-14,4761.38,80
Beatriz Cardoso,Mexico,Bioderma Pigmentbio C-Concentrate Brightening Serum 200ml,2021-08-30,23070.1,260
Inês Ribeiro,Colombia,REN Clean Skincare Evercalm Global Protection Day Cream 50ml,2022-05-18,10361.91,133
Carolina Vieira,United States,The Ordinary Buffet Multi-Technology Peptide Serum 15ml,2023-06-08,1213.88,17
Mariana Cruz,France,First Aid Beauty Hello FAB Coconut Skin Smoothie Priming Moisturizer 15ml,2022-10-14,145.88,14
Maria Fernandes,Argentina,REN Clean Skincare Overnight Glow Dark Spot Sleeping Cream 60ml,2020-07-31,28100.38,313
Joana Santos,United States,Avène Cleanance Expert Emulsion 125ml,2022-05-19,23620.18,389
Sara Fernandes,Singapore,Clinique Turnaround Overnight Revitalizing Moisturizer 56.7g,2021-04-25,19715.84,233
Diogo Martins,Spain,Murad Retinol Youth Renewal Serum 40ml,2024-07-25,5660.84,139
Francisco Coelho,Spain,Bioderma Cicabio Arnica+ Repairing Cream 250ml,2024-07-14,982.84,18
Gonçalo Ferreira,Canada,First Aid Beauty Pure Skin Face Cleanser 250ml,2021-10-19,360.05,20
João Vieira,Japan,Sunday Riley UFO Ultra-Clarifying Face Oil 30ml,2024-10-13,11121.41,115
Ana Monteiro,India,Drunk Elephant Lala Retro Whipped Cream 125ml,2022-03-04,1181.18,136
Tomás Martins,France,Sunday Riley UFO Ultra-Clarifying Face Oil 15ml,2024-08-24,680.92,19
Tiago Cardoso,Japan,Tatcha The Rice Polish Foaming Enzyme Powder 15ml,2021-10-29,10769.32,111
Afonso Martins,France,Skinceuticals Phyto Corrective Gel 30ml,2020-02-27,2555.77,36
Miguel Marques,Canada,Sunday Riley Ice Ceramide Moisturizing Cream 60ml,2020-09-18,3946.19,50
Joana Oliveira,Canada,Drunk Elephant B-Hydra Intensive Hydration Serum 250ml,2021-07-09,8089.4,116
Inês Cardoso,Poland,Neutrogena Bright Boost Gel Cream 75ml,2021-03-26,2912.3,30
Afonso Martins,South Korea,Sunday Riley UFO Ultra-Clarifying Face Oil 56.7g,2020-10-23,6706.63,481
Sara Cruz,France,REN Clean Skincare Clean Screen Mineral SPF30 30ml,2021-09-12,3741.47,64
Leonor Jesus,Italy,Estée Lauder Perfectly Clean Multi-Action Foam Cleanser 20ml,2024-10-03,6064.05,109
Beatriz Ferreira,Poland,Clinique Repairwear Laser Focus Eye Cream 30ml,2024-02-08,9962.25,137
Carolina Coelho,Thailand,Kiehl's Calendula Serum-Infused Water Cream 50ml,2022-03-28,12487.53,144
Joana Santos,Philippines,Sunday Riley Auto Correct Brightening and Depuffing Eye Contour Cream 50ml,2022-08-07,1846.1,82
Diogo Monteiro,United States,CeraVe PM Facial Moisturising Lotion 250ml,2021-12-23,2051.85,60
Beatriz Jesus,Argentina,Murad Oil-Control Mattifier SPF45 30ml,2022-06-03,4030.61,44
Francisco Jesus,Netherlands,Estée Lauder Re-Nutriv Ultimate Lift Age-Correcting Crème 30g,2024-11-10,13956.29,142
Tiago Almeida,United Kingdom,Murad Retinol Youth Renewal Serum 15ml,2021-04-08,9841.96,126
Tomás Martins,Canada,Tatcha The Indigo Overnight Repair Treatment 75ml,2021-12-23,2175.45,94
Martim Rodrigues,Indonesia,Estée Lauder Advanced Night Repair Serum 15ml,2024-02-13,15702.44,138
Matilde Teixeira,Colombia,Paula's Choice CLINICAL 1% Retinol Treatment 340g,2023-12-11,811.21,73
Martim Cardoso,Germany,Neutrogena Rapid Wrinkle Repair Retinol Cream 30g,2020-04-14,6471.73,116
Afonso Monteiro,Canada,First Aid Beauty FAB Skin Lab Resurfacing Liquid 10% AHA 200ml,2021-02-03,7710.01,78
Leonor Jesus,Italy,Avène Eau Thermale Spray 340g,2024-02-18,3254.9,85
Dinis Silva,Sweden,Paula's Choice CLINICAL 1% Retinol Treatment 30g,2020-01-11,2644.44,25
Diogo Ribeiro,United Kingdom,Kiehl's Powerful-Strength Line-Reducing Concentrate 50ml,2021-12-31,4696.33,67
Leonor Rodrigues,Argentina,COSRX Full Fit Propolis Light Cream 30ml,2021-10-21,8395.22,126
Rodrigo Pereira,Mexico,Bioderma Hydrabio Gel-Crème 100ml,2020-08-07,588.06,116
Mariana Martins,United Kingdom,COSRX Advanced Snail 96 Mucin Power Essence 340g,2021-10-31,3411.05,97
Matilde Cruz,Sweden,Kiehl's Super Multi-Corrective Anti-Aging Face & Neck Cream 56.7g,2024-11-21,6962.28,87
Rodrigo Moreira,Sweden,Neutrogena Norwegian Formula Face Cream 50ml,2020-01-24,11022.18,188
Pedro Sousa,Philippines,Skinceuticals B5 Gel Hydrating Serum 340g,2023-04-28,5309.71,128
Gonçalo Rodrigues,Colombia,Avène PhysioLift Night Smoothing Balm 60ml,2020-09-18,15862.59,300
João Mendes,Netherlands,Pixi +C VIT Brightening Serum 125ml,2020-02-24,7342.89,97
Gonçalo Ribeiro,Canada,La Roche-Posay Toleriane Hydrating Gentle Cleanser 125ml,2022-02-18,23604.33,318
Laura Soares,Brazil,Avène Hydrance Rich Rehydrating Cream 150ml,2020-08-03,3343.44,326
Ana Monteiro,Mexico,Sunday Riley Ice Ceramide Moisturizing Cream 125ml,2022-06-23,27080.69,231
Mariana Teixeira,Colombia,Tatcha The Eye Concentrate 50ml,2023-12-08,4636.98,86
Sofia Jesus,Philippines,La Roche-Posay Hyalu B5 Serum 56.7g,2023-06-23,998.86,78
Dinis Pereira,Brazil,Avène XeraCalm A.D Lipid-Replenishing Cream 75ml,2024-05-10,2480.71,76
Sara Mendes,Netherlands,Clinique Dramatically Different Moisturising Lotion+ 15ml,2020-09-10,1713.8,19
Rafael Pereira,Brazil,Clinique All About Eyes Rich 250ml,2024-03-20,1182.84,116
Laura Fernandes,United States,Kiehl's Clearly Corrective Dark Spot Solution 30g,2024-11-25,6300.84,300
Martim Pinto,South Korea,The Ordinary Natural Moisturising Factors + HA 250ml,2023-06-17,8567.39,150
Afonso Monteiro,United Kingdom,Paula's Choice BOOST 10% Niacinamide Booster 200ml,2021-08-26,1790.76,18
Martim Ferreira,Poland,First Aid Beauty FAB Skin Lab Resurfacing Liquid 10% AHA 15ml,2022-09-02,2350.16,201
Matilde Moreira,Sweden,Kiehl's Ultra Facial Cream 60ml,2021-07-21,5080.26,72
Matilde Cruz,Brazil,Drunk Elephant Virgin Marula Luxury Face Oil 150ml,2024-06-07,4537.81,69
Ana Teixeira,Mexico,Avène Cicalfate+ Restorative Protective Cream 15ml,2021-11-30,1905.03,46
Diogo Rodrigues,Argentina,CeraVe Renewing SA Cream 250ml,2023-02-14,34167.55,424
Margarida Pereira,United Kingdom,Murad AHA/BHA Exfoliating Cleanser 20ml,2020-08-03,8676.84,195
Leonor Coelho,Sweden,Pixi Hydrating Milky Serum 200ml,2024-09-04,2030.16,148
Carolina Pereira,United Kingdom,Tatcha The Rice Polish Foaming Enzyme Powder 30ml,2021-05-30,11712.09,106
Diogo Rocha,Colombia,Estée Lauder DayWear Multi-Protection Anti-Oxidant 24H Moisturizer SPF15 150ml,2021-03-27,10566.14,156
Lucas Ribeiro,Brazil,Olay Eyes Ultimate Eye Cream 75ml,2021-05-03,5894.45,130
Martim Marques,China,Paula's Choice CLINICAL 1% Retinol Treatment 150ml,2021-11-26,861.16,26
Rodrigo Coelho,United States,La Roche-Posay Lipikar Balm AP+ 250ml,2024-07-19,9756.48,131
João Neves,Thailand,Pixi +C VIT Brightening Serum 20ml,2020-12-12,444.57,17
Francisco Vieira,France,REN Clean Skincare Evercalm Global Protection Day Cream 30g,2023-09-16,6856.11,59
Inês Cruz,Argentina,Avène Cleanance Expert Emulsion 200ml,2020-06-01,5261.94,70
Matilde Teixeira,France,Sunday Riley Saturn Sulfur Acne Treatment Mask 150ml,2024-02-23,40274.04,423
Francisco Almeida,Indonesia,Sunday Riley Tidal Brightening Enzyme Water Cream 30ml,2023-03-20,4938.51,70
João Vieira,Mexico,Kiehl's Ultra Facial Cream 50ml,2022-08-20,4736.59,372
Matilde Cruz,Spain,The Ordinary AHA 30% + BHA 2% Peeling Solution 340g,2021-08-28,1487.26,44
Rafael Mendes,Chile,Skinceuticals Triple Lipid Restore 2:4:2 150ml,2021-11-14,20785.25,214
Diogo Rocha,France,REN Clean Skincare Overnight Glow Dark Spot Sleeping Cream 60ml,2024-02-19,10147.29,150
Sofia Rodrigues,Singapore,First Aid Beauty Eye Duty Triple Remedy AM Gel Cream 20ml,2024-03-16,8850.4,97
João Nunes,Chile,Estée Lauder Micro Essence Skin Activating Treatment Lotion 30g,2020-01-01,5144.15,47
Ana Ferreira,Chile,COSRX Full Fit Propolis Light Cream 56.7g,2020-03-27,4432.78,100
Rodrigo Pereira,Colombia,Bioderma Cicabio Arnica+ Repairing Cream 340g,2024-07-09,268.14,32
Inês Cruz,Chile,First Aid Beauty Pure Skin Face Cleanser 56.7g,2022-10-14,41927.66,375
Afonso Rocha,Germany,The Ordinary Salicylic Acid 2% Solution 340g,2022-02-28,8679.8,271
Beatriz Ferreira,Spain,Murad Cellular Hydration Barrier Repair Cream 60ml,2021-12-10,6061.14,102
Francisco Vieira,Colombia,Murad Oil-Control Mattifier SPF45 250ml,2023-07-26,5428.56,259
Afonso Martins,Chile,REN Clean Skincare Evercalm Global Protection Day Cream 250ml,2021-10-26,31950.56,280
Rodrigo Pereira,Canada,Drunk Elephant B-Hydra Intensive Hydration Serum 40ml,2022-02-17,26775.4,241
Sofia Rodrigues,India,CeraVe Hydrating Cleanser 50ml,2024-11-13,3108.99,264
Tiago Cardoso,Thailand,The Ordinary Niacinamide 10% + Zinc 1% 30g,2021-12-19,9950.79,125
Sara Mendes,India,Avène Hydrance Rich Rehydrating Cream 40ml,2024-06-09,2116.23,61
Laura Costa,Chile,Olay Eyes Ultimate Eye Cream 40ml,2021-12-09,9981.26,174
Tomás Neves,United States,Olay Luminous Whip Face Moisturiser 50ml,2022-03-17,8281.13,124
Maria Correia,China,REN Clean Skincare Evercalm Global Protection Day Cream 56.7g,2023-01-31,16293.93,309
Matilde Moreira,Japan,Bioderma Nodé Detox Shampoo 50ml,2021-05-04,15999.58,309
Gonçalo Rodrigues,China,Estée Lauder Advanced Night Repair Serum 60ml,2020-07-02,2596.73,30
Beatriz Ferreira,Italy,La Roche-Posay Anthelios Invisible Fluid SPF50+ 125ml,2021-07-13,41841.96,349
Rafael Pereira,Poland,The Ordinary Hyaluronic Acid 2% + B5 100ml,2020-03-20,3946.77,365
João Vieira,Canada,Drunk Elephant Protini Polypeptide Cream 75ml,2021-09-07,3626.38,71
Diogo Cardoso,Netherlands,Avène Cleanance Expert Emulsion 340g,2021-06-04,1639.03,114
Francisco Fernandes,Sweden,Skinceuticals Discoloration Defense Serum 100ml,2022-04-08,3745.62,87
Clara Ferreira,Argentina,Skinceuticals Metacell Renewal B3 340g,2023-02-04,7887.99,144
Pedro Sousa,Canada,Neutrogena Oil-Free Acne Wash 30ml,2022-03-17,1613.47,72
Gonçalo Coelho,Netherlands,First Aid Beauty Ultra Repair Tinted Moisturizer SPF 30 125ml,2020-02-26,15563.69,212
Mariana Mendes,France,Paula's Choice CALM Redness Relief Moisturizer SPF 30 50ml,2020-04-11,1646.46,127
Ana Ferreira,Argentina,COSRX AHA/BHA Clarifying Treatment Toner 340g,2022-02-14,426.38,110
Ana Vieira,Chile,REN Clean Skincare Vita Mineral Active 7 Eye Gel 20ml,2024-03-11,5701.58,95
Joana Fernandes,Chile,Bioderma Nodé Detox Shampoo 60ml,2023-02-10,7232.57,246
Mariana Teixeira,India,Tatcha The Rice Polish Foaming Enzyme Powder 30g,2022-03-11,556.06,22
Sofia Mendes,Brazil,Neutrogena Bright Boost Gel Cream 56.7g,2022-09-17,2030.07,114
Diogo Neves,United States,Sunday Riley Ice Ceramide Moisturizing Cream 75ml,2020-07-16,5735.09,213
Diogo Rodrigues,United States,Pixi Rose Ceramide Cream 250ml,2021-02-26,11539.28,117
Clara Cardoso,Chile,Drunk Elephant F-Balm Electrolyte Waterbalm 50ml,2021-04-07,5643.09,103
Francisco Almeida,Colombia,Clinique All About Eyes Rich 20ml,2023-07-14,1066.17,79
Catarina Martins,Italy,Olay Regenerist Micro-Sculpting Cream 20ml,2022-12-10,1639.45,18
Martim Ferreira,Singapore,Olay Luminous Whip Face Moisturiser 56.7g,2022-07-04,9644.56,95
Tomás Rodrigues,Philippines,La Roche-Posay Toleriane Double Repair Moisturiser 340g,2021-08-14,1388.8,16
Afonso Monteiro,Poland,Pixi Glow Tonic 30g,2023-11-27,4987.04,106
João Nunes,Japan,Bioderma Nodé Detox Shampoo 125ml,2022-04-17,8737.9,103
Francisco Mendes,Brazil,Drunk Elephant Protini Polypeptide Cream 56.7g,2022-08-24,8701.52,97
Rodrigo Pinto,China,Kiehl's Calendula Serum-Infused Water Cream 250ml,2024-10-02,6696.61,63
Tiago Almeida,Poland,Drunk Elephant Lala Retro Whipped Cream 30ml,2021-09-14,3540.09,140
Rafael Martins,India,CeraVe Eye Repair Cream 100ml,2021-07-23,638.71,20
Martim Marques,Indonesia,Avène Antirougeurs Jour Redness Relief Cream 250ml,2023-11-24,33450.92,354
Mariana Soares,Netherlands,Estée Lauder Micro Essence Skin Activating Treatment Lotion 200ml,2023-04-12,1594.2,67
Inês Ribeiro,Poland,Murad Hydro-Dynamic Ultimate Moisture 50ml,2023-12-23,4066.64,98
Laura Costa,Spain,First Aid Beauty KP Bump Eraser Body Scrub 56.7g,2024-02-03,2645.3,43
Martim Marques,Singapore,La Roche-Posay Toleriane Double Repair Moisturiser 15ml,2021-07-12,5280.64,65
João Nunes,Argentina,Bioderma Sensibio H2O Micellar Water 30ml,2023-07-08,16150.48,213
Leonor Rodrigues,Italy,Drunk Elephant T.L.C. Framboos Glycolic Night Serum 75ml,2022-12-26,12756.38,149
João Nunes,Chile,Bioderma Sensibio Light Soothing Cream 50ml,2021-03-29,9294.99,130
Joana Santos,United Kingdom,COSRX Ultimate Moisturizing Honey Overnight Mask 56.7g,2022-10-27,12078.88,131
Martim Teixeira,Germany,REN Clean Skincare Clean Screen Mineral SPF30 60ml,2024-07-31,15904.11,142
Leonor Coelho,Spain,Drunk Elephant Virgin Marula Luxury Face Oil 50ml,2021-05-02,727.57,70
João Nunes,Singapore,Kiehl's Rare Earth Deep Pore Cleansing Masque 200ml,2024-04-16,21948.38,455
Afonso Monteiro,Brazil,COSRX AHA/BHA Clarifying Treatment Toner 56.7g,2021-04-17,2492.03,98
Inês Ribeiro,France,The Ordinary Buffet Multi-Technology Peptide Serum 30g,2020-04-11,8001.03,141
Martim Teixeira,Japan,CeraVe Hydrating Cleanser 150ml,2021-02-14,4997.29,78
Afonso Sousa,Philippines,Tatcha The Silk Cream 50ml,2021-08-21,6915.91,111
Carolina Silva,Spain,REN Clean Skincare Vita Mineral Active 7 Eye Gel 340g,2024-09-20,7030.96,126
Rodrigo Teixeira,Spain,Bioderma Hydrabio Gel-Crème 100ml,2023-10-11,603.52,122
Beatriz Marques,Sweden,COSRX AHA/BHA Clarifying Treatment Toner 150ml,2023-08-02,483.53,17
Francisco Jesus,France,Paula's Choice CLINICAL 1% Retinol Treatment 56.7g,2023-08-08,4133.35,93
Lucas Santos,Brazil,COSRX Full Fit Propolis Light Cream 150ml,2020-07-30,3927.38,101
João Cardoso,Poland,Sunday Riley Luna Sleeping Night Oil 50ml,2022-08-31,44799.8,367
Rodrigo Jesus,Colombia,Pixi Skintreats Rose Caviar Eye Cream 125ml,2024-04-29,1870.68,22
Ana Moreira,United States,CeraVe Moisturising Cream 75ml,2023-11-03,5926.89,54
Martim Silva,Singapore,La Roche-Posay Lipikar Balm AP+ 150ml,2021-05-17,2687.5,41
Margarida Cardoso,Chile,COSRX Full Fit Propolis Light Cream 30ml,2023-11-09,26337.32,318
Diogo Martins,Sweden,Avène Eau Thermale Spray 60ml,2021-06-02,10134.84,123
Joana Santos,Philippines,Kiehl's Midnight Recovery Concentrate 100ml,2020-03-21,4523.44,47
Clara Gomes,China,Pixi Hydrating Milky Serum 30g,2020-12-20,3692.54,104
Gonçalo Ribeiro,Brazil,Drunk Elephant C-Firma Fresh Day Serum 125ml,2022-04-19,3729.55,63
Francisco Mendes,Mexico,CeraVe AM Facial Moisturising Lotion SPF25 30ml,2023-04-14,38593.81,378
Maria Correia,Japan,Sunday Riley Luna Sleeping Night Oil 30ml,2021-06-06,2776.09,33
Lucas Rodrigues,Mexico,CeraVe Eye Repair Cream 125ml,2024-01-31,7071.85,192
Sofia Rodrigues,Thailand,COSRX AHA/BHA Clarifying Treatment Toner 100ml,2023-02-06,7247.82,111
Margarida Oliveira,Argentina,Pixi +C VIT Brightening Serum 40ml,2022-01-22,342.04,110
Tomás Rodrigues,India,Olay Regenerist Micro-Sculpting Cream 30g,2022-12-21,2778.76,36
Leonor Martins,India,CeraVe PM Facial Moisturising Lotion 340g,2023-01-19,2302.75,26
Martim Teixeira,Thailand,Neutrogena Rapid Wrinkle Repair Retinol Cream 150ml,2024-08-28,629.92,38
Catarina Correia,Sweden,Sunday Riley Saturn Sulfur Acne Treatment Mask 56.7g,2023-08-05,2887.71,55
Joana Teixeira,Canada,Sunday Riley C.E.O. 15% Vitamin C Brightening Serum 340g,2023-10-17,14072.9,148
Laura Carvalho,India,REN Clean Skincare Overnight Glow Dark Spot Sleeping Cream 60ml,2024-04-29,5471.86,131
Tiago Gomes,France,Skinceuticals Metacell Renewal B3 75ml,2020-09-02,758.29,87
Clara Gomes,Canada,Clinique All About Eyes Rich 56.7g,2024-03-13,5236.32,76
Diogo Neves,Mexico,Paula's Choice BOOST 10% Niacinamide Booster 125ml,2023-07-20,10469.36,104
Tomás Correia,Japan,Pixi Overnight Glow Serum 30ml,2023-12-19,856.1,64
Ana Ferreira,France,Estée Lauder Resilience Lift Firming & Sculpting Eye Cream 15ml,2021-12-04,7519.42,81
Inês Monteiro,Canada,Neutrogena Norwegian Formula Face Cream 250ml,2024-10-05,4886.94,92
Tiago Gomes,Brazil,Paula's Choice SKIN RECOVERY Replenishing Moisturizer 200ml,2020-07-29,3972.67,63
Margarida Mendes,Japan,REN Clean Skincare Radiance Perfection Serum 30ml,2024-03-21,3181.92,89
Carolina Vieira,France,Olay Luminous Whip Face Moisturiser 40ml,2022-02-04,1608.01,61
Rodrigo Teixeira,South Korea,CeraVe AM Facial Moisturising Lotion SPF25 40ml,2024-07-29,2011.44,83
Sara Ferreira,South Korea,Kiehl's Creamy Eye Treatment with Avocado 50ml,2020-10-26,30318.63,305
Gonçalo Almeida,United States,Olay Total Effects 7-in-1 Moisturiser 150ml,2021-08-20,8679.84,215
Margarida Oliveira,Poland,Tatcha The Dewy Skin Cream 150ml,2022-11-07,43680.24,408
João Vieira,India,The Ordinary Glycolic Acid 7% Toning Solution 150ml,2024-09-08,8934.86,93
Sara Ferreira,Thailand,Murad Rapid Resurgence Eye Lift 40ml,2024-02-29,4717.22,244
Afonso Rocha,Argentina,First Aid Beauty Eye Duty Triple Remedy AM Gel Cream 340g,2024-02-03,11038.93,119
Miguel Ferreira,Indonesia,Tatcha The Clarifying Clay Mask 60ml,2024-06-24,22718.06,334
Lucas Santos,Chile,Avène Antirougeurs Jour Redness Relief Cream 150ml,2021-02-28,9354.65,144
Joana Teixeira,Sweden,Sunday Riley Auto Correct Brightening and Depuffing Eye Contour Cream 60ml,2024-12-28,1599.79,216
Joana Santos,France,Drunk Elephant C-Firma Fresh Day Serum 30g,2022-02-23,3407.27,112
Tiago Carvalho,Philippines,CeraVe Hydrating Cleanser 100ml,2021-01-13,12053.34,121
Inês Martins,Colombia,COSRX Oil-Free Ultra-Moisturizing Lotion 150ml,2021-10-22,11198.7,137
Afonso Martins,Sweden,Olay Retinol24 Night Moisturizer 56.7g,2022-03-17,6000.02,54
Rafael Neves,United States,Estée Lauder Revitalizing Supreme+ Moisturizer 200ml,2022-03-13,6200.83,60
Miguel Ferreira,Chile,Pixi Overnight Glow Serum 150ml,2024-08-14,7320.76,125
Rodrigo Coelho,Spain,Paula's Choice RESIST Anti-Aging Clear Skin Hydrator 30ml,2020-03-11,14992.47,266
Clara Cardoso,Indonesia,Olay Eyes Ultimate Eye Cream 200ml,2021-01-30,3997.94,55
Matilde Moreira,Thailand,Tatcha The Water Cream 30ml,2023-10-01,6465.14,522
João Costa,Colombia,Skinceuticals Discoloration Defense Serum 15ml,2020-10-13,7560.38,340
Tomás Coelho,Singapore,First Aid Beauty KP Bump Eraser Body Scrub 100ml,2023-08-14,7939.36,127
Miguel Marques,India,Estée Lauder Nutritious Super-Pomegranate Radiant Energy Eye Jelly 60ml,2022-12-10,24499.83,269
Ana Ferreira,Italy,Murad Oil-Control Mattifier SPF45 15ml,2024-11-02,5552.2,67
Pedro Santos,Singapore,Olay Vitamin C + Peptide 24 Face Moisturizer 15ml,2021-04-03,3155.5,34
Diogo Rodrigues,Spain,Bioderma Atoderm Intensive Baume 150ml,2020-11-28,785.59,41
Lucas Coelho,United Kingdom,COSRX Oil-Free Ultra-Moisturizing Lotion 40ml,2020-07-11,2803.89,32
Diogo Martins,South Korea,Avène Cleanance Expert Emulsion 200ml,2022-02-21,1347.54,31
Dinis Silva,Philippines,Kiehl's Midnight Recovery Concentrate 56.7g,2024-09-24,1648.7,135
Diogo Rocha,Spain,Estée Lauder Micro Essence Skin Activating Treatment Lotion 125ml,2023-02-28,742.5,62
Rafael Pereira,Japan,Estée Lauder Perfectly Clean Multi-Action Foam Cleanser 30ml,2021-09-02,961.72,68
Inês Monteiro,Colombia,Olay Vitamin C + Peptide 24 Face Moisturizer 75ml,2024-09-08,21130.86,265
Margarida Silva,Colombia,Paula's Choice DEFENSE Antioxidant Pore Purifier 100ml,2022-05-25,5658.24,73
Afonso Jesus,Canada,First Aid Beauty Ultra Repair Cream 50ml,2023-11-03,5644.53,80
Gonçalo Ferreira,Singapore,Sunday Riley Luna Sleeping Night Oil 20ml,2021-08-25,35562.77,351
Afonso Sousa,Poland,COSRX AHA/BHA Clarifying Treatment Toner 250ml,2023-05-12,1205.75,23
Afonso Martins,Spain,Skinceuticals Triple Lipid Restore 2:4:2 200ml,2021-11-05,27838.0,249
Laura Pereira,Mexico,La Roche-Posay Cicaplast Baume B5 100ml,2020-05-09,12538.56,120
Tiago Carvalho,Germany,Sunday Riley Tidal Brightening Enzyme Water Cream 100ml,2024-07-23,20158.12,220
Tiago Carvalho,Philippines,Avène PhysioLift Night Smoothing Balm 100ml,2020-01-06,10093.03,94
João Cardoso,South Korea,CeraVe Skin Renewing Night Cream 30ml,2021-10-19,206.2,73
João Nunes,France,Paula's Choice DEFENSE Antioxidant Pore Purifier 30g,2022-02-09,20168.52,307
Rodrigo Pereira,South Korea,Neutrogena Norwegian Formula Face Cream 56.7g,2020-12-21,204.37,19
Sara Almeida,Sweden,Neutrogena Bright Boost Gel Cream 340g,2022-03-21,4365.27,77
Joana Santos,Italy,Murad Vita-C Glycolic Brightening Serum 150ml,2021-01-12,1141.76,66
Carolina Pereira,Colombia,Olay Eyes Ultimate Eye Cream 60ml,2020-07-27,8492.29,107
Tomás Coelho,Chile,Bioderma Atoderm Intensive Baume 50ml,2023-12-16,8725.19,104
Lucas Santos,Spain,Skinceuticals Triple Lipid Restore 2:4:2 100ml,2022-05-11,27648.1,360
Ana Ferreira,Sweden,Olay Total Effects 7-in-1 Moisturiser 250ml,2024-08-16,641.25,58
Tomás Coelho,Colombia,Neutrogena Hydro Boost Eye Gel-Cream 56.7g,2021-02-04,14123.27,162
João Nunes,Indonesia,REN Clean Skincare Clean Screen Mineral SPF30 340g,2024-02-28,3288.69,129
Inês Monteiro,Indonesia,Neutrogena Ultra Sheer Dry-Touch Sunscreen SPF 50+ 40ml,2020-10-14,8235.28,96
Maria Correia,France,First Aid Beauty Pure Skin Face Cleanser 40ml,2022-08-04,6567.72,82
Sara Fernandes,Philippines,COSRX Oil-Free Ultra-Moisturizing Lotion 30ml,2021-04-26,2603.07,142
Dinis Ferreira,Japan,The Ordinary Glycolic Acid 7% Toning Solution 75ml,2022-03-31,4270.4,107
Sofia Nunes,India,REN Clean Skincare Evercalm Global Protection Day Cream 340g,2020-09-07,407.85,11
Tomás Almeida,Chile,Olay Super Serum 5-in-1 20ml,2021-07-10,1811.98,52
Gonçalo Fernandes,Germany,Kiehl's Ultra Facial Cream 30g,2023-08-24,2445.01,69
Sara Almeida,Japan,Tatcha The Rice Polish Foaming Enzyme Powder 100ml,2024-07-30,1992.73,68
Maria Coelho,Philippines,The Ordinary Salicylic Acid 2% Solution 340g,2021-07-07,2126.29,68
Inês Martins,China,Avène XeraCalm A.D Lipid-Replenishing Cream 100ml,2022-01-09,857.29,10
Laura Fernandes,China,Tatcha The Water Cream 100ml,2023-09-21,7053.34,101
Tomás Ribeiro,United States,Drunk Elephant A-Passioni Retinol Cream 75ml,2022-05-24,20372.27,193
Rodrigo Pereira,Chile,REN Clean Skincare Perfect Canvas Clean Primer 250ml,2020-01-27,4262.4,94
Pedro Sousa,Brazil,CeraVe Moisturising Cream 56.7g,2024-06-01,8517.61,80
João Costa,India,First Aid Beauty KP Bump Eraser Body Scrub 15ml,2021-10-12,6219.01,139
Tomás Almeida,France,Clinique Smart Night Custom-Repair Moisturiser 200ml,2022-03-12,8680.63,187
Joana Costa,China,Sunday Riley Saturn Sulfur Acne Treatment Mask 30g,2024-02-25,7714.7,85
Leonor Rodrigues,Canada,Tatcha The Rice Polish Foaming Enzyme Powder 75ml,2024-06-28,36678.15,433
Maria Correia,Brazil,Sunday Riley Good Genes All-In-One Lactic Acid Treatment 250ml,2021-01-29,5693.42,61
Diogo Neves,Indonesia,COSRX Advanced Snail 96 Mucin Power Essence 30g,2020-08-02,421.2,92
Margarida Oliveira,Sweden,First Aid Beauty KP Bump Eraser Body Scrub 30g,2023-12-25,6866.0,127
Laura Costa,Sweden,Pixi +C VIT Brightening Serum 56.7g,2022-05-11,4612.61,139
Rodrigo Pereira,Japan,Olay Retinol24 Night Moisturizer 30ml,2021-04-28,1260.32,88
João Neves,India,Pixi Retinol Tonic 30g,2021-01-10,31855.82,308
Afonso Vieira,Netherlands,The Ordinary Buffet Multi-Technology Peptide Serum 15ml,2020-06-15,1425.22,41
Miguel Marques,Brazil,Neutrogena Oil-Free Acne Wash 50ml,2024-03-31,3846.02,46
Leonor Jesus,Spain,Paula's Choice RESIST Anti-Aging Clear Skin Hydrator 125ml,2023-06-25,17280.79,353
Ana Vieira,China,Tatcha The Clarifying Clay Mask 20ml,2024-11-29,7971.97,78
Afonso Oliveira,Chile,COSRX AHA/BHA Clarifying Treatment Toner 15ml,2022-04-17,6432.79,212
Catarina Monteiro,Netherlands,Bioderma Atoderm Intensive Baume 340g,2022-07-16,450.65,31
Lucas Rodrigues,Thailand,La Roche-Posay Effaclar Mat Moisturiser 150ml,2023-02-10,13197.88,149
Mariana Martins,Spain,Avène Cleanance Expert Emulsion 75ml,2024-08-09,14018.21,192
Guilherme Costa,Singapore,The Ordinary Natural Moisturising Factors + HA 200ml,2023-10-28,8615.47,120
Inês Cruz,Spain,Tatcha The Water Cream 40ml,2023-08-25,22914.74,317
Ana Ferreira,United States,Tatcha The Water Cream 75ml,2021-03-28,9014.48,431
Diogo Rocha,China,First Aid Beauty Ultra Repair Tinted Moisturizer SPF 30 15ml,2022-08-20,1473.19,117
Afonso Oliveira,Japan,Clinique Smart Night Custom-Repair Moisturiser 60ml,2022-08-24,5224.2,49
Catarina Monteiro,United States,First Aid Beauty Ultra Repair Cream 60ml,2022-10-26,6679.27,80
Sofia Rodrigues,Brazil,Sunday Riley UFO Ultra-Clarifying Face Oil 20ml,2024-02-17,2815.96,28
Afonso Almeida,Brazil,First Aid Beauty KP Bump Eraser Body Scrub 100ml,2021-12-10,3852.41,63
Afonso Neves,Colombia,Drunk Elephant B-Hydra Intensive Hydration Serum 150ml,2023-01-19,6194.49,91
Francisco Fernandes,Colombia,COSRX Advanced Snail 96 Mucin Power Essence 100ml,2024-04-26,2968.72,31
Beatriz Ferreira,Germany,Estée Lauder Nutritious Super-Pomegranate Radiant Energy Eye Jelly 50ml,2024-07-29,696.09,59
Maria Coelho,Germany,CeraVe Healing Ointment 30g,2024-02-14,10831.53,101
Miguel Martins,Italy,Pixi Rose Ceramide Cream 200ml,2023-02-01,264.06,31
João Cardoso,Netherlands,Skinceuticals B5 Gel Hydrating Serum 125ml,2022-12-11,6177.39,73
Catarina Correia,Japan,Estée Lauder DayWear Multi-Protection Anti-Oxidant 24H Moisturizer SPF15 20ml,2020-12-17,3222.3,42
Sofia Gomes,South Korea,First Aid Beauty FAB Skin Lab Resurfacing Liquid 10% AHA 250ml,2021-10-30,5863.53,59
Rafael Gomes,India,Bioderma Sensibio H2O Micellar Water 150ml,2021-07-04,4223.55,54
Carolina Jesus,South Korea,Drunk Elephant A-Passioni Retinol Cream 56.7g,2023-06-16,11005.03,109
Rodrigo Pinto,Spain,Olay Super Serum 5-in-1 30g,2023-03-13,8125.14,287
Miguel Ferreira,Poland,Paula's Choice SKIN RECOVERY Replenishing Moisturizer 20ml,2021-05-21,4463.22,42
Beatriz Marques,Japan,Paula's Choice BOOST 10% Niacinamide Booster 75ml,2021-08-12,1705.94,101
Inês Martins,Netherlands,First Aid Beauty Ultra Repair Tinted Moisturizer SPF 30 200ml,2024-05-14,2147.19,40
Rafael Martins,Colombia,First Aid Beauty FAB Skin Lab Resurfacing Liquid 10% AHA 150ml,2024-01-13,20712.84,187
Rodrigo Coelho,Sweden,Paula's Choice CLINICAL 1% Retinol Treatment 20ml,2024-11-18,14074.28,231
Maria Fernandes,Sweden,Drunk Elephant B-Hydra Intensive Hydration Serum 30g,2023-12-23,5319.13,53
Rodrigo Pereira,Japan,Estée Lauder DayWear Multi-Protection Anti-Oxidant 24H Moisturizer SPF15 30g,2024-05-12,14696.87,316
Gonçalo Almeida,Chile,Murad Oil-Control Mattifier SPF45 15ml,2021-04-10,10832.15,125
Francisco Fernandes,India,Estée Lauder Re-Nutriv Ultimate Lift Age-Correcting Crème 125ml,2022-08-26,6984.1,102
Rafael Pereira,Japan,Murad Retinol Youth Renewal Serum 30ml,2024-04-23,27674.63,283
Martim Ferreira,Spain,Sunday Riley Saturn Sulfur Acne Treatment Mask 60ml,2020-10-24,1004.53,24
Diogo Neves,China,Drunk Elephant T.L.C. Framboos Glycolic Night Serum 56.7g,2023-04-07,5013.49,94
Martim Cardoso,Argentina,Neutrogena Rapid Wrinkle Repair Retinol Cream 340g,2020-12-08,1297.71,17
Afonso Monteiro,Netherlands,REN Clean Skincare Perfect Canvas Clean Primer 340g,2020-04-21,10434.06,108
João Vieira,Japan,REN Clean Skincare Evercalm Global Protection Day Cream 250ml,2021-11-11,13741.76,123
Laura Carvalho,China,Estée Lauder Resilience Lift Firming & Sculpting Eye Cream 100ml,2023-08-15,4768.99,102
Gonçalo Ribeiro,France,First Aid Beauty Pure Skin Face Cleanser 125ml,2021-10-23,2774.95,28
Martim Pinto,Colombia,Paula's Choice SKIN PERFECTING 2% BHA Liquid Exfoliant 15ml,2020-08-04,4485.02,162
Afonso Monteiro,United States,REN Clean Skincare Perfect Canvas Clean Primer 200ml,2024-04-07,8239.61,256
Catarina Neves,Mexico,Avène Cleanance Expert Emulsion 100ml,2024-10-08,2071.02,109
João Martins,Brazil,Olay Eyes Ultimate Eye Cream 30g,2022-08-30,6164.22,133
João Nunes,China,Sunday Riley C.E.O. 15% Vitamin C Brightening Serum 20ml,2023-02-05,2238.05,66
Sara Ferreira,Spain,La Roche-Posay Toleriane Double Repair Moisturiser 200ml,2021-11-27,4853.92,47
Dinis Silva,Japan,Avène PhysioLift Night Smoothing Balm 125ml,2022-02-12,6560.71,113
Francisco Mendes,Thailand,The Ordinary Buffet Multi-Technology Peptide Serum 250ml,2022-04-21,3121.14,124
Diogo Cardoso,Sweden,Olay Retinol24 Night Moisturizer 30ml,2021-02-20,7396.31,124
Laura Fernandes,Poland,REN Clean Skincare Ready Steady Glow Daily AHA Tonic 75ml,2020-11-22,4046.52,47
Laura Ribeiro,Sweden,Avène Hydrance Rich Rehydrating Cream 100ml,2022-02-04,21836.16,186
Matilde Moreira,Japan,Avène Hydrance Rich Rehydrating Cream 150ml,2022-08-16,1781.66,19
Martim Marques,Germany,Estée Lauder Perfectly Clean Multi-Action Foam Cleanser 150ml,2020-09-18,14726.96,142
Tomás Coelho,Japan,The Ordinary Hyaluronic Acid 2% + B5 30ml,2024-07-28,15243.6,362
Dinis Carvalho,Sweden,Clinique Dramatically Different Moisturising Lotion+ 150ml,2020-06-25,333.76,82
Sofia Carvalho,India,First Aid Beauty Ultra Repair Firming Collagen Cream 250ml,2021-04-23,2271.36,45
Clara Monteiro,Canada,La Roche-Posay Toleriane Double Repair Moisturiser 100ml,2021-10-07,10789.29,142
Miguel Martins,United States,First Aid Beauty Ultra Repair Cream 125ml,2023-02-13,3988.13,128
Beatriz Jesus,Spain,Neutrogena Bright Boost Gel Cream 30g,2020-01-22,1100.71,141
Tiago Carvalho,Indonesia,REN Clean Skincare Evercalm Global Protection Day Cream 30g,2023-11-24,3787.28,57
João Nunes,India,Clinique Smart Night Custom-Repair Moisturiser 40ml,2022-02-03,95.55,24
Pedro Cruz,Colombia,Skinceuticals Discoloration Defense Serum 56.7g,2020-05-23,2958.03,167
Lucas Ribeiro,Singapore,CeraVe Renewing SA Cream 340g,2024-12-29,2213.23,116
Maria Ferreira,Spain,Estée Lauder DayWear Multi-Protection Anti-Oxidant 24H Moisturizer SPF15 100ml,2022-05-20,30413.92,538
João Martins,China,The Ordinary Retinol 0.5% in Squalane 15ml,2022-08-26,8848.46,107
Laura Pereira,France,Clinique Moisture Surge 100H Auto-Replenishing Hydrator 30ml,2021-02-19,8189.24,136
Laura Pereira,Mexico,Bioderma Nodé Detox Shampoo 200ml,2023-07-16,1493.66,16
Miguel Martins,Poland,Estée Lauder DayWear Multi-Protection Anti-Oxidant 24H Moisturizer SPF15 30ml,2021-10-31,3834.01,46
Leonor Rodrigues,Netherlands,Kiehl's Rare Earth Deep Pore Cleansing Masque 15ml,2021-03-10,22662.19,191
Mariana Cruz,China,Paula's Choice BOOST 10% Niacinamide Booster 125ml,2023-02-26,1961.71,55
Sofia Mendes,United States,Olay Vitamin C + Peptide 24 Face Moisturizer 56.7g,2022-10-30,7888.96,74
Diogo Cardoso,Philippines,Pixi +C VIT Brightening Serum 200ml,2024-12-01,5123.09,112
João Nunes,Poland,Olay Total Effects 7-in-1 Moisturiser 30g,2021-11-12,2676.05,62
Francisco Almeida,Sweden,REN Clean Skincare Evercalm Global Protection Day Cream 250ml,2020-06-25,7933.17,95
Mariana Martins,Italy,COSRX Full Fit Propolis Light Cream 200ml,2024-09-21,50611.94,424
Inês Nunes,Argentina,La Roche-Posay Effaclar Mat Moisturiser 30ml,2024-08-27,7355.27,64
Margarida Silva,Germany,Tatcha The Clarifying Clay Mask 60ml,2024-04-24,6745.15,63
Beatriz Jesus,Canada,CeraVe AM Facial Moisturising Lotion SPF25 15ml,2022-03-07,5638.32,50
Carolina Silva,Italy,Kiehl's Ultra Facial Cream 125ml,2023-10-09,6323.17,62
Leonor Marques,Poland,CeraVe PM Facial Moisturising Lotion 100ml,2020-05-02,506.3,42
Martim Cardoso,India,Pixi Rose Ceramide Cream 150ml,2022-02-11,8064.98,171
Sara Mendes,Brazil,CeraVe Moisturising Cream 100ml,2022-01-15,7467.94,107
Matilde Cruz,France,Sunday Riley Tidal Brightening Enzyme Water Cream 30g,2024-04-02,5520.15,80
Guilherme Costa,Canada,La Roche-Posay Effaclar Mat Moisturiser 56.7g,2023-06-22,723.01,127
Carolina Jesus,Philippines,The Ordinary Hyaluronic Acid 2% + B5 56.7g,2022-12-24,1070.16,57
Laura Costa,Singapore,Paula's Choice SKIN PERFECTING 2% BHA Liquid Exfoliant 200ml,2023-04-22,1019.46,34
Beatriz Marques,Singapore,Bioderma Atoderm Intensive Baume 30ml,2022-03-03,2030.58,150
Beatriz Marques,France,Murad AHA/BHA Exfoliating Cleanser 200ml,2023-01-08,27556.29,286
Rafael Martins,Argentina,REN Clean Skincare Ready Steady Glow Daily AHA Tonic 15ml,2022-05-16,28958.09,468
Inês Cruz,Spain,CeraVe Eye Repair Cream 340g,2021-05-24,22806.16,370
Clara Cardoso,Argentina,Kiehl's Rare Earth Deep Pore Cleansing Masque 100ml,2023-07-29,1515.49,42
Clara Gomes,Indonesia,REN Clean Skincare Vita Mineral Active 7 Eye Gel 40ml,2022-10-01,10861.58,118
Maria Moreira,South Korea,Murad Cellular Hydration Barrier Repair Cream 50ml,2021-10-13,21912.68,251
Francisco Fernandes,Germany,Bioderma Pigmentbio C-Concentrate Brightening Serum 125ml,2023-08-02,1642.73,25
Sara Cruz,China,Avène XeraCalm A.D Lipid-Replenishing Cream 100ml,2020-10-10,1262.42,35
Martim Silva,Spain,Skinceuticals B5 Gel Hydrating Serum 56.7g,2023-02-03,4639.21,129
Sofia Gomes,Chile,Estée Lauder Perfectly Clean Multi-Action Foam Cleanser 50ml,2021-01-16,979.92,113
Miguel Marques,India,Neutrogena Bright Boost Gel Cream 125ml,2023-11-24,2361.38,28
Francisco Mendes,France,Pixi Glow Tonic 60ml,2021-03-14,4717.95,98
Rafael Neves,Argentina,COSRX Full Fit Propolis Light Cream 15ml,2020-11-15,1460.43,23
Rafael Gomes,Brazil,The Ordinary Buffet Multi-Technology Peptide Serum 30ml,2023-11-17,40613.12,376
Dinis Ferreira,Brazil,Sunday Riley Ice Ceramide Moisturizing Cream 15ml,2020-04-15,2036.83,17
Martim Pinto,Chile,Kiehl's Ultra Facial Cream 30ml,2022-04-22,1327.95,19
Beatriz Marques,Canada,Kiehl's Calendula Serum-Infused Water Cream 200ml,2024-12-04,3985.33,43
Clara Monteiro,Indonesia,CeraVe Skin Renewing Night Cream 50ml,2021-06-18,10158.54,88
Matilde Teixeira,France,First Aid Beauty Hello FAB Coconut Skin Smoothie Priming Moisturizer 56.7g,2024-05-14,11429.02,123
Francisco Jesus,Mexico,Skinceuticals Discoloration Defense Serum 250ml,2022-07-30,709.55,30
Afonso Oliveira,Italy,Skinceuticals B5 Gel Hydrating Serum 200ml,2023-06-07,13732.4,136
Carolina Jesus,Canada,Murad Rapid Resurgence Eye Lift 340g,2022-09-07,54761.05,556
Rodrigo Cruz,Spain,Paula's Choice CLINICAL 1% Retinol Treatment 150ml,2024-01-04,2199.11,41
Lucas Costa,China,La Roche-Posay Hyalu B5 Serum 250ml,2020-12-06,6485.3,62
Beatriz Jesus,Mexico,Pixi Vitamin-C Juice Cleanser 40ml,2021-11-07,15063.42,376
Gonçalo Ribeiro,Singapore,Tatcha The Water Cream 100ml,2021-05-06,5483.31,123
Leonor Martins,Japan,La Roche-Posay Retinol B3 Serum 30ml,2020-08-13,1867.14,21
Sara Mendes,Colombia,Tatcha The Eye Concentrate 75ml,2020-12-17,675.94,66
Leonor Marques,United Kingdom,First Aid Beauty Ultra Repair Firming Collagen Cream 20ml,2021-09-08,11041.57,117
Ana Moreira,United States,Kiehl's Calendula Serum-Infused Water Cream 200ml,2022-01-25,20499.34,299
Lucas Rodrigues,Brazil,Murad Rapid Resurgence Eye Lift 340g,2024-02-06,1500.89,16
Rodrigo Soares,Poland,Clinique Take The Day Off Cleansing Balm 40ml,2023-07-22,2027.11,20
Francisco Vieira,Indonesia,Clinique Even Better Clinical Radical Dark Spot Corrector 50ml,2023-05-30,17146.25,218
Clara Ferreira,Mexico,La Roche-Posay Toleriane Double Repair Moisturiser 200ml,2020-07-23,71.88,15
Gonçalo Almeida,Canada,REN Clean Skincare Ready Steady Glow Daily AHA Tonic 40ml,2023-04-26,4044.63,52
Afonso Pereira,United States,Drunk Elephant F-Balm Electrolyte Waterbalm 56.7g,2023-02-03,8732.53,105
Pedro Pereira,Philippines,Drunk Elephant T.L.C. Framboos Glycolic Night Serum 150ml,2021-09-22,5089.76,216
Lucas Costa,India,Skinceuticals Metacell Renewal B3 60ml,2022-06-11,2246.93,206
Afonso Pereira,United States,Avène XeraCalm A.D Lipid-Replenishing Cream 50ml,2021-08-28,11649.81,307
Afonso Sousa,Argentina,Avène Antirougeurs Jour Redness Relief Cream 125ml,2022-03-16,7840.89,94
Matilde Cruz,Poland,Kiehl's Rare Earth Deep Pore Cleansing Masque 20ml,2020-09-12,5473.27,49
Martim Rodrigues,Italy,Neutrogena Hydro Boost Eye Gel-Cream 15ml,2023-07-15,11960.83,128
João Nunes,Argentina,The Ordinary Natural Moisturising Factors + HA 100ml,2023-03-08,13088.53,145
Tomás Coelho,Philippines,COSRX Oil-Free Ultra-Moisturizing Lotion 56.7g,2022-03-01,33798.9,307
Laura Mendes,Sweden,Neutrogena Rapid Wrinkle Repair Retinol Cream 40ml,2023-08-21,26614.63,221
Clara Monteiro,India,Murad Vita-C Glycolic Brightening Serum 200ml,2022-12-04,10879.28,100
Francisco Mendes,Mexico,Bioderma Hydrabio Gel-Crème 60ml,2024-10-25,5646.87,66
Sara Fernandes,Poland,Murad Oil-Control Mattifier SPF45 40ml,2020-05-30,2883.85,117
Afonso Pereira,South Korea,Tatcha The Eye Concentrate 125ml,2024-05-08,6216.39,75
Afonso Neves,Netherlands,Avène Eau Thermale Spray 15ml,2020-01-17,5948.13,82
Sofia Jesus,China,Pixi Glow Tonic 40ml,2022-04-11,4170.02,43
Gonçalo Fernandes,France,Sunday Riley UFO Ultra-Clarifying Face Oil 250ml,2024-11-19,9763.92,509
Matilde Cruz,Philippines,Kiehl's Rare Earth Deep Pore Cleansing Masque 56.7g,2020-01-11,4555.78,69
Margarida Cardoso,Canada,Olay Retinol24 Night Moisturizer 200ml,2023-09-20,3321.98,59
Diogo Monteiro,Colombia,Kiehl's Calendula Serum-Infused Water Cream 15ml,2020-12-31,2927.17,30
Sara Almeida,United Kingdom,Kiehl's Midnight Recovery Concentrate 20ml,2020-10-25,1771.86,29
Joana Santos,Spain,Tatcha The Essence Plump Skin Softener 125ml,2022-11-20,2417.64,33
Leonor Rodrigues,Mexico,Avène Cicalfate+ Restorative Protective Cream 20ml,2020-04-24,13034.42,284
Leonor Rodrigues,Indonesia,Pixi Retinol Tonic 200ml,2020-09-06,794.94,20
Martim Silva,United States,Murad Hydro-Dynamic Ultimate Moisture 75ml,2024-02-08,4126.86,108
Rafael Gomes,Sweden,Olay Eyes Ultimate Eye Cream 200ml,2020-05-08,8716.75,124
Matilde Teixeira,Netherlands,Clinique Smart Night Custom-Repair Moisturiser 50ml,2022-10-30,7814.84,267
Sara Almeida,Thailand,Kiehl's Clearly Corrective Dark Spot Solution 40ml,2023-04-21,14278.99,143
Joana Costa,Brazil,First Aid Beauty Pure Skin Face Cleanser 15ml,2020-01-21,3287.7,89
Mariana Soares,Netherlands,Kiehl's Super Multi-Corrective Anti-Aging Face & Neck Cream 60ml,2020-06-03,2620.71,299
Afonso Monteiro,Italy,Pixi Rose Ceramide Cream 15ml,2020-02-09,8996.32,88
Laura Soares,Philippines,Skinceuticals C E Ferulic Serum 100ml,2022-09-30,525.51,101
Afonso Martins,Canada,Paula's Choice SKIN PERFECTING 2% BHA Liquid Exfoliant 250ml,2023-02-09,5750.74,121
Inês Martins,Canada,Pixi Skintreats Rose Caviar Eye Cream 100ml,2023-06-16,31111.15,295
Ana Nunes,Japan,Olay Luminous Whip Face Moisturiser 56.7g,2022-09-06,4029.43,107
Matilde Moreira,Singapore,The Ordinary Glycolic Acid 7% Toning Solution 20ml,2022-10-17,5361.39,45
Clara Mendes,China,Bioderma Hydrabio Gel-Crème 100ml,2023-11-21,988.55,218
Maria Correia,Canada,COSRX Balancium B5 Biome Comfort Cream 40ml,2022-11-13,19751.18,231
Carolina Jesus,Canada,Paula's Choice EARTH SOURCED Antioxidant-Enriched Natural Moisturizer 20ml,2020-06-11,1157.96,70
Catarina Monteiro,Poland,Pixi +C VIT Brightening Serum 50ml,2024-09-10,7091.71,230
João Nunes,Colombia,Sunday Riley Saturn Sulfur Acne Treatment Mask 100ml,2021-10-20,7490.24,132
Clara Gomes,Spain,CeraVe Renewing SA Cream 125ml,2022-02-22,13893.79,135
Diogo Cardoso,Germany,Avène Antirougeurs Jour Redness Relief Cream 15ml,2023-03-01,3053.76,68
Carolina Marques,Chile,Pixi Overnight Glow Serum 200ml,2021-03-24,13650.93,140
Tiago Gomes,Thailand,Kiehl's Rare Earth Deep Pore Cleansing Masque 50ml,2023-04-11,16720.06,145
Martim Silva,Netherlands,Drunk Elephant A-Passioni Retinol Cream 15ml,2021-03-13,7507.16,79
João Cardoso,Colombia,La Roche-Posay Lipikar Balm AP+ 20ml,2021-08-18,9763.62,99
Mariana Mendes,Germany,Olay Eyes Ultimate Eye Cream 40ml,2021-05-09,15820.5,142
Margarida Cardoso,South Korea,Pixi Rose Ceramide Cream 200ml,2020-03-02,1979.49,64
Diogo Costa,United States,The Ordinary AHA 30% + BHA 2% Peeling Solution 200ml,2021-02-09,2140.65,23
Francisco Mendes,Thailand,CeraVe Hydrating Cleanser 150ml,2021-10-15,2583.36,23
Tiago Cardoso,Canada,Drunk Elephant Virgin Marula Luxury Face Oil 30g,2024-04-16,8068.11,79
Sofia Martins,Brazil,Kiehl's Clearly Corrective Dark Spot Solution 200ml,2023-09-12,7761.13,397
Ana Ferreira,Indonesia,Sunday Riley UFO Ultra-Clarifying Face Oil 56.7g,2020-08-05,1828.07,84
Catarina Jesus,France,First Aid Beauty Eye Duty Triple Remedy AM Gel Cream 50ml,2021-11-14,6580.9,150
Leonor Marques,Poland,Neutrogena Rapid Wrinkle Repair Retinol Cream 30g,2023-04-03,9153.98,298
Rodrigo Teixeira,Netherlands,Sunday Riley Auto Correct Brightening and Depuffing Eye Contour Cream 30ml,2022-07-24,396.97,31
Afonso Neves,China,First Aid Beauty Ultra Repair Cream 250ml,2020-07-31,4478.61,65
Clara Ferreira,Canada,Skinceuticals A.G.E. Eye Complex 30g,2020-12-10,10066.76,140
Rodrigo Moreira,Colombia,Clinique Dramatically Different Moisturising Lotion+ 200ml,2024-09-23,18798.56,202
Laura Fernandes,India,Skinceuticals Triple Lipid Restore 2:4:2 50ml,2023-05-28,11440.1,151
Francisco Almeida,China,Kiehl's Ultra Facial Cream 150ml,2020-06-08,4821.25,93
Tomás Rodrigues,Japan,Estée Lauder Advanced Night Repair Serum 40ml,2021-01-30,847.87,122
Joana Costa,Indonesia,Sunday Riley UFO Ultra-Clarifying Face Oil 56.7g,2021-09-26,13661.17,126
Francisco Almeida,Brazil,Tatcha The Clarifying Clay Mask 250ml,2022-05-25,36479.31,378
Francisco Fernandes,Japan,Tatcha The Indigo Overnight Repair Treatment 30ml,2024-12-05,6528.63,110
Diogo Cardoso,Italy,Olay Super Serum 5-in-1 200ml,2020-09-09,3463.71,68
Joana Santos,Netherlands,Clinique Smart Night Custom-Repair Moisturiser 200ml,2024-09-18,6844.15,119
Afonso Pereira,Spain,CeraVe Hydrating Cleanser 60ml,2023-07-16,1083.68,78
Miguel Rocha,Japan,La Roche-Posay Effaclar Mat Moisturiser 125ml,2020-04-12,1236.79,11
Sara Fernandes,United States,Sunday Riley Tidal Brightening Enzyme Water Cream 100ml,2024-04-08,235.38,11
Maria Correia,Thailand,Avène Hydrance Rich Rehydrating Cream 60ml,2022-06-07,942.07,13
Rafael Pereira,Canada,Kiehl's Midnight Recovery Concentrate 30ml,2022-06-22,5289.16,238
Tomás Coelho,Canada,Skinceuticals B5 Gel Hydrating Serum 60ml,2024-11-19,447.75,149
Diogo Rodrigues,Sweden,Neutrogena Oil-Free Acne Wash 125ml,2021-03-03,11201.29,134
Sara Mendes,Brazil,CeraVe Eye Repair Cream 20ml,2021-03-15,26967.76,265
Catarina Jesus,Spain,Neutrogena Norwegian Formula Face Cream 340g,2020-05-09,2066.55,39
Catarina Martins,Japan,Skinceuticals A.G.E. Eye Complex 40ml,2020-02-02,6256.72,202
Sara Cruz,Argentina,Drunk Elephant A-Passioni Retinol Cream 125ml,2020-02-07,40626.55,398
Clara Mendes,Argentina,Sunday Riley Tidal Brightening Enzyme Water Cream 60ml,2022-04-04,10911.25,128
Catarina Martins,Spain,Skinceuticals Phyto Corrective Gel 30g,2021-08-26,12096.43,131
João Mendes,United States,Olay Eyes Ultimate Eye Cream 75ml,2023-11-10,19374.56,530
Catarina Martins,Mexico,Tatcha The Essence Plump Skin Softener 250ml,2022-05-03,12981.42,124
Laura Carvalho,Indonesia,Neutrogena Norwegian Formula Face Cream 125ml,2021-09-20,604.45,36
Leonor Rodrigues,Canada,Bioderma Cicabio Arnica+ Repairing Cream 30g,2024-03-17,12407.15,148
Sara Fernandes,Colombia,Tatcha The Water Cream 150ml,2023-05-13,4590.37,114
João Cardoso,China,Murad Brightening Booster 30g,2023-09-03,1656.56,50
Inês Ferreira,Japan,La Roche-Posay Retinol B3 Serum 150ml,2022-07-27,9324.06,119
Martim Marques,Argentina,Estée Lauder Resilience Lift Firming & Sculpting Eye Cream 75ml,2020-02-18,1125.47,15
Matilde Moreira,Netherlands,First Aid Beauty KP Bump Eraser Body Scrub 340g,2021-01-16,10676.95,104
Joana Teixeira,Italy,Olay Eyes Ultimate Eye Cream 340g,2022-10-11,5990.88,52
João Nunes,Spain,Avène Antirougeurs Jour Redness Relief Cream 60ml,2022-05-28,769.43,15
Tomás Ribeiro,United Kingdom,Tatcha The Dewy Skin Cream 340g,2022-03-14,11641.86,107
Maria Coelho,Canada,Avène Cleanance Expert Emulsion 150ml,2021-05-22,6644.79,87
Mariana Soares,Germany,Neutrogena Bright Boost Gel Cream 100ml,2023-05-10,12515.81,139
Rafael Pereira,India,Olay Total Effects 7-in-1 Moisturiser 60ml,2022-11-13,22355.55,415
Leonor Jesus,Netherlands,Bioderma Nodé Detox Shampoo 40ml,2022-07-18,4307.96,56
Ana Ferreira,Argentina,Pixi +C VIT Brightening Serum 125ml,2023-11-27,4031.92,75
Mariana Teixeira,Indonesia,Neutrogena Norwegian Formula Face Cream 60ml,2020-07-25,1972.81,65
Martim Ferreira,France,Bioderma Sensibio H2O Micellar Water 200ml,2021-01-02,7109.51,73
Afonso Jesus,Colombia,Sunday Riley Tidal Brightening Enzyme Water Cream 15ml,2021-07-10,8437.25,80
Diogo Martins,China,COSRX Balancium B5 Biome Comfort Cream 340g,2021-11-14,25515.02,416
Inês Ferreira,Mexico,The Ordinary Buffet Multi-Technology Peptide Serum 60ml,2021-09-24,6087.68,359
Afonso Oliveira,Mexico,Pixi Skintreats Rose Caviar Eye Cream 250ml,2020-02-10,184.74,41
Martim Rodrigues,Chile,Tatcha The Indigo Overnight Repair Treatment 200ml,2023-09-01,6848.48,94
João Martins,Japan,COSRX Oil-Free Ultra-Moisturizing Lotion 250ml,2023-12-29,1870.17,36
Rodrigo Pinto,China,Skinceuticals Triple Lipid Restore 2:4:2 20ml,2020-05-16,4547.81,198
Mariana Cruz,Japan,Drunk Elephant F-Balm Electrolyte Waterbalm 340g,2023-04-21,2238.4,108
Carolina Marques,United Kingdom,Paula's Choice BOOST 10% Niacinamide Booster 200ml,2022-07-29,17361.26,246
Gonçalo Rodrigues,Indonesia,Kiehl's Calendula Serum-Infused Water Cream 125ml,2021-03-14,5983.66,268
Martim Marques,Italy,The Ordinary Retinol 0.5% in Squalane 250ml,2024-05-11,13238.89,126
Rafael Gomes,Colombia,COSRX Advanced Snail 92 All in One Cream 150ml,2022-09-16,9997.65,172
Afonso Monteiro,Germany,Skinceuticals Metacell Renewal B3 250ml,2022-01-13,8601.55,105
Afonso Martins,Poland,Clinique Dramatically Different Moisturising Lotion+ 100ml,2023-07-23,1562.08,80
Sara Almeida,Sweden,Skinceuticals Physical Fusion UV Defense SPF 50 60ml,2021-03-27,14205.78,369
Tomás Martins,Germany,CeraVe AM Facial Moisturising Lotion SPF25 20ml,2023-05-10,2626.74,27
Francisco Mendes,Japan,Tatcha The Dewy Skin Cream 60ml,2023-01-09,3008.5,39
Carolina Coelho,Sweden,COSRX Full Fit Propolis Light Cream 125ml,2024-12-11,2589.06,38
Leonor Pinto,Netherlands,COSRX Ultimate Moisturizing Honey Overnight Mask 150ml,2022-07-20,790.37,20
Carolina Coelho,Germany,Clinique Take The Day Off Cleansing Balm 15ml,2020-08-11,5804.64,65
Inês Cardoso,Germany,COSRX AC Collection Lightweight Soothing Moisturizer 200ml,2020-09-21,6658.13,164
Maria Fernandes,Canada,The Ordinary Glycolic Acid 7% Toning Solution 125ml,2021-10-29,9925.42,96
Diogo Costa,China,Sunday Riley C.E.O. 15% Vitamin C Brightening Serum 100ml,2022-05-07,11559.92,138
Tiago Cardoso,Chile,Murad Cellular Hydration Barrier Repair Cream 40ml,2021-07-08,17227.39,296
Maria Moreira,Italy,La Roche-Posay Anthelios Invisible Fluid SPF50+ 50ml,2021-03-24,2418.67,83
Margarida Mendes,Brazil,CeraVe AM Facial Moisturising Lotion SPF25 340g,2020-08-11,22394.81,351
Beatriz Cardoso,France,Pixi +C VIT Brightening Serum 56.7g,2021-08-30,3704.03,277
João Cardoso,Japan,Paula's Choice CLINICAL 1% Retinol Treatment 340g,2022-12-05,6517.34,100
Miguel Marques,Philippines,La Roche-Posay Cicaplast Baume B5 340g,2021-09-21,1385.72,14
Laura Pereira,Thailand,Avène Antirougeurs Jour Redness Relief Cream 15ml,2024-02-05,4116.24,98
Tomás Correia,Japan,Kiehl's Powerful-Strength Line-Reducing Concentrate 50ml,2021-06-15,12983.75,113
Tiago Carvalho,Germany,Skinceuticals Physical Fusion UV Defense SPF 50 340g,2021-12-23,5776.64,63
Pedro Pereira,Singapore,Neutrogena Bright Boost Gel Cream 15ml,2022-06-18,3739.5,100
Mariana Soares,India,COSRX Advanced Snail 92 All in One Cream 200ml,2022-03-19,10351.02,94
Francisco Coelho,Netherlands,Sunday Riley UFO Ultra-Clarifying Face Oil 200ml,2023-08-08,5358.7,161
Mariana Teixeira,Spain,Drunk Elephant Protini Polypeptide Cream 50ml,2022-10-26,2357.01,54
Mariana Teixeira,Canada,Kiehl's Calendula Serum-Infused Water Cream 40ml,2024-07-01,9481.7,101
Rafael Pereira,India,Avène Retrinal+ 0.1 Intensive Cream 30g,2021-10-04,4454.7,80
Inês Ribeiro,Spain,First Aid Beauty Hello FAB Coconut Skin Smoothie Priming Moisturizer 60ml,2023-08-26,5255.8,230
Rafael Neves,Japan,Kiehl's Midnight Recovery Concentrate 30g,2021-02-02,1469.83,81
Ana Ferreira,Germany,Sunday Riley Saturn Sulfur Acne Treatment Mask 30g,2022-10-10,2705.38,190
Miguel Marques,Poland,Olay Luminous Whip Face Moisturiser 150ml,2022-07-16,9838.24,92
Sofia Gomes,Spain,Pixi Vitamin-C Juice Cleanser 30ml,2022-11-20,14944.97,264
Laura Soares,Netherlands,Clinique Even Better Clinical Radical Dark Spot Corrector 20ml,2023-04-11,1555.92,141
Pedro Santos,France,REN Clean Skincare Vita Mineral Active 7 Eye Gel 20ml,2020-08-18,2101.34,44
Margarida Oliveira,United States,Paula's Choice CALM Redness Relief Moisturizer SPF 30 30ml,2021-12-07,516.13,23
Laura Pereira,Italy,Olay Total Effects 7-in-1 Moisturiser 100ml,2023-02-12,4040.18,113
Catarina Jesus,Netherlands,Pixi +C VIT Brightening Serum 200ml,2023-04-11,9936.45,89
Clara Cardoso,United States,Clinique All About Eyes Rich 150ml,2020-08-12,4296.86,318
Rafael Pereira,Philippines,Tatcha The Silk Cream 30ml,2022-06-17,9791.55,271
Matilde Moreira,United Kingdom,Neutrogena Hydro Boost Eye Gel-Cream 150ml,2024-04-16,5789.79,125
Laura Soares,Canada,First Aid Beauty Eye Duty Triple Remedy AM Gel Cream 15ml,2020-06-09,10047.92,112
Miguel Martins,Singapore,Pixi Retinol Tonic 125ml,2020-05-17,2361.1,88
Margarida Marques,Netherlands,Skinceuticals Physical Fusion UV Defense SPF 50 60ml,2021-12-08,7327.01,68
Tomás Ribeiro,Mexico,Neutrogena Ultra Sheer Dry-Touch Sunscreen SPF 50+ 125ml,2023-05-23,11473.64,203
Rafael Pereira,Brazil,Bioderma Atoderm Intensive Baume 200ml,2020-01-01,2766.23,59
Margarida Pereira,Philippines,Bioderma Hydrabio Gel-Crème 40ml,2023-10-16,29020.89,371
Francisco Almeida,Brazil,Kiehl's Rare Earth Deep Pore Cleansing Masque 30g,2024-07-18,41159.55,381
Rodrigo Soares,South Korea,Sunday Riley Tidal Brightening Enzyme Water Cream 75ml,2023-04-17,17645.74,237
Rafael Pereira,Singapore,Neutrogena Rapid Wrinkle Repair Retinol Cream 50ml,2022-01-13,21548.49,378
Ana Ferreira,Spain,Avène XeraCalm A.D Lipid-Replenishing Cream 40ml,2020-11-17,5029.56,54
Rafael Pereira,Italy,Drunk Elephant B-Hydra Intensive Hydration Serum 20ml,2023-01-24,6576.7,133
Dinis Silva,United States,Skinceuticals Discoloration Defense Serum 100ml,2020-10-03,2460.86,70
Martim Silva,Netherlands,COSRX AC Collection Lightweight Soothing Moisturizer 60ml,2023-01-21,5085.95,56
Laura Fernandes,United States,CeraVe Hydrating Cleanser 15ml,2021-05-05,1995.9,79
Beatriz Jesus,Sweden,Sunday Riley Auto Correct Brightening and Depuffing Eye Contour Cream 20ml,2020-12-24,7632.55,88
João Martins,Japan,Neutrogena Cellular Boost Concentrate Serum 20ml,2020-05-07,1761.12,107
Catarina Monteiro,Germany,Olay Regenerist Collagen Peptide24 Serum 150ml,2022-02-17,5376.8,51
Martim Rodrigues,Singapore,CeraVe Healing Ointment 30g,2024-12-02,510.52,28
Joana Santos,Italy,La Roche-Posay Lipikar Balm AP+ 30ml,2022-03-23,163.3,15
Lucas Coelho,Spain,Murad AHA/BHA Exfoliating Cleanser 125ml,2022-07-15,8119.99,142
Martim Pinto,Japan,The Ordinary Salicylic Acid 2% Solution 50ml,2020-12-08,22826.69,297
Laura Mendes,Japan,Bioderma Sensibio H2O Micellar Water 340g,2023-11-13,7242.24,119
Carolina Marques,Thailand,REN Clean Skincare Overnight Glow Dark Spot Sleeping Cream 60ml,2022-09-03,3969.06,101
Gonçalo Ribeiro,Argentina,Olay Eyes Ultimate Eye Cream 60ml,2024-05-12,3657.46,77
Ana Ferreira,United States,Drunk Elephant C-Firma Fresh Day Serum 75ml,2021-07-22,32458.59,434
Afonso Martins,Chile,Avène Hydrance Rich Rehydrating Cream 340g,2023-02-09,37154.59,352
João Martins,Philippines,CeraVe AM Facial Moisturising Lotion SPF25 125ml,2021-10-07,32590.3,281
Rafael Pereira,France,Skinceuticals B5 Gel Hydrating Serum 75ml,2023-03-06,7183.15,476
Matilde Moreira,Germany,Tatcha The Indigo Overnight Repair Treatment 250ml,2024-04-08,2521.36,53
Sofia Carvalho,Singapore,Drunk Elephant F-Balm Electrolyte Waterbalm 40ml,2023-03-06,2782.37,59
Francisco Mendes,Poland,La Roche-Posay Toleriane Double Repair Moisturiser 125ml,2020-05-17,68.08,22
Matilde Teixeira,Germany,Pixi Hydrating Milky Serum 30g,2023-01-06,2520.41,246
Margarida Oliveira,Poland,Tatcha The Rice Polish Foaming Enzyme Powder 200ml,2023-09-25,19264.22,257
Clara Gomes,France,Clinique All About Eyes Rich 20ml,2020-03-06,505.84,28
Maria Ferreira,France,Sunday Riley Luna Sleeping Night Oil 250ml,2022-03-01,1526.23,17
Rafael Martins,United Kingdom,Clinique Moisture Surge 100H Auto-Replenishing Hydrator 200ml,2021-08-20,3623.12,97
Diogo Neves,Thailand,La Roche-Posay Lipikar Balm AP+ 56.7g,2023-08-09,12710.63,224
Miguel Ferreira,Sweden,Paula's Choice SKIN RECOVERY Replenishing Moisturizer 15ml,2021-08-14,3733.66,64
Dinis Pereira,Thailand,Neutrogena Norwegian Formula Face Cream 150ml,2020-09-10,3059.38,66
Ana Ferreira,Singapore,Pixi Vitamin-C Juice Cleanser 250ml,2020-09-03,1210.37,59
Afonso Monteiro,Mexico,Drunk Elephant Virgin Marula Luxury Face Oil 100ml,2022-01-27,5113.57,139
Joana Costa,Netherlands,La Roche-Posay Anthelios Invisible Fluid SPF50+ 75ml,2020-05-28,4225.29,150
Lucas Santos,Chile,Paula's Choice SKIN RECOVERY Replenishing Moisturizer 250ml,2021-10-31,3316.22,129
Clara Monteiro,Germany,Neutrogena Oil-Free Acne Wash 125ml,2022-01-07,5939.37,72
Carolina Pereira,Colombia,Tatcha The Silk Cream 200ml,2021-10-31,3357.17,97
Inês Cruz,Netherlands,Drunk Elephant A-Passioni Retinol Cream 250ml,2020-10-08,1082.98,10
Ana Ferreira,Singapore,Kiehl's Midnight Recovery Concentrate 75ml,2024-10-09,4915.78,349
Carolina Jesus,Japan,The Ordinary Natural Moisturising Factors + HA 15ml,2024-09-30,17582.93,187
Carolina Pereira,Thailand,First Aid Beauty Pure Skin Face Cleanser 20ml,2021-08-20,24348.58,230
Miguel Marques,Chile,Sunday Riley Luna Sleeping Night Oil 125ml,2020-03-29,17167.29,247
Inês Martins,Poland,Tatcha The Dewy Skin Cream 56.7g,2020-08-16,3802.77,39
Gonçalo Rodrigues,India,REN Clean Skincare Evercalm Global Protection Day Cream 30ml,2024-03-18,11363.98,107
Carolina Pereira,Indonesia,REN Clean Skincare V-Cense Revitalising Eye Cream 340g,2023-12-18,8200.48,137
Sofia Gomes,Colombia,REN Clean Skincare V-Cense Revitalising Eye Cream 15ml,2024-06-11,4498.93,116
Rafael Martins,Indonesia,Olay Eyes Ultimate Eye Cream 30ml,2024-09-02,13455.13,132
Laura Mendes,Singapore,Skinceuticals B5 Gel Hydrating Serum 50ml,2021-05-06,10939.62,140
Martim Cardoso,India,La Roche-Posay Retinol B3 Serum 200ml,2022-06-25,6615.55,80
Gonçalo Ribeiro,Sweden,REN Clean Skincare Vita Mineral Active 7 Eye Gel 340g,2023-07-13,7829.98,132
Ana Ferreira,Singapore,Estée Lauder Micro Essence Skin Activating Treatment Lotion 56.7g,2023-03-22,1899.36,35
Laura Mendes,South Korea,Clinique Turnaround Overnight Revitalizing Moisturizer 340g,2023-12-03,509.06,25
Carolina Coelho,Colombia,The Ordinary Natural Moisturising Factors + HA 250ml,2022-09-14,1481.08,350
Inês Martins,Singapore,The Ordinary Glycolic Acid 7% Toning Solution 20ml,2020-04-04,29348.62,269
Tiago Cardoso,India,Tatcha The Rice Polish Foaming Enzyme Powder 50ml,2020-02-09,16586.77,273
Afonso Neves,Singapore,Skinceuticals A.G.E. Eye Complex 56.7g,2020-08-23,2900.16,91
Lucas Ribeiro,India,Sunday Riley C.E.O. 15% Vitamin C Brightening Serum 50ml,2024-06-08,1925.59,79
Margarida Oliveira,Poland,Skinceuticals Triple Lipid Restore 2:4:2 200ml,2024-06-18,7671.5,131
Inês Cruz,Germany,Kiehl's Super Multi-Corrective Anti-Aging Face & Neck Cream 20ml,2022-04-13,1968.33,55
Afonso Almeida,Germany,La Roche-Posay Anthelios Invisible Fluid SPF50+ 56.7g,2022-09-11,11267.87,223
Joana Santos,India,COSRX Advanced Snail 96 Mucin Power Essence 250ml,2023-10-29,10092.24,443
Sofia Rodrigues,Canada,Tatcha The Indigo Overnight Repair Treatment 125ml,2021-12-20,1123.71,35
Francisco Coelho,France,Tatcha The Water Cream 125ml,2023-01-26,4258.73,125
Sofia Mendes,Philippines,Avène XeraCalm A.D Lipid-Replenishing Cream 250ml,2020-02-01,8550.51,92
Leonor Coelho,Japan,COSRX Balancium B5 Biome Comfort Cream 30g,2024-12-04,996.0,92
Diogo Ribeiro,Mexico,Sunday Riley Ice Ceramide Moisturizing Cream 340g,2021-02-03,6177.91,81
Leonor Martins,South Korea,Bioderma Cicabio Arnica+ Repairing Cream 15ml,2021-01-13,4109.96,101
Ana Ferreira,Spain,COSRX AHA/BHA Clarifying Treatment Toner 30g,2021-09-04,6872.13,165
João Martins,Canada,Paula's Choice SKIN RECOVERY Replenishing Moisturizer 250ml,2020-08-22,7428.7,73
Sara Ferreira,Netherlands,Sunday Riley C.E.O. 15% Vitamin C Brightening Serum 100ml,2021-11-29,3082.22,258
Ana Vieira,India,Bioderma Pigmentbio C-Concentrate Brightening Serum 30ml,2020-03-15,3579.96,38
Francisco Coelho,Indonesia,Murad Vita-C Glycolic Brightening Serum 125ml,2024-12-20,42390.9,532
João Vieira,Canada,Murad Brightening Booster 56.7g,2023-09-03,8906.74,111
Francisco Coelho,United States,Kiehl's Clearly Corrective Dark Spot Solution 75ml,2024-01-11,17667.33,289
Joana Fernandes,Spain,CeraVe Moisturising Cream 56.7g,2022-05-25,5371.33,84
Lucas Ribeiro,Spain,Olay Luminous Whip Face Moisturiser 40ml,2023-06-20,3352.52,45
Afonso Martins,Spain,La Roche-Posay Toleriane Double Repair Moisturiser 30g,2024-01-31,5904.76,327
Leonor Martins,France,La Roche-Posay Toleriane Double Repair Moisturiser 250ml,2020-03-27,6719.07,94
Sofia Nunes,Italy,Murad Brightening Booster 30g,2021-11-11,30249.67,342
Tiago Carvalho,Spain,First Aid Beauty FAB Skin Lab Resurfacing Liquid 10% AHA 340g,2022-05-18,988.51,18
Inês Ribeiro,Thailand,COSRX AC Collection Lightweight Soothing Moisturizer 340g,2024-04-13,1316.61,20
Afonso Vieira,Sweden,CeraVe Moisturising Cream 340g,2024-02-27,3211.62,124
Margarida Cardoso,France,The Ordinary Glycolic Acid 7% Toning Solution 30g,2023-12-21,1859.18,63
Carolina Marques,Brazil,First Aid Beauty FAB Skin Lab Resurfacing Liquid 10% AHA 340g,2020-12-07,2720.47,58
Laura Mendes,Japan,Drunk Elephant T.L.C. Framboos Glycolic Night Serum 150ml,2020-12-20,2363.25,144
Lucas Rodrigues,Brazil,Drunk Elephant Virgin Marula Luxury Face Oil 56.7g,2021-11-18,2516.76,78
Lucas Costa,India,Sunday Riley Luna Sleeping Night Oil 75ml,2021-06-11,3761.88,49
Sara Mendes,Italy,Kiehl's Midnight Recovery Concentrate 60ml,2020-08-23,523.81,33
Sara Ferreira,Mexico,Sunday Riley Ice Ceramide Moisturizing Cream 60ml,2023-06-27,4860.76,73
Carolina Vieira,Argentina,Skinceuticals C E Ferulic Serum 15ml,2024-07-12,2722.22,110
Diogo Rocha,Mexico,Murad Hydro-Dynamic Ultimate Moisture 60ml,2020-05-19,20461.03,267
Sofia Martins,South Korea,The Ordinary Glycolic Acid 7% Toning Solution 20ml,2023-07-11,12252.18,117
Lucas Rodrigues,China,Sunday Riley Good Genes All-In-One Lactic Acid Treatment 20ml,2021-04-15,2987.85,78
João Neves,Philippines,Pixi Skintreats Rose Caviar Eye Cream 50ml,2021-02-27,512.02,73
Martim Silva,Colombia,Drunk Elephant C-Firma Fresh Day Serum 40ml,2023-11-10,1845.76,54
Tomás Rodrigues,Philippines,Paula's Choice DEFENSE Antioxidant Pore Purifier 125ml,2024-07-28,341.73,11
Joana Oliveira,Argentina,Sunday Riley C.E.O. 15% Vitamin C Brightening Serum 125ml,2021-05-31,12650.19,133
Francisco Jesus,Germany,Bioderma Pigmentbio C-Concentrate Brightening Serum 100ml,2021-04-09,779.62,49
Afonso Jesus,Japan,Skinceuticals Physical Fusion UV Defense SPF 50 200ml,2020-07-10,3660.84,61
Dinis Cardoso,South Korea,Tatcha The Eye Concentrate 50ml,2022-10-29,8145.75,164
Sara Cruz,Colombia,Kiehl's Rare Earth Deep Pore Cleansing Masque 60ml,2024-11-06,8287.82,120
Carolina Silva,Colombia,Pixi Vitamin-C Juice Cleanser 40ml,2023-02-19,4788.86,111
Rafael Martins,Argentina,Estée Lauder Resilience Lift Firming & Sculpting Eye Cream 250ml,2020-03-07,238.52,67
Rafael Gomes,Argentina,Murad Brightening Booster 250ml,2023-01-15,3208.44,37
Leonor Pinto,South Korea,Bioderma Atoderm Intensive Baume 15ml,2022-05-28,4227.62,44
Laura Costa,France,CeraVe AM Facial Moisturising Lotion SPF25 60ml,2022-01-02,2378.76,66
Tomás Rodrigues,Chile,Pixi Overnight Glow Serum 125ml,2021-02-09,457.58,91
Mariana Cruz,Indonesia,Kiehl's Powerful-Strength Line-Reducing Concentrate 30g,2024-07-23,731.72,12
Margarida Marques,Canada,First Aid Beauty Hello FAB Coconut Skin Smoothie Priming Moisturizer 56.7g,2020-03-06,8800.47,84
Carolina Marques,China,Clinique Smart Night Custom-Repair Moisturiser 40ml,2020-10-20,3857.54,241
Rodrigo Pinto,Poland,First Aid Beauty Eye Duty Triple Remedy AM Gel Cream 56.7g,2021-10-14,769.56,161
Rodrigo Teixeira,Sweden,Sunday Riley Auto Correct Brightening and Depuffing Eye Contour Cream 15ml,2024-08-16,1802.25,32
Afonso Monteiro,United States,Neutrogena Norwegian Formula Face Cream 150ml,2023-01-29,3245.32,129
Catarina Neves,South Korea,Avène Cleanance Expert Emulsion 56.7g,2023-05-01,7811.98,126
Dinis Cardoso,India,Sunday Riley Luna Sleeping Night Oil 20ml,2024-02-29,16909.13,148
Francisco Mendes,Spain,Skinceuticals A.G.E. Eye Complex 250ml,2021-12-07,3728.47,53
Francisco Vieira,Netherlands,Murad Brightening Booster 40ml,2023-06-16,3909.83,185
João Costa,Netherlands,Olay Eyes Ultimate Eye Cream 15ml,2020-10-09,8240.82,121
Sofia Rodrigues,Germany,La Roche-Posay Retinol B3 Serum 40ml,2023-03-06,11848.81,108
Sofia Jesus,Indonesia,REN Clean Skincare Ready Steady Glow Daily AHA Tonic 30g,2021-09-14,1604.73,26
Ana Vieira,Argentina,Tatcha The Essence Plump Skin Softener 75ml,2021-11-01,5263.03,134
Rafael Martins,Sweden,Avène XeraCalm A.D Lipid-Replenishing Cream 150ml,2022-04-13,14513.41,319
Afonso Neves,Canada,COSRX Full Fit Propolis Light Cream 125ml,2021-05-17,3361.87,46
Dinis Pereira,Chile,Avène Eau Thermale Spray 30g,2023-04-10,5471.35,87
Rafael Vieira,United Kingdom,Avène Cleanance Expert Emulsion 15ml,2022-05-09,4915.27,51
Beatriz Marques,Italy,CeraVe Skin Renewing Night Cream 15ml,2024-06-04,3648.26,59
Rafael Mendes,India,Neutrogena Oil-Free Acne Wash 100ml,2024-09-28,2252.75,45
Margarida Oliveira,Indonesia,Paula's Choice CLINICAL 1% Retinol Treatment 100ml,2023-05-03,6534.97,230
Beatriz Cardoso,Singapore,Murad Rapid Resurgence Eye Lift 20ml,2021-09-15,5049.18,58
Sara Almeida,France,Neutrogena Hydro Boost Water Gel 20ml,2022-01-30,507.36,70
Maria Fernandes,United Kingdom,Bioderma Sebium Pore Refiner 340g,2020-08-21,35740.77,327
Sofia Jesus,Mexico,Clinique Moisture Surge 100H Auto-Replenishing Hydrator 60ml,2023-06-23,17214.73,288
Gonçalo Ribeiro,United States,First Aid Beauty KP Bump Eraser Body Scrub 125ml,2023-12-11,5590.64,48
Rodrigo Soares,United States,COSRX Oil-Free Ultra-Moisturizing Lotion 150ml,2020-02-11,12932.91,122
Sara Mendes,Poland,Bioderma Sebium Pore Refiner 75ml,2024-04-16,15021.94,323
Laura Ribeiro,Brazil,Clinique Repairwear Laser Focus Eye Cream 30g,2023-02-05,650.09,83
Diogo Costa,Germany,CeraVe Renewing SA Cream 125ml,2020-01-13,2126.22,81
Tomás Almeida,United Kingdom,Skinceuticals Phyto Corrective Gel 15ml,2024-11-13,5851.46,88
Lucas Rodrigues,Poland,Tatcha The Essence Plump Skin Softener 20ml,2023-04-07,10194.13,138
Leonor Marques,Italy,Murad Retinol Youth Renewal Serum 150ml,2022-12-18,3673.57,62
Carolina Jesus,Mexico,CeraVe Moisturising Cream 60ml,2022-11-08,6666.76,143
Rodrigo Coelho,India,Murad Retinol Youth Renewal Serum 60ml,2021-04-02,16624.69,149
Diogo Rocha,Singapore,Tatcha The Rice Polish Foaming Enzyme Powder 30ml,2023-04-28,6344.84,101
Joana Costa,Mexico,First Aid Beauty FAB Skin Lab Resurfacing Liquid 10% AHA 200ml,2022-02-23,2303.53,145
Ana Ferreira,Indonesia,Olay Vitamin C + Peptide 24 Face Moisturizer 75ml,2023-02-25,8477.81,117
Mariana Soares,United Kingdom,Bioderma Nodé Detox Shampoo 30ml,2024-07-23,5371.21,167
Lucas Ribeiro,Spain,First Aid Beauty Pure Skin Face Cleanser 125ml,2024-01-01,10287.03,435
Tomás Almeida,Poland,Paula's Choice RESIST Anti-Aging Clear Skin Hydrator 60ml,2021-08-22,7405.76,72
Mariana Martins,Chile,Paula's Choice CALM Redness Relief Moisturizer SPF 30 30g,2024-03-01,19597.77,375
Rodrigo Soares,Brazil,CeraVe Healing Ointment 150ml,2023-03-16,5022.59,86
Pedro Pereira,Singapore,Pixi Vitamin-C Juice Cleanser 30g,2023-01-13,8847.89,125
Catarina Martins,Argentina,Estée Lauder Resilience Lift Firming & Sculpting Eye Cream 50ml,2022-10-20,3864.41,50
Martim Ferreira,United States,Neutrogena Oil-Free Acne Wash 75ml,2023-08-03,1677.74,78
Laura Carvalho,Philippines,La Roche-Posay Toleriane Double Repair Moisturiser 20ml,2020-04-03,11500.25,94
Dinis Silva,United Kingdom,Pixi Retinol Tonic 15ml,2022-05-31,228.01,19
Tomás Martins,United Kingdom,The Ordinary AHA 30% + BHA 2% Peeling Solution 340g,2022-10-06,5256.88,83
Maria Ferreira,Germany,COSRX Advanced Snail 92 All in One Cream 340g,2022-12-21,3497.52,38
Margarida Silva,Mexico,Paula's Choice RESIST Anti-Aging Clear Skin Hydrator 56.7g,2021-08-06,2429.8,29
Afonso Sousa,United States,REN Clean Skincare Clean Screen Mineral SPF30 100ml,2024-09-23,12112.57,130
Inês Cruz,United Kingdom,La Roche-Posay Anthelios Invisible Fluid SPF50+ 30g,2022-09-15,27282.59,370
Inês Ferreira,United Kingdom,The Ordinary AHA 30% + BHA 2% Peeling Solution 100ml,2020-01-16,7233.47,71
João Costa,Thailand,Paula's Choice CALM Redness Relief Moisturizer SPF 30 75ml,2022-07-17,9811.05,164
Clara Monteiro,China,Avène Cleanance Expert Emulsion 340g,2020-09-18,649.72,103
Clara Mendes,India,Avène Cicalfate+ Restorative Protective Cream 56.7g,2023-06-14,2376.78,127
Sofia Martins,Mexico,Clinique Even Better Clinical Radical Dark Spot Corrector 75ml,2023-07-13,4217.12,147
Martim Ferreira,Sweden,La Roche-Posay Toleriane Hydrating Gentle Cleanser 75ml,2023-07-09,946.29,28
Matilde Cruz,Colombia,Bioderma Atoderm Intensive Baume 50ml,2024-10-30,8846.16,98
Ana Ferreira,Sweden,Pixi Retinol Tonic 50ml,2020-08-09,918.35,14
Pedro Santos,Brazil,Drunk Elephant T.L.C. Framboos Glycolic Night Serum 100ml,2021-07-19,3671.0,34
Gonçalo Ferreira,Netherlands,Estée Lauder Advanced Night Repair Serum 100ml,2022-01-25,19854.86,349
Matilde Moreira,France,Neutrogena Rapid Wrinkle Repair Retinol Cream 125ml,2023-06-02,12966.15,354
Rafael Gomes,Chile,Murad AHA/BHA Exfoliating Cleanser 60ml,2023-05-04,3668.43,39
Laura Soares,Germany,Sunday Riley Tidal Brightening Enzyme Water Cream 125ml,2022-12-15,3524.37,91
Rafael Martins,Philippines,COSRX Oil-Free Ultra-Moisturizing Lotion 60ml,2021-07-25,15229.19,141
Joana Teixeira,Chile,Avène Retrinal+ 0.1 Intensive Cream 150ml,2023-12-08,4340.98,333
Gonçalo Ribeiro,Chile,Tatcha The Rice Polish Foaming Enzyme Powder 200ml,2021-04-13,13188.59,371
Rodrigo Teixeira,South Korea,Pixi Rose Ceramide Cream 40ml,2020-07-03,16430.61,149
Martim Cardoso,Canada,Sunday Riley Saturn Sulfur Acne Treatment Mask 60ml,2023-10-30,934.39,12
Maria Coelho,France,Estée Lauder Perfectly Clean Multi-Action Foam Cleanser 30g,2022-12-23,9341.7,90
Lucas Ribeiro,India,Skinceuticals A.G.E. Eye Complex 20ml,2024-04-13,5289.4,74
Lucas Costa,India,REN Clean Skincare Evercalm Global Protection Day Cream 150ml,2023-07-08,11673.89,110
Afonso Monteiro,Sweden,The Ordinary Buffet Multi-Technology Peptide Serum 200ml,2020-07-24,2270.87,49
Rafael Martins,Italy,CeraVe PM Facial Moisturising Lotion 250ml,2023-12-09,16627.68,188
Sofia Rodrigues,United States,Clinique Even Better Clinical Radical Dark Spot Corrector 20ml,2021-09-23,5138.87,132
Guilherme Neves,Netherlands,Skinceuticals Discoloration Defense Serum 200ml,2024-02-21,1857.63,69
Margarida Silva,Indonesia,Kiehl's Calendula Serum-Infused Water Cream 340g,2024-08-20,3575.29,64
Maria Fernandes,Canada,Olay Eyes Ultimate Eye Cream 100ml,2022-04-09,24161.4,226
Matilde Teixeira,Japan,Murad Vita-C Glycolic Brightening Serum 100ml,2023-04-16,3290.88,78
Diogo Martins,United States,COSRX Balancium B5 Biome Comfort Cream 100ml,2021-01-20,4308.71,121
Catarina Martins,France,Drunk Elephant B-Hydra Intensive Hydration Serum 30ml,2020-10-30,4065.25,46
Rodrigo Pereira,Argentina,La Roche-Posay Lipikar Balm AP+ 200ml,2022-05-24,31795.1,372
Mariana Cruz,Mexico,Sunday Riley UFO Ultra-Clarifying Face Oil 60ml,2021-04-22,961.79,87
Sara Cruz,Poland,Paula's Choice BOOST 10% Niacinamide Booster 100ml,2022-03-09,2768.19,139
Sofia Gomes,Germany,Estée Lauder DayWear Multi-Protection Anti-Oxidant 24H Moisturizer SPF15 56.7g,2020-06-14,10952.38,186
Joana Costa,United Kingdom,Neutrogena Norwegian Formula Face Cream 150ml,2024-04-02,1262.37,32
Dinis Monteiro,Philippines,Murad Cellular Hydration Barrier Repair Cream 200ml,2022-12-19,884.75,26
Lucas Santos,France,REN Clean Skincare Ready Steady Glow Daily AHA Tonic 30g,2021-04-08,5034.27,52
Rafael Martins,India,Skinceuticals Discoloration Defense Serum 50ml,2021-09-27,7406.07,67
Mariana Neves,Indonesia,Sunday Riley Auto Correct Brightening and Depuffing Eye Contour Cream 15ml,2021-05-15,8463.14,84
Diogo Rocha,Argentina,Murad Vita-C Glycolic Brightening Serum 40ml,2021-02-14,8081.84,104
Rafael Mendes,France,First Aid Beauty FAB Skin Lab Resurfacing Liquid 10% AHA 15ml,2023-11-05,1032.64,16
Sara Almeida,Sweden,Neutrogena Hydro Boost Eye Gel-Cream 56.7g,2022-07-19,16548.37,387
Tiago Gomes,Italy,Avène Retrinal+ 0.1 Intensive Cream 30g,2024-05-17,3523.08,50
Carolina Pereira,Colombia,Kiehl's Ultra Facial Cream 250ml,2020-05-02,3211.61,63
Margarida Cardoso,Philippines,First Aid Beauty FAB Skin Lab Resurfacing Liquid 10% AHA 250ml,2024-06-23,3482.04,110
Margarida Oliveira,Thailand,Kiehl's Powerful-Strength Line-Reducing Concentrate 60ml,2023-12-26,29923.78,280
Afonso Monteiro,China,Olay Regenerist Micro-Sculpting Cream 30ml,2022-01-16,4678.23,103
Martim Rodrigues,United Kingdom,La Roche-Posay Effaclar Mat Moisturiser 60ml,2021-06-11,2504.1,150
Diogo Monteiro,Indonesia,Murad AHA/BHA Exfoliating Cleanser 60ml,2022-05-09,11308.5,121
Maria Fernandes,Argentina,Pixi Vitamin-C Juice Cleanser 125ml,2023-09-16,1933.73,27
Joana Costa,United States,Sunday Riley Luna Sleeping Night Oil 30g,2023-12-22,9164.37,116
Lucas Rodrigues,Colombia,Pixi Hydrating Milky Serum 75ml,2024-09-06,11285.67,115
Afonso Monteiro,Philippines,Neutrogena Norwegian Formula Face Cream 75ml,2022-12-29,12504.7,319
Pedro Ferreira,Colombia,The Ordinary Glycolic Acid 7% Toning Solution 60ml,2024-05-20,4482.42,99
Ana Ferreira,Sweden,COSRX Ultimate Moisturizing Honey Overnight Mask 15ml,2022-02-11,11212.46,137
Gonçalo Rodrigues,Poland,Estée Lauder Advanced Night Repair Serum 30g,2021-07-09,325.59,115
Joana Santos,Thailand,Pixi Overnight Glow Serum 30g,2022-11-15,1578.12,41
Francisco Fernandes,Japan,First Aid Beauty Eye Duty Triple Remedy AM Gel Cream 200ml,2022-12-07,5140.92,126
Joana Teixeira,Brazil,Bioderma Atoderm Intensive Baume 50ml,2020-02-23,16070.94,198
Guilherme Costa,United States,Olay Luminous Whip Face Moisturiser 30ml,2023-10-17,9064.49,96
Martim Marques,Indonesia,Avène Retrinal+ 0.1 Intensive Cream 60ml,2024-06-14,4340.01,86
Ana Ferreira,South Korea,The Ordinary Hyaluronic Acid 2% + B5 200ml,2023-07-27,3122.39,34
Martim Marques,India,Pixi Skintreats Rose Caviar Eye Cream 20ml,2020-11-03,1140.9,40
João Costa,United States,First Aid Beauty Ultra Repair Cream 340g,2022-07-23,38479.57,436
Carolina Jesus,Mexico,Kiehl's Powerful-Strength Line-Reducing Concentrate 50ml,2022-05-05,1714.28,74
João Neves,United States,Paula's Choice CLINICAL 1% Retinol Treatment 30g,2020-01-14,5217.99,52
Inês Monteiro,Colombia,Bioderma Cicabio Arnica+ Repairing Cream 15ml,2022-04-27,1884.42,21
Rafael Martins,India,CeraVe Eye Repair Cream 340g,2024-02-24,5889.6,168
Margarida Mendes,Colombia,REN Clean Skincare Ready Steady Glow Daily AHA Tonic 100ml,2020-01-22,4652.89,77
Inês Martins,South Korea,La Roche-Posay Toleriane Hydrating Gentle Cleanser 60ml,2024-12-02,3800.86,82
Rafael Gomes,Colombia,CeraVe Eye Repair Cream 250ml,2022-01-01,7485.63,310
Sara Fernandes,United Kingdom,Murad Vita-C Glycolic Brightening Serum 15ml,2023-11-28,3175.0,46
Rodrigo Cruz,South Korea,Clinique Dramatically Different Moisturising Lotion+ 75ml,2023-01-21,2666.57,116
Afonso Rocha,Germany,Clinique Dramatically Different Moisturising Lotion+ 75ml,2020-10-19,3449.11,54
Rodrigo Moreira,India,CeraVe Skin Renewing Night Cream 150ml,2021-07-01,7054.89,81
Margarida Teixeira,Colombia,Murad AHA/BHA Exfoliating Cleanser 340g,2023-04-14,13874.06,135
Beatriz Marques,Colombia,The Ordinary Hyaluronic Acid 2% + B5 15ml,2023-10-20,1211.38,60
Margarida Teixeira,Spain,Skinceuticals Phyto Corrective Gel 340g,2023-02-16,2805.58,121
Ana Nunes,Singapore,Skinceuticals A.G.E. Eye Complex 60ml,2021-12-06,1571.9,258
Margarida Mendes,South Korea,Drunk Elephant T.L.C. Framboos Glycolic Night Serum 56.7g,2022-03-12,1118.36,33
Afonso Oliveira,Colombia,Paula's Choice SKIN PERFECTING 2% BHA Liquid Exfoliant 200ml,2023-05-16,6254.65,68
Pedro Ferreira,Italy,Sunday Riley C.E.O. 15% Vitamin C Brightening Serum 20ml,2024-03-02,5766.17,189
Laura Mendes,Singapore,Sunday Riley Auto Correct Brightening and Depuffing Eye Contour Cream 56.7g,2022-12-22,1971.98,22
Margarida Oliveira,Indonesia,The Ordinary Niacinamide 10% + Zinc 1% 250ml,2022-11-24,3748.93,65
Francisco Almeida,Netherlands,Clinique All About Eyes Rich 60ml,2021-01-26,3659.9,37
Leonor Pinto,Poland,Clinique Turnaround Overnight Revitalizing Moisturizer 30ml,2020-06-08,8204.04,87
Diogo Monteiro,Philippines,Murad Cellular Hydration Barrier Repair Cream 200ml,2023-06-24,128.37,25
Afonso Neves,Poland,Kiehl's Clearly Corrective Dark Spot Solution 30ml,2020-08-13,16369.84,139
Beatriz Marques,Brazil,La Roche-Posay Effaclar Mat Moisturiser 125ml,2022-07-10,1353.01,12
Rafael Pereira,Brazil,Drunk Elephant T.L.C. Framboos Glycolic Night Serum 340g,2023-02-24,9204.89,134
Ana Monteiro,China,Murad Retinol Youth Renewal Serum 75ml,2024-02-10,6289.83,80
Catarina Monteiro,Chile,Paula's Choice SKIN PERFECTING 2% BHA Liquid Exfoliant 20ml,2021-12-10,11259.13,150
Sara Mendes,Argentina,Kiehl's Calendula Serum-Infused Water Cream 150ml,2023-09-30,2412.29,24
Rodrigo Moreira,South Korea,Estée Lauder Re-Nutriv Ultimate Lift Age-Correcting Crème 100ml,2020-03-08,10291.53,200
Martim Ferreira,United Kingdom,REN Clean Skincare Vita Mineral Active 7 Eye Gel 50ml,2020-04-17,5794.9,137
Martim Ferreira,Netherlands,Skinceuticals Metacell Renewal B3 150ml,2023-09-15,927.75,104
Catarina Martins,Germany,Estée Lauder Advanced Night Repair Serum 75ml,2020-02-20,3383.84,111
Martim Cardoso,South Korea,Kiehl's Ultra Facial Cream 75ml,2021-06-23,4835.99,219
Matilde Carvalho,Mexico,Pixi Retinol Tonic 30g,2021-04-08,14780.69,302
Tiago Cardoso,South Korea,La Roche-Posay Hyalu B5 Serum 56.7g,2023-04-05,11810.7,123
Joana Santos,Chile,REN Clean Skincare Overnight Glow Dark Spot Sleeping Cream 40ml,2023-02-26,2584.12,44
Sara Almeida,Canada,Kiehl's Powerful-Strength Line-Reducing Concentrate 200ml,2024-08-26,1796.67,23
Sara Ferreira,Germany,Clinique Take The Day Off Cleansing Balm 40ml,2023-11-26,7591.22,108
Rafael Pereira,Japan,Bioderma Atoderm Intensive Baume 50ml,2024-11-10,11829.44,143
João Cardoso,Japan,Drunk Elephant C-Firma Fresh Day Serum 15ml,2024-08-13,3620.53,47
Tiago Gomes,Netherlands,Neutrogena Oil-Free Acne Wash 200ml,2021-12-15,667.74,14
Afonso Oliveira,Canada,Estée Lauder Micro Essence Skin Activating Treatment Lotion 20ml,2023-01-05,940.04,54
João Costa,Indonesia,Skinceuticals Metacell Renewal B3 60ml,2024-06-25,5306.76,56
Margarida Pereira,China,CeraVe Healing Ointment 30g,2023-10-12,357.06,107
Dinis Cardoso,Spain,Kiehl's Rare Earth Deep Pore Cleansing Masque 100ml,2023-05-31,4171.33,35
Catarina Neves,Poland,Kiehl's Rare Earth Deep Pore Cleansing Masque 50ml,2023-11-28,5357.3,51
Inês Ribeiro,United Kingdom,Sunday Riley Luna Sleeping Night Oil 30g,2023-09-19,428.76,69
Catarina Correia,Canada,Drunk Elephant Virgin Marula Luxury Face Oil 40ml,2022-11-04,2294.53,37
Ana Ferreira,India,Paula's Choice BOOST 10% Niacinamide Booster 75ml,2023-03-22,4695.77,72
Margarida Oliveira,Philippines,Kiehl's Calendula Serum-Infused Water Cream 250ml,2020-10-08,13114.88,243
Lucas Santos,United Kingdom,Neutrogena Bright Boost Gel Cream 56.7g,2020-12-27,6020.04,143
Diogo Martins,Thailand,Tatcha The Silk Cream 200ml,2024-05-13,32728.73,503
Carolina Jesus,Mexico,Avène Cleanance Expert Emulsion 20ml,2022-09-14,22557.78,320
Carolina Vieira,Sweden,Bioderma Nodé Detox Shampoo 150ml,2021-11-25,8186.4,137
Gonçalo Rodrigues,Germany,Skinceuticals Phyto Corrective Gel 125ml,2023-06-14,3800.68,127
Tiago Jesus,United States,Pixi Hydrating Milky Serum 340g,2023-10-02,7471.92,120
Diogo Monteiro,United Kingdom,Paula's Choice CALM Redness Relief Moisturizer SPF 30 30ml,2024-07-05,3610.18,50
Tiago Almeida,Spain,Neutrogena Rapid Wrinkle Repair Retinol Cream 250ml,2022-11-09,5114.56,47
Laura Soares,Germany,COSRX Advanced Snail 96 Mucin Power Essence 200ml,2021-08-05,4266.38,124
Sara Mendes,Colombia,Sunday Riley UFO Ultra-Clarifying Face Oil 75ml,2024-01-31,2520.22,28
Rodrigo Soares,Poland,Estée Lauder DayWear Multi-Protection Anti-Oxidant 24H Moisturizer SPF15 50ml,2023-03-20,9678.88,98
Dinis Carvalho,South Korea,COSRX Ultimate Moisturizing Honey Overnight Mask 200ml,2023-03-18,25989.77,335
Rodrigo Pereira,Brazil,Paula's Choice CALM Redness Relief Moisturizer SPF 30 15ml,2024-06-27,1496.32,124
Diogo Rodrigues,Netherlands,The Ordinary Glycolic Acid 7% Toning Solution 100ml,2020-11-09,6191.89,114
Afonso Rocha,Indonesia,First Aid Beauty Eye Duty Triple Remedy AM Gel Cream 56.7g,2021-05-14,2015.02,99
Martim Cardoso,Germany,Tatcha The Indigo Overnight Repair Treatment 250ml,2024-12-04,1693.99,128
Beatriz Marques,Netherlands,Pixi Overnight Glow Serum 20ml,2020-04-23,6263.8,71
Laura Ribeiro,South Korea,Pixi Overnight Glow Serum 340g,2023-06-13,1427.52,15
Rodrigo Pinto,Colombia,The Ordinary Salicylic Acid 2% Solution 340g,2020-09-19,7488.66,93
Carolina Marques,Chile,Kiehl's Midnight Recovery Concentrate 20ml,2024-08-11,4396.16,97
Sara Ferreira,Colombia,Neutrogena Norwegian Formula Face Cream 340g,2021-01-05,6020.26,133
Rafael Pereira,Poland,Neutrogena Ultra Sheer Dry-Touch Sunscreen SPF 50+ 125ml,2022-11-30,591.0,14
Afonso Oliveira,Japan,COSRX Oil-Free Ultra-Moisturizing Lotion 250ml,2024-04-18,13995.98,244
Miguel Ferreira,United Kingdom,Paula's Choice DEFENSE Antioxidant Pore Purifier 250ml,2020-01-11,1096.68,17
Carolina Ferreira,Colombia,Sunday Riley Ice Ceramide Moisturizing Cream 50ml,2020-08-04,6611.31,115
Carolina Jesus,Chile,REN Clean Skincare Radiance Perfection Serum 100ml,2022-06-28,1302.95,119
Rodrigo Moreira,Poland,COSRX Advanced Snail 96 Mucin Power Essence 250ml,2023-11-16,41579.17,372
Clara Mendes,Canada,La Roche-Posay Lipikar Balm AP+ 200ml,2023-03-01,2863.09,34
Beatriz Marques,Italy,CeraVe Renewing SA Cream 60ml,2022-11-28,529.05,10
Rafael Gomes,Indonesia,Clinique Smart Night Custom-Repair Moisturiser 60ml,2023-08-13,10748.31,107
Catarina Jesus,China,Clinique Smart Night Custom-Repair Moisturiser 56.7g,2022-05-02,5015.37,58
Rodrigo Moreira,Italy,Neutrogena Hydro Boost Water Gel 30g,2024-12-19,3343.9,120
Margarida Teixeira,Spain,The Ordinary Hyaluronic Acid 2% + B5 30g,2021-05-06,8031.45,91
Miguel Martins,Mexico,Drunk Elephant T.L.C. Framboos Glycolic Night Serum 56.7g,2020-12-13,128.45,29
Catarina Correia,Indonesia,The Ordinary Niacinamide 10% + Zinc 1% 50ml,2020-04-09,6001.31,112
Catarina Martins,Canada,REN Clean Skincare Radiance Perfection Serum 250ml,2022-12-01,8169.67,106
Gonçalo Fernandes,Germany,The Ordinary Niacinamide 10% + Zinc 1% 40ml,2023-03-01,5904.11,119
Dinis Cardoso,Netherlands,Drunk Elephant Virgin Marula Luxury Face Oil 125ml,2023-06-16,3614.34,33
Clara Cardoso,Thailand,Olay Regenerist Collagen Peptide24 Serum 40ml,2021-09-19,5162.17,53
João Martins,Brazil,Skinceuticals Phyto Corrective Gel 60ml,2021-04-12,9543.7,129
Catarina Martins,Poland,The Ordinary Buffet Multi-Technology Peptide Serum 40ml,2020-08-11,2954.15,133
João Neves,Brazil,Pixi Vitamin-C Juice Cleanser 125ml,2022-09-21,1886.03,137
Rodrigo Coelho,Italy,Bioderma Hydrabio Gel-Crème 250ml,2022-04-09,3504.47,62
Clara Mendes,France,Sunday Riley Saturn Sulfur Acne Treatment Mask 100ml,2024-10-15,9991.34,274
Maria Coelho,Philippines,Neutrogena Hydro Boost Water Gel 30g,2022-11-07,8731.46,293
Maria Fernandes,Spain,COSRX AC Collection Lightweight Soothing Moisturizer 56.7g,2024-10-26,7050.76,72
Tomás Coelho,Singapore,REN Clean Skincare Perfect Canvas Clean Primer 150ml,2024-06-19,9306.51,140
Joana Fernandes,Mexico,First Aid Beauty FAB Skin Lab Resurfacing Liquid 10% AHA 75ml,2022-01-04,2414.3,73
Martim Silva,Thailand,Avène Antirougeurs Jour Redness Relief Cream 125ml,2023-04-16,12601.14,136
Diogo Ribeiro,Chile,Tatcha The Water Cream 60ml,2021-08-08,12258.14,132
Rafael Martins,Japan,Murad Vita-C Glycolic Brightening Serum 150ml,2020-08-19,5894.22,95
Clara Monteiro,France,Tatcha The Water Cream 40ml,2021-08-28,1888.2,73
Gonçalo Ferreira,Canada,Murad Vita-C Glycolic Brightening Serum 60ml,2022-10-16,13248.15,125
João Nunes,Italy,First Aid Beauty Ultra Repair Cream 30ml,2022-02-24,3018.67,37
Gonçalo Ferreira,United States,Skinceuticals Phyto Corrective Gel 40ml,2020-06-03,2049.36,32
Tomás Correia,United Kingdom,First Aid Beauty Ultra Repair Firming Collagen Cream 200ml,2020-02-28,16107.03,218
Leonor Jesus,Thailand,CeraVe PM Facial Moisturising Lotion 60ml,2022-03-16,2914.89,32
Mariana Martins,United Kingdom,Avène Antirougeurs Jour Redness Relief Cream 20ml,2023-03-25,768.36,30
Clara Gomes,Thailand,Bioderma Sebium Pore Refiner 60ml,2023-01-19,2296.48,61
Laura Costa,Japan,CeraVe AM Facial Moisturising Lotion SPF25 40ml,2023-02-26,3275.25,126
Mariana Neves,Netherlands,Clinique Moisture Surge 100H Auto-Replenishing Hydrator 56.7g,2020-11-04,26510.67,331
Sara Cruz,Italy,Sunday Riley Luna Sleeping Night Oil 100ml,2020-09-22,3461.33,97
Carolina Silva,United Kingdom,Clinique Repairwear Laser Focus Eye Cream 40ml,2020-03-28,2114.8,76
João Mendes,Japan,Avène Eau Thermale Spray 56.7g,2023-04-15,13261.42,124
Beatriz Marques,United Kingdom,Avène PhysioLift Night Smoothing Balm 340g,2021-07-01,2856.46,57
Laura Pereira,Colombia,The Ordinary Buffet Multi-Technology Peptide Serum 30ml,2020-12-31,421.39,81
Tomás Ribeiro,Canada,Estée Lauder Advanced Night Repair Serum 75ml,2022-10-18,13939.69,120
Gonçalo Coelho,Mexico,COSRX Advanced Snail 96 Mucin Power Essence 250ml,2023-09-09,10487.72,100
Martim Cardoso,China,Avène Hydrance Rich Rehydrating Cream 150ml,2020-10-23,1337.95,117
Leonor Rodrigues,Sweden,CeraVe Skin Renewing Night Cream 15ml,2024-02-11,4776.71,96
Catarina Jesus,Indonesia,Pixi +C VIT Brightening Serum 125ml,2024-06-16,2414.64,122
Laura Costa,Canada,Kiehl's Midnight Recovery Concentrate 340g,2020-12-30,7959.11,193
Beatriz Marques,Mexico,Olay Vitamin C + Peptide 24 Face Moisturizer 60ml,2020-11-19,9883.02,111
Joana Costa,Netherlands,Tatcha The Clarifying Clay Mask 75ml,2023-10-30,1164.44,18
Clara Monteiro,United Kingdom,Bioderma Sensibio H2O Micellar Water 340g,2020-06-27,10042.11,178
Beatriz Marques,Colombia,La Roche-Posay Lipikar Balm AP+ 40ml,2021-05-05,1333.51,20
Carolina Marques,India,Tatcha The Essence Plump Skin Softener 60ml,2023-08-15,6198.92,77
Francisco Vieira,Thailand,Tatcha The Eye Concentrate 50ml,2021-08-15,1958.19,22
Mariana Neves,Philippines,Paula's Choice SKIN PERFECTING 2% BHA Liquid Exfoliant 20ml,2022-08-15,8027.24,90
Ana Ferreira,Colombia,Olay Super Serum 5-in-1 200ml,2024-03-04,16876.23,478
Martim Teixeira,Sweden,Skinceuticals Metacell Renewal B3 30ml,2020-06-28,725.33,14
Diogo Costa,Argentina,Paula's Choice SKIN PERFECTING 2% BHA Liquid Exfoliant 56.7g,2020-05-04,21522.95,214
Dinis Monteiro,Sweden,La Roche-Posay Cicaplast Baume B5 200ml,2021-05-19,1143.81,41
Maria Moreira,Brazil,Estée Lauder Advanced Night Repair Serum 75ml,2022-11-28,14134.83,137
Maria Fernandes,Mexico,Drunk Elephant C-Firma Fresh Day Serum 30ml,2020-09-20,11717.59,107
Rafael Martins,South Korea,The Ordinary Salicylic Acid 2% Solution 340g,2020-10-15,27179.9,333
Francisco Mendes,Mexico,First Aid Beauty Ultra Repair Firming Collagen Cream 250ml,2024-08-23,2211.23,21
Leonor Martins,Brazil,First Aid Beauty Eye Duty Triple Remedy AM Gel Cream 50ml,2020-10-11,15761.13,156
Carolina Pereira,Sweden,Tatcha The Water Cream 50ml,2020-09-02,4544.71,77
Tomás Ribeiro,Brazil,Bioderma Atoderm Intensive Baume 75ml,2024-01-28,8373.72,89
Francisco Mendes,France,Clinique Turnaround Overnight Revitalizing Moisturizer 30g,2024-08-05,25617.69,267
Tomás Coelho,Indonesia,The Ordinary Niacinamide 10% + Zinc 1% 125ml,2020-11-09,2348.4,32
Carolina Vieira,France,Neutrogena Hydro Boost Water Gel 20ml,2020-08-15,1680.3,77
Martim Rodrigues,Poland,REN Clean Skincare Perfect Canvas Clean Primer 150ml,2024-10-10,2892.53,38
Joana Santos,South Korea,Kiehl's Rare Earth Deep Pore Cleansing Masque 340g,2022-10-19,10798.79,136
Mariana Cruz,Colombia,Clinique Turnaround Overnight Revitalizing Moisturizer 250ml,2024-07-28,7146.04,149
Leonor Coelho,Mexico,Murad Retinol Youth Renewal Serum 200ml,2020-07-06,543.51,24
Tomás Martins,France,Kiehl's Clearly Corrective Dark Spot Solution 150ml,2020-09-22,28754.69,369
Tomás Rodrigues,Indonesia,Clinique Take The Day Off Cleansing Balm 30ml,2022-11-13,5339.56,134
Lucas Rodrigues,United States,Bioderma Pigmentbio C-Concentrate Brightening Serum 20ml,2024-03-22,5259.38,60
Pedro Cruz,Spain,Tatcha The Clarifying Clay Mask 250ml,2021-10-05,587.57,21
Leonor Pinto,China,CeraVe Healing Ointment 56.7g,2024-06-19,4597.71,148
Miguel Martins,Mexico,Neutrogena Hydro Boost Water Gel 340g,2022-07-19,30021.13,276
Miguel Rocha,Philippines,Avène Eau Thermale Spray 60ml,2022-07-26,5843.46,56
Gonçalo Ferreira,Spain,Skinceuticals Discoloration Defense Serum 15ml,2023-11-24,585.61,31
Beatriz Jesus,South Korea,Avène XeraCalm A.D Lipid-Replenishing Cream 60ml,2024-05-15,2753.79,48
Afonso Monteiro,Philippines,Skinceuticals C E Ferulic Serum 40ml,2020-02-25,9637.82,129
Diogo Ribeiro,India,The Ordinary Natural Moisturising Factors + HA 30g,2021-03-01,2346.9,122
Leonor Coelho,Netherlands,Sunday Riley Auto Correct Brightening and Depuffing Eye Contour Cream 60ml,2024-12-08,6324.82,93
Sofia Rodrigues,United Kingdom,REN Clean Skincare Clean Screen Mineral SPF30 30g,2020-12-03,2480.34,168
Afonso Martins,Canada,The Ordinary Salicylic Acid 2% Solution 56.7g,2024-04-29,12700.93,268
Mariana Cruz,Brazil,Estée Lauder Revitalizing Supreme+ Moisturizer 100ml,2024-08-19,5207.15,67
Margarida Teixeira,South Korea,La Roche-Posay Retinol B3 Serum 340g,2024-09-17,29947.03,303
Maria Ferreira,Poland,Drunk Elephant Lala Retro Whipped Cream 200ml,2024-01-12,2372.02,40
Diogo Oliveira,Colombia,First Aid Beauty FAB Skin Lab Resurfacing Liquid 10% AHA 340g,2023-08-08,889.16,48
Rodrigo Pereira,Germany,Skinceuticals Physical Fusion UV Defense SPF 50 60ml,2024-06-23,12795.0,127
Rafael Pereira,Poland,First Aid Beauty KP Bump Eraser Body Scrub 340g,2021-11-11,4659.07,45
Maria Coelho,Germany,Murad Cellular Hydration Barrier Repair Cream 75ml,2024-02-08,23606.37,238
Guilherme Neves,Italy,Estée Lauder Advanced Night Repair Serum 60ml,2020-12-29,6957.81,79
Tiago Almeida,Philippines,Estée Lauder Revitalizing Supreme+ Moisturizer 30ml,2022-09-16,3132.31,208
Rodrigo Pereira,United States,Estée Lauder Revitalizing Supreme+ Moisturizer 15ml,2020-03-31,1575.22,81
Joana Teixeira,United Kingdom,La Roche-Posay Toleriane Double Repair Moisturiser 30g,2022-08-20,2800.44,25
Dinis Monteiro,Italy,Estée Lauder Advanced Night Repair Serum 40ml,2021-04-13,2428.62,89
Mariana Neves,United Kingdom,Clinique Even Better Clinical Radical Dark Spot Corrector 60ml,2020-06-17,3497.03,300
Lucas Rodrigues,Sweden,Pixi Retinol Tonic 30ml,2024-04-11,8010.95,105
Clara Monteiro,Singapore,Olay Eyes Ultimate Eye Cream 200ml,2020-10-11,32687.67,282
Tomás Coelho,Mexico,Tatcha The Rice Polish Foaming Enzyme Powder 100ml,2023-07-07,9259.07,234
Rafael Mendes,Argentina,The Ordinary Natural Moisturising Factors + HA 150ml,2020-12-30,4167.47,70
João Martins,Japan,Estée Lauder Re-Nutriv Ultimate Lift Age-Correcting Crème 200ml,2024-09-18,5749.47,115
Margarida Oliveira,India,Bioderma Nodé Detox Shampoo 56.7g,2023-10-19,743.25,15
Martim Pinto,Argentina,Kiehl's Ultra Facial Cream 200ml,2022-01-30,11870.8,340
Francisco Almeida,China,Estée Lauder Revitalizing Supreme+ Moisturizer 30ml,2023-06-12,2279.95,79
Matilde Carvalho,Mexico,Clinique Take The Day Off Cleansing Balm 340g,2023-10-12,291.51,69
Sofia Gomes,Philippines,Bioderma Pigmentbio C-Concentrate Brightening Serum 340g,2020-12-19,1480.4,123
Tomás Correia,Germany,Estée Lauder Nutritious Super-Pomegranate Radiant Energy Eye Jelly 20ml,2020-11-29,2914.49,62
Afonso Almeida,South Korea,Murad Hydro-Dynamic Ultimate Moisture 30g,2022-07-08,4153.95,144
Leonor Pinto,United States,Estée Lauder Perfectly Clean Multi-Action Foam Cleanser 100ml,2024-12-22,1607.96,284
Laura Carvalho,Philippines,Skinceuticals C E Ferulic Serum 125ml,2021-11-13,28631.11,337
Inês Nunes,Spain,Olay Regenerist Collagen Peptide24 Serum 56.7g,2022-09-15,1372.52,333
Miguel Marques,India,Tatcha The Dewy Skin Cream 40ml,2022-11-24,3968.38,63
Dinis Cardoso,Colombia,CeraVe Moisturising Cream 50ml,2024-02-27,538.94,45
Sofia Rodrigues,Philippines,La Roche-Posay Lipikar Balm AP+ 75ml,2023-04-17,5289.73,124
Gonçalo Coelho,France,Neutrogena Ultra Sheer Dry-Touch Sunscreen SPF 50+ 15ml,2020-06-16,3503.85,43
Martim Marques,Japan,COSRX Balancium B5 Biome Comfort Cream 15ml,2024-05-20,7673.09,98
Martim Rodrigues,France,Kiehl's Ultra Facial Cream 30ml,2024-05-15,3059.18,136
Francisco Mendes,Poland,COSRX AHA/BHA Clarifying Treatment Toner 340g,2023-01-14,375.35,83
Rafael Martins,Sweden,Paula's Choice CLINICAL 1% Retinol Treatment 125ml,2022-11-11,1342.7,136
Afonso Martins,Indonesia,La Roche-Posay Hyalu B5 Serum 150ml,2024-07-29,2366.17,48
Ana Nunes,Japan,Drunk Elephant C-Firma Fresh Day Serum 75ml,2020-03-25,5825.12,81
Rodrigo Teixeira,Germany,Drunk Elephant C-Firma Fresh Day Serum 50ml,2023-09-26,5223.28,52
Diogo Rocha,Netherlands,Avène Cicalfate+ Restorative Protective Cream 60ml,2023-10-22,6571.07,91
Inês Monteiro,Thailand,CeraVe Hydrating Cleanser 56.7g,2020-07-15,12537.41,134
Miguel Ferreira,Thailand,Olay Luminous Whip Face Moisturiser 56.7g,2021-10-04,4367.45,94
Rafael Martins,India,Tatcha The Dewy Skin Cream 150ml,2021-06-24,3694.75,50
Rodrigo Soares,United Kingdom,Bioderma Hydrabio Gel-Crème 60ml,2021-03-10,11968.44,266
Rafael Gomes,United States,Estée Lauder Advanced Night Repair Serum 75ml,2024-07-17,1634.6,56
João Cardoso,Canada,Tatcha The Clarifying Clay Mask 250ml,2021-10-21,4222.26,158
Margarida Mendes,France,Drunk Elephant B-Hydra Intensive Hydration Serum 100ml,2023-01-22,1018.85,14
Rafael Mendes,Poland,Murad Rapid Resurgence Eye Lift 75ml,2022-05-18,1789.52,38
Ana Teixeira,Spain,Sunday Riley Saturn Sulfur Acne Treatment Mask 30g,2024-03-14,8392.7,92
João Cardoso,United States,La Roche-Posay Retinol B3 Serum 75ml,2024-03-28,10737.74,110
Lucas Ribeiro,Spain,Kiehl's Rare Earth Deep Pore Cleansing Masque 30g,2021-09-01,6178.91,94
Gonçalo Ferreira,South Korea,Pixi Hydrating Milky Serum 200ml,2020-12-18,10576.83,120
Maria Coelho,South Korea,Clinique Smart Night Custom-Repair Moisturiser 125ml,2020-07-07,3121.73,60
Afonso Monteiro,United States,First Aid Beauty Eye Duty Triple Remedy AM Gel Cream 200ml,2023-02-02,745.22,67
Margarida Teixeira,China,Murad Rapid Resurgence Eye Lift 30g,2021-06-07,1697.52,40
Inês Ribeiro,Singapore,Murad Rapid Resurgence Eye Lift 30g,2020-03-29,17317.24,232
Margarida Mendes,Germany,The Ordinary Buffet Multi-Technology Peptide Serum 15ml,2021-08-07,7641.59,102
Rodrigo Pinto,Sweden,Pixi +C VIT Brightening Serum 50ml,2022-12-29,2860.42,109
Francisco Coelho,Sweden,Clinique Dramatically Different Moisturising Lotion+ 15ml,2023-05-07,1895.58,44
Clara Monteiro,Singapore,COSRX Balancium B5 Biome Comfort Cream 40ml,2020-11-03,2077.61,134
Pedro Santos,Singapore,Kiehl's Rare Earth Deep Pore Cleansing Masque 30g,2024-09-02,15741.48,400
Joana Fernandes,Colombia,Kiehl's Clearly Corrective Dark Spot Solution 40ml,2021-07-13,7922.29,109
Rodrigo Pereira,Philippines,Bioderma Pigmentbio C-Concentrate Brightening Serum 30g,2021-01-03,2068.93,97
Afonso Martins,Singapore,Kiehl's Calendula Serum-Infused Water Cream 60ml,2020-09-22,2292.02,59
Miguel Marques,United Kingdom,Avène PhysioLift Night Smoothing Balm 60ml,2022-05-01,5602.31,89
Sofia Martins,Singapore,COSRX Ultimate Moisturizing Honey Overnight Mask 30g,2024-08-26,6353.09,89
Tomás Correia,France,Skinceuticals Physical Fusion UV Defense SPF 50 50ml,2023-06-15,37246.85,347
Joana Santos,Spain,Olay Vitamin C + Peptide 24 Face Moisturizer 60ml,2020-03-17,15559.16,182
Matilde Moreira,Netherlands,Skinceuticals Discoloration Defense Serum 15ml,2021-04-12,5369.18,115
Rafael Martins,Poland,Pixi +C VIT Brightening Serum 30ml,2024-03-20,2392.25,142
Maria Moreira,South Korea,Drunk Elephant Virgin Marula Luxury Face Oil 15ml,2023-07-04,44721.1,402
Martim Pinto,Sweden,Sunday Riley Tidal Brightening Enzyme Water Cream 340g,2022-05-16,9992.12,152
Joana Teixeira,Sweden,Bioderma Sensibio H2O Micellar Water 20ml,2024-04-09,21365.93,350
Tomás Correia,Chile,Estée Lauder Micro Essence Skin Activating Treatment Lotion 150ml,2020-03-14,2281.77,162
Matilde Moreira,United States,The Ordinary Natural Moisturising Factors + HA 250ml,2024-07-28,611.74,149
Margarida Pereira,France,Skinceuticals Physical Fusion UV Defense SPF 50 250ml,2023-03-13,1850.27,42
Laura Costa,Chile,Skinceuticals B5 Gel Hydrating Serum 200ml,2024-01-24,13770.73,228
Rafael Martins,Japan,Murad Hydro-Dynamic Ultimate Moisture 56.7g,2022-07-18,33832.63,326
Catarina Neves,Spain,Estée Lauder Re-Nutriv Ultimate Lift Age-Correcting Crème 15ml,2022-02-25,1681.22,19
Leonor Marques,United States,Bioderma Sensibio Light Soothing Cream 56.7g,2020-09-12,32568.45,458
João Nunes,Colombia,Olay Regenerist Micro-Sculpting Cream 125ml,2021-12-20,4360.18,90
Pedro Pereira,France,Drunk Elephant Protini Polypeptide Cream 75ml,2022-09-16,4789.63,56
Inês Ferreira,Poland,Pixi +C VIT Brightening Serum 60ml,2022-08-06,1737.36,297
Inês Nunes,Japan,Estée Lauder Revitalizing Supreme+ Moisturizer 50ml,2020-12-11,9959.48,127
Laura Fernandes,Chile,Paula's Choice SKIN RECOVERY Replenishing Moisturizer 30ml,2023-09-02,260.58,24
Matilde Carvalho,Canada,Olay Retinol24 Night Moisturizer 125ml,2024-04-10,17539.46,349
Carolina Jesus,Sweden,Bioderma Pigmentbio C-Concentrate Brightening Serum 50ml,2020-01-24,1938.26,42
Sofia Rodrigues,Canada,The Ordinary Glycolic Acid 7% Toning Solution 100ml,2021-08-22,5776.69,106
Tiago Cardoso,Indonesia,Pixi Glow Tonic 50ml,2022-06-24,2808.09,146
Lucas Santos,China,Avène Retrinal+ 0.1 Intensive Cream 200ml,2023-04-11,1479.46,49
Lucas Rodrigues,France,Avène Cleanance Expert Emulsion 75ml,2020-01-30,5632.85,57
Rodrigo Teixeira,Indonesia,Pixi Retinol Tonic 250ml,2023-06-20,5556.79,48
João Nunes,Mexico,Estée Lauder DayWear Multi-Protection Anti-Oxidant 24H Moisturizer SPF15 20ml,2021-07-18,23496.51,264
Margarida Marques,Sweden,Murad AHA/BHA Exfoliating Cleanser 340g,2022-07-20,7444.49,73
Inês Nunes,France,Sunday Riley Luna Sleeping Night Oil 75ml,2024-06-16,1528.34,24
João Mendes,United Kingdom,CeraVe AM Facial Moisturising Lotion SPF25 50ml,2020-07-19,8823.16,82
Tiago Carvalho,Canada,Pixi Hydrating Milky Serum 15ml,2024-02-29,8956.23,97
Sara Mendes,Brazil,The Ordinary Retinol 0.5% in Squalane 50ml,2020-08-05,6062.18,65
Lucas Costa,China,Murad Rapid Resurgence Eye Lift 40ml,2024-01-05,6669.25,96
Clara Monteiro,United Kingdom,Clinique Repairwear Laser Focus Eye Cream 20ml,2021-12-26,701.93,209
Leonor Marques,Germany,Skinceuticals Physical Fusion UV Defense SPF 50 40ml,2022-10-28,3470.29,54
Martim Cardoso,Singapore,Skinceuticals Triple Lipid Restore 2:4:2 150ml,2020-03-29,1047.18,44
Pedro Sousa,France,Skinceuticals Phyto Corrective Gel 56.7g,2023-06-25,4625.2,67
Diogo Rodrigues,Thailand,Avène Hydrance Rich Rehydrating Cream 100ml,2024-08-14,19198.71,162
Sofia Jesus,Italy,COSRX Ultimate Moisturizing Honey Overnight Mask 50ml,2024-02-26,5417.28,105
Inês Monteiro,Indonesia,REN Clean Skincare Vita Mineral Active 7 Eye Gel 30g,2021-11-14,4961.24,52
Francisco Coelho,Argentina,The Ordinary Natural Moisturising Factors + HA 50ml,2023-10-29,15240.78,237
Francisco Coelho,Chile,Tatcha The Clarifying Clay Mask 75ml,2020-05-31,10581.09,143
Laura Fernandes,Singapore,First Aid Beauty Ultra Repair Cream 200ml,2024-10-29,11417.14,141
Leonor Rodrigues,Spain,First Aid Beauty FAB Skin Lab Resurfacing Liquid 10% AHA 150ml,2024-03-06,22883.06,460
Dinis Cardoso,United States,The Ordinary Niacinamide 10% + Zinc 1% 150ml,2020-10-18,6725.16,124
Tomás Neves,China,Avène XeraCalm A.D Lipid-Replenishing Cream 30ml,2024-01-22,9725.59,107
Martim Rodrigues,Sweden,La Roche-Posay Anthelios Invisible Fluid SPF50+ 75ml,2024-03-02,6366.89,71
Margarida Mendes,Canada,The Ordinary Salicylic Acid 2% Solution 50ml,2021-11-25,7440.52,104
Francisco Coelho,United Kingdom,Drunk Elephant C-Firma Fresh Day Serum 200ml,2024-11-28,9681.23,107
Laura Ribeiro,Germany,Sunday Riley C.E.O. 15% Vitamin C Brightening Serum 56.7g,2020-02-23,813.17,12
Afonso Sousa,Thailand,First Aid Beauty Ultra Repair Cream 125ml,2020-08-31,7326.33,217
Catarina Martins,Argentina,Sunday Riley Good Genes All-In-One Lactic Acid Treatment 75ml,2023-08-20,4236.19,133
Miguel Ferreira,Mexico,The Ordinary Natural Moisturising Factors + HA 75ml,2024-09-11,28272.78,327
Tiago Almeida,Italy,Tatcha The Clarifying Clay Mask 20ml,2023-10-31,7446.51,128
Matilde Cruz,United Kingdom,Bioderma Pigmentbio C-Concentrate Brightening Serum 30g,2024-06-24,2709.93,105
Rafael Pereira,Singapore,Estée Lauder Re-Nutriv Ultimate Lift Age-Correcting Crème 75ml,2024-10-03,31915.83,375
Tomás Martins,Brazil,Sunday Riley Good Genes All-In-One Lactic Acid Treatment 75ml,2024-03-31,10747.25,99
João Martins,Colombia,La Roche-Posay Toleriane Hydrating Gentle Cleanser 56.7g,2022-03-22,28717.37,335
Miguel Ferreira,United Kingdom,REN Clean Skincare Ready Steady Glow Daily AHA Tonic 15ml,2022-04-17,4165.64,161
Carolina Jesus,India,Kiehl's Ultra Facial Cream 30ml,2021-12-11,1850.45,73
Lucas Santos,Canada,Paula's Choice SKIN PERFECTING 2% BHA Liquid Exfoliant 150ml,2022-04-03,4223.98,173
Ana Monteiro,Argentina,Skinceuticals C E Ferulic Serum 50ml,2022-07-14,4198.69,58
Leonor Jesus,Chile,Neutrogena Hydro Boost Eye Gel-Cream 20ml,2021-02-03,328.13,13
Joana Costa,Poland,CeraVe Hydrating Cleanser 200ml,2020-04-20,28851.98,268
Sara Ferreira,South Korea,Clinique Turnaround Overnight Revitalizing Moisturizer 340g,2023-02-17,35067.49,399
Lucas Rodrigues,Indonesia,Tatcha The Rice Polish Foaming Enzyme Powder 340g,2022-04-08,11540.99,120
Afonso Almeida,South Korea,Clinique Repairwear Laser Focus Eye Cream 20ml,2021-02-18,39365.19,350
Diogo Rocha,Spain,La Roche-Posay Toleriane Double Repair Moisturiser 150ml,2021-04-29,390.89,97
Pedro Cruz,Italy,Skinceuticals Metacell Renewal B3 30ml,2022-10-28,5029.96,115
Rodrigo Teixeira,Singapore,First Aid Beauty Ultra Repair Cream 50ml,2023-08-27,1490.58,121
Margarida Teixeira,Chile,CeraVe Hydrating Cleanser 250ml,2020-01-24,2221.14,80
Lucas Ribeiro,Spain,Pixi Hydrating Milky Serum 30ml,2020-06-26,4209.05,160
Rafael Gomes,Argentina,The Ordinary Retinol 0.5% in Squalane 60ml,2020-07-02,929.37,40
Maria Fernandes,Germany,Tatcha The Silk Cream 15ml,2024-08-14,1067.4,24
Miguel Ferreira,France,Avène Eau Thermale Spray 40ml,2022-02-11,16417.18,149
Tomás Correia,Poland,Skinceuticals C E Ferulic Serum 75ml,2020-02-25,13853.37,132
Ana Moreira,Spain,Sunday Riley UFO Ultra-Clarifying Face Oil 30ml,2023-11-18,7433.71,78
Maria Fernandes,Singapore,Drunk Elephant Virgin Marula Luxury Face Oil 250ml,2021-04-13,8325.3,147
Inês Ribeiro,South Korea,Sunday Riley UFO Ultra-Clarifying Face Oil 200ml,2023-06-30,15812.86,179
Rafael Martins,Japan,REN Clean Skincare Clean Screen Mineral SPF30 100ml,2024-03-03,5285.52,73
João Nunes,United Kingdom,REN Clean Skincare Ready Steady Glow Daily AHA Tonic 340g,2023-07-01,1758.53,18
Tiago Carvalho,Canada,Clinique Dramatically Different Moisturising Lotion+ 30g,2024-07-10,1813.23,69
Ana Vieira,Argentina,CeraVe Moisturising Cream 75ml,2022-06-02,1267.23,26
Rodrigo Jesus,United Kingdom,Skinceuticals Metacell Renewal B3 15ml,2020-12-30,8735.12,114
Ana Ferreira,Philippines,La Roche-Posay Toleriane Hydrating Gentle Cleanser 200ml,2024-02-13,9511.81,270
Sofia Nunes,United States,Skinceuticals A.G.E. Eye Complex 75ml,2023-07-03,38483.18,350
Tomás Neves,Poland,Avène PhysioLift Night Smoothing Balm 56.7g,2022-08-01,2930.18,89
Clara Gomes,Mexico,Kiehl's Creamy Eye Treatment with Avocado 30ml,2024-08-22,1631.98,19
Sara Cruz,Mexico,Olay Regenerist Micro-Sculpting Cream 200ml,2023-01-02,701.0,23
Matilde Moreira,Canada,First Aid Beauty FAB Skin Lab Resurfacing Liquid 10% AHA 15ml,2024-06-20,7309.58,206
Tomás Rodrigues,France,Murad Rapid Resurgence Eye Lift 60ml,2020-05-26,1260.94,33
Carolina Coelho,Philippines,La Roche-Posay Retinol B3 Serum 250ml,2024-10-22,3870.75,145
Carolina Jesus,Canada,Pixi Hydrating Milky Serum 56.7g,2024-03-14,5610.32,142
Laura Soares,China,Clinique Dramatically Different Moisturising Lotion+ 150ml,2024-04-28,10049.91,101
Tomás Neves,Spain,Paula's Choice CLINICAL 1% Retinol Treatment 30ml,2023-04-15,8925.02,94
Dinis Cardoso,Argentina,Bioderma Nodé Detox Shampoo 60ml,2022-04-27,5081.37,216
Rodrigo Pereira,Italy,Pixi Retinol Tonic 125ml,2023-05-13,3491.31,58
Margarida Cardoso,Thailand,Neutrogena Oil-Free Acne Wash 200ml,2024-05-24,2004.26,184
Clara Mendes,South Korea,Skinceuticals Physical Fusion UV Defense SPF 50 15ml,2021-11-26,2508.3,29
João Vieira,Canada,The Ordinary Hyaluronic Acid 2% + B5 75ml,2020-04-25,2434.64,264
Tomás Martins,Brazil,Sunday Riley Auto Correct Brightening and Depuffing Eye Contour Cream 100ml,2023-04-16,29225.13,287
Laura Soares,Chile,Drunk Elephant Virgin Marula Luxury Face Oil 20ml,2021-01-10,2730.45,149
Rodrigo Teixeira,United States,Murad Brightening Booster 150ml,2022-10-18,857.71,32
Matilde Moreira,Philippines,Tatcha The Eye Concentrate 75ml,2021-03-13,582.37,88
Rodrigo Moreira,Argentina,REN Clean Skincare V-Cense Revitalising Eye Cream 30g,2020-05-11,631.3,16
Francisco Almeida,France,The Ordinary AHA 30% + BHA 2% Peeling Solution 30g,2020-06-14,741.52,36
Sara Fernandes,Spain,The Ordinary Retinol 0.5% in Squalane 100ml,2020-12-21,8739.24,86
Francisco Almeida,India,Skinceuticals Triple Lipid Restore 2:4:2 50ml,2023-12-29,324.61,35
Dinis Carvalho,Thailand,REN Clean Skincare Radiance Perfection Serum 30g,2023-07-17,835.66,47
João Martins,China,Tatcha The Indigo Overnight Repair Treatment 200ml,2020-04-16,2614.14,127
Mariana Cruz,Singapore,CeraVe Healing Ointment 15ml,2020-10-19,1399.17,53
Beatriz Marques,United Kingdom,Paula's Choice SKIN RECOVERY Replenishing Moisturizer 150ml,2024-09-07,805.3,17
Martim Ferreira,Poland,Clinique Even Better Clinical Radical Dark Spot Corrector 200ml,2021-01-17,2555.54,61
Leonor Pinto,Italy,First Aid Beauty Ultra Repair Cream 15ml,2024-01-23,1483.03,137
Carolina Vieira,China,Neutrogena Oil-Free Acne Wash 50ml,2021-06-30,3123.8,31
Afonso Almeida,Spain,Sunday Riley Tidal Brightening Enzyme Water Cream 75ml,2022-12-05,50449.32,438
Tomás Neves,South Korea,La Roche-Posay Lipikar Balm AP+ 75ml,2022-09-29,1274.29,134
Mariana Teixeira,South Korea,COSRX Advanced Snail 96 Mucin Power Essence 30g,2023-12-14,53.92,12
Diogo Costa,France,CeraVe Hydrating Cleanser 40ml,2021-09-25,19876.21,227
Rodrigo Coelho,Argentina,Pixi Overnight Glow Serum 250ml,2024-04-09,1561.31,30
Margarida Teixeira,Netherlands,Pixi Retinol Tonic 56.7g,2020-01-25,1626.7,47
João Nunes,Chile,Olay Eyes Ultimate Eye Cream 150ml,2020-02-07,471.5,51
Sofia Carvalho,United Kingdom,Kiehl's Midnight Recovery Concentrate 56.7g,2020-08-12,43013.55,373
Catarina Monteiro,United Kingdom,Bioderma Nodé Detox Shampoo 250ml,2024-01-24,6582.86,99
Diogo Rodrigues,Thailand,Tatcha The Clarifying Clay Mask 15ml,2021-03-28,1761.92,20
Guilherme Costa,Italy,Paula's Choice SKIN RECOVERY Replenishing Moisturizer 30ml,2020-12-09,6701.21,254
Guilherme Neves,Japan,CeraVe Hydrating Cleanser 56.7g,2023-04-13,11609.04,148
Maria Fernandes,India,Olay Super Serum 5-in-1 60ml,2023-01-26,1328.05,51
Ana Monteiro,Brazil,Olay Regenerist Micro-Sculpting Cream 20ml,2023-11-11,8686.71,163
Sofia Martins,Netherlands,Neutrogena Hydro Boost Water Gel 125ml,2022-10-24,7040.04,197
Laura Fernandes,South Korea,First Aid Beauty Ultra Repair Tinted Moisturizer SPF 30 40ml,2021-12-11,1351.35,46
Leonor Coelho,Italy,Tatcha The Water Cream 56.7g,2023-07-29,28088.44,281
Leonor Jesus,France,Murad Retinol Youth Renewal Serum 50ml,2022-01-30,6381.38,92
Francisco Vieira,Chile,The Ordinary Salicylic Acid 2% Solution 75ml,2020-07-10,428.24,145
Lucas Costa,France,Paula's Choice BOOST 10% Niacinamide Booster 40ml,2020-11-16,4161.5,82
Mariana Mendes,Indonesia,Murad Brightening Booster 50ml,2020-08-30,1749.5,141
Inês Monteiro,France,Kiehl's Calendula Serum-Infused Water Cream 125ml,2020-11-14,10437.96,106
Diogo Cardoso,Japan,CeraVe Hydrating Cleanser 56.7g,2024-01-05,4123.98,105
Francisco Mendes,Netherlands,CeraVe Healing Ointment 40ml,2021-04-29,1304.98,35
Matilde Moreira,South Korea,Clinique Turnaround Overnight Revitalizing Moisturizer 30g,2024-08-30,2129.28,61
Joana Teixeira,Indonesia,Tatcha The Clarifying Clay Mask 50ml,2020-04-25,3112.28,54
Miguel Martins,India,Sunday Riley Ice Ceramide Moisturizing Cream 50ml,2022-03-14,4794.23,139
Sara Mendes,Philippines,First Aid Beauty Pure Skin Face Cleanser 20ml,2020-07-30,3631.25,117
Beatriz Cardoso,Sweden,COSRX Advanced Snail 92 All in One Cream 75ml,2021-07-08,510.68,125
Tiago Almeida,Germany,Avène Antirougeurs Jour Redness Relief Cream 250ml,2023-11-25,4804.27,46
Catarina Correia,Thailand,Clinique All About Eyes Rich 30ml,2022-03-21,1962.54,54
Mariana Neves,India,Pixi Glow Tonic 200ml,2020-03-17,8614.56,84
Leonor Rodrigues,Indonesia,La Roche-Posay Lipikar Balm AP+ 60ml,2021-04-03,1255.28,138
Miguel Marques,Philippines,Drunk Elephant Protini Polypeptide Cream 75ml,2024-01-17,7567.35,109
Gonçalo Fernandes,United States,Clinique Dramatically Different Moisturising Lotion+ 75ml,2023-07-11,6444.12,130
Martim Marques,Germany,Drunk Elephant B-Hydra Intensive Hydration Serum 40ml,2021-03-14,5562.16,57
Tiago Jesus,South Korea,Avène Hydrance Rich Rehydrating Cream 20ml,2023-11-09,3129.57,38
João Nunes,Chile,Drunk Elephant T.L.C. Framboos Glycolic Night Serum 125ml,2023-11-27,1262.15,51
Diogo Oliveira,Germany,Clinique Take The Day Off Cleansing Balm 340g,2023-03-25,1536.66,32
Beatriz Cardoso,Singapore,Bioderma Sebium Pore Refiner 20ml,2020-07-06,1107.37,32
Rodrigo Soares,South Korea,Avène XeraCalm A.D Lipid-Replenishing Cream 40ml,2023-06-28,7977.31,84
Dinis Silva,China,Olay Vitamin C + Peptide 24 Face Moisturizer 125ml,2022-06-15,9854.27,102
Carolina Marques,United Kingdom,Drunk Elephant Lala Retro Whipped Cream 250ml,2021-01-26,14138.12,201
Sofia Nunes,Netherlands,Neutrogena Ultra Sheer Dry-Touch Sunscreen SPF 50+ 40ml,2023-05-28,618.8,77
Pedro Sousa,China,Paula's Choice EARTH SOURCED Antioxidant-Enriched Natural Moisturizer 150ml,2020-05-04,3379.27,40
Maria Correia,South Korea,Kiehl's Super Multi-Corrective Anti-Aging Face & Neck Cream 30ml,2024-12-12,2433.63,22
Mariana Teixeira,Spain,Estée Lauder Nutritious Super-Pomegranate Radiant Energy Eye Jelly 20ml,2022-04-15,429.48,13
Rafael Pereira,Brazil,Murad Rapid Resurgence Eye Lift 30g,2020-07-21,12240.06,262
Dinis Cardoso,Sweden,CeraVe Healing Ointment 30ml,2021-08-09,1506.51,21
Joana Costa,Philippines,Olay Vitamin C + Peptide 24 Face Moisturizer 30ml,2022-11-13,4235.13,41
Gonçalo Rodrigues,Italy,Clinique Smart Night Custom-Repair Moisturiser 30ml,2022-10-22,6824.01,208
Catarina Correia,France,Neutrogena Rapid Wrinkle Repair Retinol Cream 56.7g,2021-06-06,8921.01,108
Gonçalo Rodrigues,Netherlands,Bioderma Sebium Pore Refiner 100ml,2024-09-08,27597.64,323
Rodrigo Teixeira,Poland,Clinique Turnaround Overnight Revitalizing Moisturizer 56.7g,2023-05-07,4577.86,43
Martim Silva,Japan,REN Clean Skincare Overnight Glow Dark Spot Sleeping Cream 60ml,2021-09-14,3787.68,54
Rafael Pereira,France,Clinique Even Better Clinical Radical Dark Spot Corrector 200ml,2021-10-24,5310.14,137
Guilherme Neves,Thailand,Murad Oil-Control Mattifier SPF45 30g,2024-01-16,855.87,32
Rafael Pereira,Poland,COSRX Balancium B5 Biome Comfort Cream 250ml,2020-04-23,2739.09,65
Ana Ferreira,Indonesia,First Aid Beauty Ultra Repair Firming Collagen Cream 30ml,2020-08-04,5446.97,133
Diogo Rodrigues,Netherlands,Skinceuticals B5 Gel Hydrating Serum 50ml,2023-12-14,11448.78,147
Gonçalo Ferreira,Germany,The Ordinary Retinol 0.5% in Squalane 15ml,2022-06-07,7736.22,73
Tiago Gomes,Brazil,Neutrogena Hydro Boost Eye Gel-Cream 30g,2023-10-18,2012.36,20
Francisco Almeida,France,Paula's Choice EARTH SOURCED Antioxidant-Enriched Natural Moisturizer 340g,2020-04-24,3394.61,31
Margarida Teixeira,Indonesia,First Aid Beauty Ultra Repair Tinted Moisturizer SPF 30 20ml,2024-12-11,5657.85,66
Ana Ferreira,Sweden,Pixi Hydrating Milky Serum 40ml,2022-04-25,3090.0,65
Martim Ferreira,Colombia,Olay Total Effects 7-in-1 Moisturiser 40ml,2020-01-03,9346.05,96
Joana Teixeira,Thailand,Clinique Repairwear Laser Focus Eye Cream 200ml,2024-04-14,744.78,21
Gonçalo Ferreira,South Korea,Kiehl's Calendula Serum-Infused Water Cream 75ml,2023-11-21,34924.4,377
Laura Soares,United States,Bioderma Nodé Detox Shampoo 50ml,2022-11-10,4050.11,44
Leonor Coelho,Mexico,Clinique Even Better Clinical Radical Dark Spot Corrector 125ml,2021-10-13,631.07,12
Rodrigo Pinto,France,REN Clean Skincare Perfect Canvas Clean Primer 15ml,2024-12-21,3054.08,91
João Martins,Italy,Kiehl's Rare Earth Deep Pore Cleansing Masque 20ml,2022-05-13,4494.18,63
Beatriz Jesus,South Korea,Neutrogena Rapid Wrinkle Repair Retinol Cream 50ml,2023-08-10,3943.61,57
Laura Pereira,Colombia,CeraVe Skin Renewing Night Cream 30g,2023-01-19,4957.97,135
Rafael Pereira,Italy,Tatcha The Silk Cream 340g,2020-07-02,8637.03,184
Afonso Monteiro,Philippines,Drunk Elephant T.L.C. Framboos Glycolic Night Serum 40ml,2020-10-17,2003.26,27
Laura Carvalho,United States,Paula's Choice CLINICAL 1% Retinol Treatment 50ml,2022-11-09,836.56,33
Sara Fernandes,Singapore,La Roche-Posay Anthelios Invisible Fluid SPF50+ 200ml,2024-04-22,2286.25,56
Leonor Coelho,Netherlands,Avène Retrinal+ 0.1 Intensive Cream 250ml,2023-03-12,26208.83,452
Rodrigo Pereira,South Korea,CeraVe Skin Renewing Night Cream 150ml,2024-12-21,3208.23,61
Maria Correia,Canada,Clinique Moisture Surge 100H Auto-Replenishing Hydrator 75ml,2022-02-17,7469.55,81
João Martins,Singapore,Paula's Choice CLINICAL 1% Retinol Treatment 250ml,2023-08-04,821.74,36
Gonçalo Rodrigues,Thailand,Pixi Vitamin-C Juice Cleanser 200ml,2020-04-01,5871.0,197
Sara Mendes,Thailand,REN Clean Skincare Vita Mineral Active 7 Eye Gel 340g,2022-05-03,5259.24,90
Guilherme Neves,Thailand,Sunday Riley Luna Sleeping Night Oil 50ml,2024-05-31,14268.87,142
Margarida Marques,China,Kiehl's Ultra Facial Cream 30g,2021-10-11,13968.71,134
Pedro Cruz,China,Skinceuticals A.G.E. Eye Complex 60ml,2020-07-27,8388.97,138
Mariana Soares,Spain,First Aid Beauty Ultra Repair Firming Collagen Cream 200ml,2021-12-07,13117.71,282
Diogo Neves,France,Estée Lauder Advanced Night Repair Serum 125ml,2023-10-20,651.22,10
Carolina Vieira,Argentina,Estée Lauder DayWear Multi-Protection Anti-Oxidant 24H Moisturizer SPF15 125ml,2022-05-10,3785.01,57
Mariana Cruz,Indonesia,Paula's Choice CALM Redness Relief Moisturizer SPF 30 15ml,2022-04-27,13043.51,138
Carolina Vieira,South Korea,Drunk Elephant Lala Retro Whipped Cream 125ml,2024-04-07,1224.11,71
Margarida Silva,South Korea,Murad Retinol Youth Renewal Serum 30ml,2023-06-18,4130.22,132
Maria Coelho,Spain,Pixi Rose Ceramide Cream 125ml,2023-09-05,18887.0,275
Leonor Pinto,China,Pixi +C VIT Brightening Serum 250ml,2022-07-31,7208.36,190
Martim Ferreira,Netherlands,Kiehl's Calendula Serum-Infused Water Cream 30ml,2023-12-05,4756.02,44
Dinis Ferreira,Thailand,Paula's Choice CALM Redness Relief Moisturizer SPF 30 200ml,2022-05-10,1956.68,38
Tomás Almeida,Chile,Drunk Elephant Lala Retro Whipped Cream 340g,2022-02-20,8567.9,85
Diogo Costa,Argentina,The Ordinary Niacinamide 10% + Zinc 1% 20ml,2022-07-26,7275.16,179
Rodrigo Soares,Indonesia,Skinceuticals A.G.E. Eye Complex 100ml,2020-04-29,1898.31,40
Gonçalo Coelho,Italy,The Ordinary Natural Moisturising Factors + HA 340g,2020-01-21,5603.49,46
Lucas Costa,Poland,Avène Eau Thermale Spray 340g,2022-07-28,7410.31,113
Rafael Gomes,Chile,La Roche-Posay Lipikar Balm AP+ 50ml,2021-01-25,183.82,54
João Mendes,Spain,Avène Antirougeurs Jour Redness Relief Cream 40ml,2020-05-14,4276.93,71
Matilde Carvalho,Singapore,La Roche-Posay Retinol B3 Serum 200ml,2024-10-17,654.63,32
Maria Correia,Indonesia,Skinceuticals B5 Gel Hydrating Serum 56.7g,2022-06-15,1677.32,32
Ana Nunes,Sweden,Clinique Repairwear Laser Focus Eye Cream 30g,2021-02-21,5643.83,83
Pedro Ferreira,Japan,REN Clean Skincare Ready Steady Glow Daily AHA Tonic 15ml,2022-08-27,3492.64,43
Tomás Rodrigues,Indonesia,Avène Cicalfate+ Restorative Protective Cream 200ml,2021-10-21,3995.71,102
Laura Ribeiro,United States,Murad Retinol Youth Renewal Serum 340g,2021-11-28,43168.83,484
Leonor Coelho,Thailand,Avène Cicalfate+ Restorative Protective Cream 150ml,2020-02-29,1002.36,55
Ana Ferreira,Japan,REN Clean Skincare V-Cense Revitalising Eye Cream 250ml,2022-10-15,7669.67,80
Diogo Cardoso,Canada,Clinique Moisture Surge 100H Auto-Replenishing Hydrator 30g,2020-08-22,4701.3,60
Rafael Martins,Colombia,La Roche-Posay Toleriane Double Repair Moisturiser 56.7g,2023-04-06,7108.96,121
João Mendes,Germany,REN Clean Skincare V-Cense Revitalising Eye Cream 15ml,2022-12-29,5321.07,114
Maria Moreira,India,La Roche-Posay Toleriane Double Repair Moisturiser 15ml,2024-07-08,1341.21,17
Leonor Coelho,Italy,Sunday Riley Auto Correct Brightening and Depuffing Eye Contour Cream 40ml,2021-08-10,637.85,18
Mariana Teixeira,South Korea,Sunday Riley UFO Ultra-Clarifying Face Oil 40ml,2024-04-12,459.37,37
Diogo Ribeiro,Chile,COSRX Ultimate Moisturizing Honey Overnight Mask 75ml,2022-11-15,2700.15,33
Pedro Pereira,Indonesia,Pixi Retinol Tonic 60ml,2021-01-24,1176.45,55
Inês Monteiro,Japan,The Ordinary AHA 30% + BHA 2% Peeling Solution 30ml,2023-10-03,271.91,78
Mariana Cruz,Italy,Olay Eyes Ultimate Eye Cream 50ml,2020-02-13,11725.83,123
Diogo Cardoso,Singapore,CeraVe Eye Repair Cream 250ml,2022-07-18,35929.0,348
Mariana Cruz,Italy,Skinceuticals C E Ferulic Serum 15ml,2022-06-30,1245.02,13
Diogo Costa,Brazil,Estée Lauder Re-Nutriv Ultimate Lift Age-Correcting Crème 15ml,2023-09-14,2559.81,56
Dinis Silva,Brazil,Murad Vita-C Glycolic Brightening Serum 56.7g,2021-10-08,2442.76,95
Diogo Oliveira,Indonesia,The Ordinary AHA 30% + BHA 2% Peeling Solution 15ml,2020-05-13,8750.8,225
Rodrigo Pereira,Sweden,La Roche-Posay Hyalu B5 Serum 50ml,2023-04-19,15489.61,132
Margarida Pereira,Germany,Skinceuticals Phyto Corrective Gel 50ml,2021-12-21,4483.52,85
Tomás Almeida,Chile,First Aid Beauty Ultra Repair Tinted Moisturizer SPF 30 15ml,2022-02-04,4321.24,132
Diogo Cardoso,South Korea,Avène Cicalfate+ Restorative Protective Cream 50ml,2022-10-09,10557.93,117
Francisco Vieira,Brazil,COSRX AC Collection Lightweight Soothing Moisturizer 125ml,2020-06-05,3745.48,34
Rodrigo Cruz,Philippines,Sunday Riley C.E.O. 15% Vitamin C Brightening Serum 60ml,2024-10-11,1715.03,68
Diogo Cardoso,Philippines,Skinceuticals B5 Gel Hydrating Serum 100ml,2020-12-16,7201.97,102
Inês Ribeiro,China,Tatcha The Water Cream 340g,2022-09-07,551.35,84
Gonçalo Rodrigues,Mexico,Estée Lauder Micro Essence Skin Activating Treatment Lotion 40ml,2024-10-10,1161.07,12
Leonor Martins,United States,Estée Lauder Revitalizing Supreme+ Moisturizer 56.7g,2021-07-22,9708.07,117
Inês Martins,United States,Pixi +C VIT Brightening Serum 20ml,2020-12-17,10705.39,298
Catarina Correia,Spain,La Roche-Posay Effaclar Mat Moisturiser 150ml,2021-01-13,12343.38,148
Francisco Fernandes,United Kingdom,Olay Eyes Ultimate Eye Cream 40ml,2022-11-04,3656.55,45
Catarina Martins,Germany,La Roche-Posay Toleriane Double Repair Moisturiser 56.7g,2022-12-29,4394.58,49
Mariana Martins,Brazil,Paula's Choice SKIN RECOVERY Replenishing Moisturizer 340g,2024-12-27,10983.08,106
Diogo Cardoso,Poland,Neutrogena Cellular Boost Concentrate Serum 100ml,2022-04-03,9404.17,111
Inês Ribeiro,Canada,Neutrogena Norwegian Formula Face Cream 30ml,2023-10-05,4126.74,44
Leonor Coelho,Japan,Sunday Riley Luna Sleeping Night Oil 200ml,2021-01-03,23280.89,291
Martim Cardoso,Singapore,Sunday Riley Good Genes All-In-One Lactic Acid Treatment 60ml,2021-06-17,2733.01,132
João Cardoso,United States,Olay Regenerist Collagen Peptide24 Serum 56.7g,2021-09-01,1138.74,110
Maria Ferreira,Canada,Pixi Hydrating Milky Serum 15ml,2021-12-03,8928.52,101
Diogo Neves,Brazil,Skinceuticals A.G.E. Eye Complex 56.7g,2020-12-16,5969.1,101
Afonso Almeida,South Korea,Paula's Choice DEFENSE Antioxidant Pore Purifier 150ml,2024-09-28,418.97,49
Afonso Rocha,Mexico,Clinique Take The Day Off Cleansing Balm 30g,2023-07-11,3157.69,29
Afonso Neves,Thailand,First Aid Beauty Eye Duty Triple Remedy AM Gel Cream 250ml,2020-09-06,4293.8,70
Leonor Coelho,Sweden,First Aid Beauty Ultra Repair Cream 15ml,2022-10-05,3125.86,52
Sofia Carvalho,Indonesia,COSRX Advanced Snail 92 All in One Cream 15ml,2023-12-07,18781.65,306
Miguel Martins,United Kingdom,Bioderma Pigmentbio C-Concentrate Brightening Serum 15ml,2022-10-28,1646.58,19
Afonso Vieira,Colombia,Tatcha The Clarifying Clay Mask 60ml,2022-08-22,5017.74,55
Catarina Jesus,Chile,CeraVe Healing Ointment 150ml,2022-12-16,5210.5,47
Diogo Rocha,Mexico,Bioderma Hydrabio Gel-Crème 30g,2021-08-10,2877.44,119
Catarina Neves,United States,Avène Cleanance Expert Emulsion 30ml,2023-12-07,30679.94,379
Ana Vieira,United States,Sunday Riley Saturn Sulfur Acne Treatment Mask 20ml,2023-01-23,3544.82,111
João Vieira,Sweden,The Ordinary Salicylic Acid 2% Solution 40ml,2024-08-26,1891.08,51
Lucas Ribeiro,Japan,Estée Lauder Micro Essence Skin Activating Treatment Lotion 30ml,2023-04-07,3266.49,41
Sofia Mendes,Indonesia,Estée Lauder Micro Essence Skin Activating Treatment Lotion 60ml,2024-10-12,1775.79,23
Margarida Pereira,Brazil,Estée Lauder Revitalizing Supreme+ Moisturizer 60ml,2020-07-25,153.99,16
Rodrigo Cruz,Colombia,Tatcha The Water Cream 20ml,2020-04-16,9390.81,100
Dinis Pereira,China,Tatcha The Silk Cream 200ml,2020-02-29,2062.23,42
João Costa,Japan,First Aid Beauty Ultra Repair Tinted Moisturizer SPF 30 56.7g,2021-08-29,10016.2,86
Gonçalo Ribeiro,Brazil,Skinceuticals Discoloration Defense Serum 56.7g,2020-06-07,6063.66,96
Diogo Costa,Singapore,REN Clean Skincare Overnight Glow Dark Spot Sleeping Cream 15ml,2023-12-27,263.41,30
Ana Moreira,Sweden,Drunk Elephant F-Balm Electrolyte Waterbalm 340g,2024-01-31,18654.1,214
Sofia Mendes,Germany,CeraVe Renewing SA Cream 15ml,2023-06-24,31323.09,309
Sofia Rodrigues,Colombia,La Roche-Posay Effaclar Mat Moisturiser 125ml,2024-07-28,5020.96,126
Afonso Pereira,Colombia,Pixi Vitamin-C Juice Cleanser 30ml,2022-07-24,11130.7,411
Diogo Rodrigues,Italy,Drunk Elephant F-Balm Electrolyte Waterbalm 250ml,2021-03-22,2187.27,30
Tomás Correia,Philippines,Sunday Riley Luna Sleeping Night Oil 100ml,2020-04-29,3326.39,54
Beatriz Marques,Argentina,First Aid Beauty FAB Skin Lab Resurfacing Liquid 10% AHA 15ml,2021-06-02,4894.88,52
Gonçalo Almeida,Colombia,Avène Cleanance Expert Emulsion 30ml,2021-08-02,4659.13,49
Matilde Moreira,Netherlands,COSRX Advanced Snail 92 All in One Cream 40ml,2024-08-30,636.52,75
João Martins,United States,Tatcha The Eye Concentrate 56.7g,2020-10-09,8286.89,268
Mariana Cruz,Germany,REN Clean Skincare Vita Mineral Active 7 Eye Gel 100ml,2023-11-26,1621.57,23
Diogo Rocha,Canada,Drunk Elephant T.L.C. Framboos Glycolic Night Serum 30g,2022-07-10,4309.23,53
Sara Mendes,South Korea,Skinceuticals B5 Gel Hydrating Serum 30ml,2022-09-02,4537.4,147
Leonor Jesus,Colombia,Murad Vita-C Glycolic Brightening Serum 60ml,2021-10-07,3810.32,51
Francisco Mendes,Italy,Neutrogena Hydro Boost Eye Gel-Cream 30ml,2020-12-26,1918.26,62
Mariana Neves,Sweden,La Roche-Posay Anthelios Invisible Fluid SPF50+ 60ml,2022-06-26,19022.47,237
Rodrigo Soares,China,Murad Cellular Hydration Barrier Repair Cream 125ml,2023-03-13,572.46,15
Dinis Pereira,United Kingdom,Sunday Riley Saturn Sulfur Acne Treatment Mask 40ml,2021-02-19,831.94,32
Ana Moreira,Japan,COSRX AHA/BHA Clarifying Treatment Toner 20ml,2020-05-30,13137.46,160
Afonso Jesus,Sweden,CeraVe Skin Renewing Night Cream 200ml,2021-11-27,15226.88,142
Ana Ferreira,Canada,Drunk Elephant F-Balm Electrolyte Waterbalm 30g,2021-12-02,5879.94,149
Diogo Oliveira,Indonesia,Bioderma Sensibio Light Soothing Cream 340g,2024-12-14,281.26,83
Inês Cruz,China,Estée Lauder Resilience Lift Firming & Sculpting Eye Cream 125ml,2020-05-19,7452.33,66
Afonso Rocha,South Korea,Estée Lauder Revitalizing Supreme+ Moisturizer 75ml,2020-11-06,32484.93,354
Joana Costa,France,Drunk Elephant C-Firma Fresh Day Serum 150ml,2021-09-23,2570.11,129
João Cardoso,Argentina,La Roche-Posay Toleriane Double Repair Moisturiser 40ml,2021-12-01,238.46,35
Lucas Rodrigues,Poland,Drunk Elephant B-Hydra Intensive Hydration Serum 30g,2021-01-10,3094.59,34
Maria Coelho,Mexico,La Roche-Posay Hyalu B5 Serum 200ml,2021-04-25,2219.74,51
Dinis Silva,Brazil,The Ordinary AHA 30% + BHA 2% Peeling Solution 30g,2023-04-21,535.94,29
Matilde Carvalho,South Korea,Kiehl's Midnight Recovery Concentrate 30ml,2024-06-29,2348.64,124
Joana Teixeira,Brazil,Bioderma Sebium Pore Refiner 250ml,2022-11-15,17858.37,171
Matilde Moreira,China,The Ordinary Retinol 0.5% in Squalane 200ml,2022-03-21,10188.56,125
Rafael Gomes,Poland,The Ordinary Natural Moisturising Factors + HA 56.7g,2023-05-07,665.6,51
Inês Ferreira,China,Tatcha The Clarifying Clay Mask 100ml,2021-08-06,9007.3,125
Lucas Rodrigues,Mexico,Pixi Vitamin-C Juice Cleanser 200ml,2023-12-19,20332.17,226
Ana Moreira,Philippines,CeraVe Skin Renewing Night Cream 340g,2024-05-25,3180.96,41
Diogo Costa,Chile,First Aid Beauty Pure Skin Face Cleanser 75ml,2024-12-10,1300.76,52
Afonso Monteiro,Argentina,Bioderma Sebium Pore Refiner 250ml,2024-06-06,13273.25,177
João Nunes,Canada,La Roche-Posay Effaclar Mat Moisturiser 15ml,2020-05-18,246.63,17
Rodrigo Moreira,Argentina,Kiehl's Calendula Serum-Infused Water Cream 340g,2021-12-19,3569.91,44
Rafael Martins,Singapore,Paula's Choice DEFENSE Antioxidant Pore Purifier 60ml,2020-02-11,1161.33,69
Joana Oliveira,United States,Skinceuticals Metacell Renewal B3 100ml,2024-03-23,255.09,19
João Cardoso,Colombia,Drunk Elephant F-Balm Electrolyte Waterbalm 60ml,2022-06-18,4919.98,42
Rafael Mendes,Thailand,Estée Lauder Micro Essence Skin Activating Treatment Lotion 30g,2024-06-04,2821.59,50
Ana Vieira,South Korea,Clinique Smart Night Custom-Repair Moisturiser 125ml,2024-06-10,1025.74,112
Dinis Carvalho,Chile,Murad Cellular Hydration Barrier Repair Cream 30g,2021-09-17,10135.03,119
Afonso Jesus,Canada,CeraVe Skin Renewing Night Cream 30ml,2023-08-11,3885.91,81
Martim Ferreira,China,Sunday Riley C.E.O. 15% Vitamin C Brightening Serum 200ml,2021-06-08,11015.17,191
Martim Marques,Canada,Bioderma Sebium Pore Refiner 40ml,2021-02-05,1933.98,35
Joana Santos,Philippines,Sunday Riley Good Genes All-In-One Lactic Acid Treatment 200ml,2022-12-24,9499.78,149
Lucas Rodrigues,France,Avène Antirougeurs Jour Redness Relief Cream 60ml,2020-11-06,3649.76,73
Tomás Rodrigues,Germany,Murad Hydro-Dynamic Ultimate Moisture 150ml,2023-09-23,11773.26,125
Catarina Neves,Spain,Tatcha The Dewy Skin Cream 150ml,2022-04-21,548.87,95
Mariana Teixeira,South Korea,Estée Lauder DayWear Multi-Protection Anti-Oxidant 24H Moisturizer SPF15 340g,2022-11-06,9082.85,92
Beatriz Jesus,China,Avène Cicalfate+ Restorative Protective Cream 125ml,2022-10-26,2360.12,149
Sara Almeida,Italy,Estée Lauder DayWear Multi-Protection Anti-Oxidant 24H Moisturizer SPF15 60ml,2024-04-20,926.83,136
João Nunes,Argentina,Tatcha The Eye Concentrate 150ml,2022-09-05,557.49,18
Catarina Correia,United Kingdom,First Aid Beauty KP Bump Eraser Body Scrub 40ml,2022-12-21,31165.5,311
Ana Ferreira,Indonesia,Estée Lauder Revitalizing Supreme+ Moisturizer 250ml,2021-02-16,3161.49,149
João Vieira,Canada,REN Clean Skincare Overnight Glow Dark Spot Sleeping Cream 56.7g,2021-09-21,13283.56,116
João Martins,Colombia,First Aid Beauty KP Bump Eraser Body Scrub 40ml,2021-06-27,7654.06,360
Rafael Vieira,Spain,Paula's Choice DEFENSE Antioxidant Pore Purifier 56.7g,2020-12-10,2096.47,26
Rodrigo Pinto,Colombia,Paula's Choice SKIN RECOVERY Replenishing Moisturizer 15ml,2021-05-21,1689.79,50
Afonso Martins,Poland,Paula's Choice CLINICAL 1% Retinol Treatment 50ml,2023-11-12,5711.51,78
Beatriz Jesus,Italy,Paula's Choice SKIN RECOVERY Replenishing Moisturizer 15ml,2023-02-08,4320.62,84
Mariana Mendes,Thailand,CeraVe Moisturising Cream 100ml,2024-05-20,8017.88,86
Afonso Almeida,Germany,The Ordinary Niacinamide 10% + Zinc 1% 20ml,2023-07-10,20223.37,279
Guilherme Costa,South Korea,First Aid Beauty Ultra Repair Firming Collagen Cream 56.7g,2022-05-03,3433.43,56
Gonçalo Ribeiro,Spain,Skinceuticals A.G.E. Eye Complex 40ml,2020-10-12,8563.18,118
Diogo Cardoso,Mexico,Pixi +C VIT Brightening Serum 250ml,2024-12-22,4759.61,97
Laura Soares,Germany,Skinceuticals Physical Fusion UV Defense SPF 50 30g,2020-06-05,6591.57,157
Mariana Soares,Spain,COSRX Full Fit Propolis Light Cream 20ml,2021-10-10,52659.79,457
Francisco Mendes,Thailand,Estée Lauder DayWear Multi-Protection Anti-Oxidant 24H Moisturizer SPF15 30g,2024-07-11,9774.24,98
Rodrigo Pereira,Italy,Murad Brightening Booster 30ml,2022-05-02,31246.22,311
Rodrigo Soares,Spain,Neutrogena Hydro Boost Water Gel 250ml,2023-10-15,6335.98,64
João Nunes,Thailand,Drunk Elephant C-Firma Fresh Day Serum 20ml,2022-07-08,26212.8,338
Afonso Rocha,Netherlands,Bioderma Hydrabio Gel-Crème 340g,2021-10-29,2842.97,78
Francisco Almeida,Canada,Avène PhysioLift Night Smoothing Balm 200ml,2023-03-30,4496.42,155
Clara Ferreira,Poland,Olay Super Serum 5-in-1 75ml,2021-11-28,15068.96,303
Tiago Cardoso,Thailand,La Roche-Posay Toleriane Double Repair Moisturiser 56.7g,2021-08-30,6461.11,76
Dinis Ferreira,Singapore,Avène Antirougeurs Jour Redness Relief Cream 50ml,2020-08-26,4463.85,96
Laura Pereira,Indonesia,La Roche-Posay Retinol B3 Serum 125ml,2024-04-06,7894.19,113
Mariana Neves,Japan,The Ordinary AHA 30% + BHA 2% Peeling Solution 60ml,2021-02-19,1420.15,74
Carolina Marques,Chile,Avène Retrinal+ 0.1 Intensive Cream 125ml,2020-09-15,6508.06,101
Dinis Ferreira,Indonesia,Bioderma Sensibio Light Soothing Cream 340g,2020-01-20,7859.6,141
Matilde Cruz,China,Estée Lauder Micro Essence Skin Activating Treatment Lotion 150ml,2021-11-19,281.42,21
Maria Moreira,Philippines,Pixi Overnight Glow Serum 30ml,2023-01-16,3238.07,29
Diogo Costa,United States,Estée Lauder Resilience Lift Firming & Sculpting Eye Cream 15ml,2024-03-15,10598.45,111
Margarida Oliveira,South Korea,Pixi Glow Tonic 100ml,2023-10-16,17083.97,249
Maria Coelho,Brazil,Sunday Riley C.E.O. 15% Vitamin C Brightening Serum 340g,2020-02-07,11527.03,133
Leonor Marques,Brazil,Bioderma Sensibio Light Soothing Cream 150ml,2020-01-13,397.25,17
Joana Costa,United States,REN Clean Skincare Overnight Glow Dark Spot Sleeping Cream 250ml,2021-09-07,10899.98,209
Sofia Rodrigues,South Korea,Neutrogena Rapid Wrinkle Repair Retinol Cream 100ml,2022-08-26,32132.73,304
Sara Almeida,Mexico,Estée Lauder Advanced Night Repair Serum 30ml,2023-03-23,10244.89,304
Leonor Jesus,China,Kiehl's Powerful-Strength Line-Reducing Concentrate 15ml,2022-04-01,8696.64,81
Afonso Rocha,Chile,Skinceuticals B5 Gel Hydrating Serum 340g,2020-11-15,10270.14,97
Diogo Rocha,Germany,Neutrogena Hydro Boost Eye Gel-Cream 200ml,2022-11-11,2736.63,30
Martim Silva,United States,Sunday Riley Luna Sleeping Night Oil 30ml,2020-12-29,6757.06,122
Tomás Ribeiro,Netherlands,Neutrogena Hydro Boost Water Gel 75ml,2020-06-18,6420.55,370
Rodrigo Pereira,United States,Murad AHA/BHA Exfoliating Cleanser 250ml,2022-07-13,1762.83,129
Lucas Rodrigues,Colombia,La Roche-Posay Hyalu B5 Serum 100ml,2024-04-12,2723.13,56
Inês Cardoso,Philippines,Skinceuticals Metacell Renewal B3 56.7g,2021-03-12,1259.83,47
Gonçalo Fernandes,United States,Bioderma Hydrabio Gel-Crème 50ml,2020-05-23,2956.84,54
Afonso Vieira,United Kingdom,Sunday Riley Auto Correct Brightening and Depuffing Eye Contour Cream 100ml,2020-07-29,8026.16,67
Dinis Monteiro,China,Estée Lauder Revitalizing Supreme+ Moisturizer 40ml,2022-10-06,4914.16,307
Rafael Neves,Japan,Pixi Rose Ceramide Cream 60ml,2022-02-22,2675.92,51
Mariana Soares,Brazil,REN Clean Skincare Perfect Canvas Clean Primer 250ml,2023-07-19,20315.58,359
Miguel Marques,South Korea,Estée Lauder Nutritious Super-Pomegranate Radiant Energy Eye Jelly 50ml,2024-04-12,5529.44,94
Afonso Monteiro,Chile,Paula's Choice SKIN PERFECTING 2% BHA Liquid Exfoliant 50ml,2022-12-13,4865.25,103
Rafael Pereira,South Korea,First Aid Beauty Ultra Repair Tinted Moisturizer SPF 30 40ml,2022-11-27,8966.64,251
Afonso Jesus,Brazil,Drunk Elephant Lala Retro Whipped Cream 15ml,2020-04-26,13954.58,122
Gonçalo Ribeiro,Singapore,Clinique All About Eyes Rich 150ml,2023-01-20,737.16,109
Francisco Coelho,South Korea,Tatcha The Dewy Skin Cream 150ml,2021-02-09,6731.64,78
Gonçalo Almeida,Indonesia,Avène PhysioLift Night Smoothing Balm 40ml,2020-03-08,5037.42,49
Martim Marques,Spain,Skinceuticals Phyto Corrective Gel 125ml,2020-05-20,9031.82,88
Afonso Monteiro,Indonesia,Estée Lauder Revitalizing Supreme+ Moisturizer 250ml,2024-10-15,9127.08,97
Ana Ferreira,Germany,Bioderma Atoderm Intensive Baume 200ml,2024-12-30,10937.92,220
Ana Monteiro,United States,Pixi Retinol Tonic 50ml,2023-02-27,1299.43,16
Francisco Mendes,Singapore,Clinique Take The Day Off Cleansing Balm 75ml,2020-01-29,14469.54,345
Afonso Martins,Brazil,Bioderma Hydrabio Gel-Crème 150ml,2023-07-27,3763.98,146
Ana Ferreira,Argentina,REN Clean Skincare Evercalm Global Protection Day Cream 50ml,2021-03-03,901.7,61
Tomás Rodrigues,United Kingdom,Paula's Choice EARTH SOURCED Antioxidant-Enriched Natural Moisturizer 50ml,2020-01-05,1096.3,90
Sofia Gomes,Poland,Estée Lauder Nutritious Super-Pomegranate Radiant Energy Eye Jelly 75ml,2021-01-11,1314.83,135
Diogo Costa,Germany,The Ordinary Natural Moisturising Factors + HA 250ml,2022-04-11,6706.41,65
Tomás Correia,Mexico,Drunk Elephant F-Balm Electrolyte Waterbalm 60ml,2022-10-17,18100.07,214
Dinis Monteiro,Canada,Bioderma Sensibio Light Soothing Cream 15ml,2023-11-29,4194.09,66
Dinis Pereira,India,Bioderma Cicabio Arnica+ Repairing Cream 15ml,2021-08-02,1566.25,62
Sofia Gomes,Canada,Sunday Riley C.E.O. 15% Vitamin C Brightening Serum 30ml,2023-08-12,7629.91,85
Diogo Martins,United Kingdom,Estée Lauder Re-Nutriv Ultimate Lift Age-Correcting Crème 150ml,2022-01-26,6000.26,131
Rafael Gomes,Colombia,REN Clean Skincare V-Cense Revitalising Eye Cream 200ml,2021-09-01,15697.35,238
Inês Ferreira,Japan,Bioderma Pigmentbio C-Concentrate Brightening Serum 20ml,2023-03-21,3098.05,52
Pedro Pereira,Sweden,Pixi Glow Tonic 100ml,2020-04-14,2596.18,109
Miguel Ferreira,Italy,COSRX Balancium B5 Biome Comfort Cream 30ml,2023-09-25,11742.0,389
Afonso Martins,Spain,Kiehl's Calendula Serum-Infused Water Cream 100ml,2024-06-16,8454.52,115
Margarida Cardoso,India,Avène Cleanance Expert Emulsion 200ml,2024-12-25,5203.7,118
Afonso Oliveira,Sweden,Neutrogena Cellular Boost Concentrate Serum 30ml,2022-08-25,6635.22,216
Diogo Cardoso,Singapore,Clinique Repairwear Laser Focus Eye Cream 150ml,2021-10-25,1354.59,18
Tiago Gomes,Italy,Skinceuticals A.G.E. Eye Complex 150ml,2020-01-26,3626.16,61
Rafael Mendes,Brazil,Avène Eau Thermale Spray 340g,2021-12-09,9610.37,107
João Mendes,South Korea,Skinceuticals A.G.E. Eye Complex 30ml,2020-03-02,4126.7,39
Rafael Martins,South Korea,Murad Retinol Youth Renewal Serum 250ml,2021-02-04,5590.19,81
Pedro Cruz,Brazil,Avène Cleanance Expert Emulsion 20ml,2021-10-13,3547.63,43
Sara Fernandes,India,Neutrogena Cellular Boost Concentrate Serum 40ml,2021-03-28,9678.73,94
Martim Pinto,Sweden,Tatcha The Dewy Skin Cream 150ml,2022-08-17,656.09,108
Margarida Teixeira,Sweden,First Aid Beauty Ultra Repair Tinted Moisturizer SPF 30 56.7g,2021-12-10,4961.14,66
Afonso Martins,Spain,Paula's Choice SKIN RECOVERY Replenishing Moisturizer 15ml,2020-08-26,1823.71,25
Diogo Oliveira,Colombia,Neutrogena Norwegian Formula Face Cream 340g,2020-11-24,9027.41,110
Gonçalo Ferreira,Thailand,Olay Super Serum 5-in-1 40ml,2024-01-11,5852.87,164
Laura Ribeiro,Italy,The Ordinary Glycolic Acid 7% Toning Solution 250ml,2024-06-04,11743.79,119
Sara Fernandes,Thailand,La Roche-Posay Toleriane Hydrating Gentle Cleanser 125ml,2020-03-11,131.36,17
Rafael Mendes,Argentina,Olay Regenerist Micro-Sculpting Cream 200ml,2022-03-11,4514.14,42
Maria Coelho,Italy,Clinique All About Eyes Rich 20ml,2020-12-16,18845.35,351
Margarida Oliveira,South Korea,Murad Brightening Booster 125ml,2022-10-05,21843.52,236
Martim Ferreira,South Korea,Kiehl's Midnight Recovery Concentrate 340g,2023-02-14,4009.9,105
Catarina Neves,Philippines,Drunk Elephant C-Firma Fresh Day Serum 150ml,2021-03-11,33080.01,289
Inês Cruz,France,First Aid Beauty Eye Duty Triple Remedy AM Gel Cream 100ml,2023-12-22,2865.5,84
Gonçalo Ferreira,Brazil,Olay Total Effects 7-in-1 Moisturiser 20ml,2021-01-16,6064.67,323
Margarida Pereira,Thailand,Murad Hydro-Dynamic Ultimate Moisture 60ml,2022-12-02,6202.8,89
Carolina Marques,Argentina,COSRX Ultimate Moisturizing Honey Overnight Mask 20ml,2022-05-04,27525.47,344
Tomás Rodrigues,China,CeraVe Skin Renewing Night Cream 56.7g,2023-06-15,5850.43,59
Dinis Pereira,Canada,La Roche-Posay Hyalu B5 Serum 15ml,2020-04-18,2196.74,47
Sara Ferreira,Brazil,Murad AHA/BHA Exfoliating Cleanser 75ml,2024-02-16,3177.3,255
Rafael Martins,Canada,Neutrogena Hydro Boost Water Gel 60ml,2021-09-20,10876.59,115
Beatriz Marques,United Kingdom,Bioderma Sebium Pore Refiner 200ml,2020-06-05,163.4,28
Catarina Neves,Poland,First Aid Beauty Ultra Repair Cream 20ml,2022-06-21,4920.72,48
Laura Pereira,China,COSRX AC Collection Lightweight Soothing Moisturizer 200ml,2020-09-12,2816.93,27
Laura Soares,Chile,Neutrogena Norwegian Formula Face Cream 125ml,2021-07-24,8753.43,221
Mariana Mendes,Netherlands,Kiehl's Midnight Recovery Concentrate 200ml,2024-04-29,8040.97,93
Ana Teixeira,Poland,Sunday Riley Auto Correct Brightening and Depuffing Eye Contour Cream 75ml,2022-07-30,20566.35,266
Carolina Silva,United Kingdom,COSRX Advanced Snail 92 All in One Cream 100ml,2023-11-08,45084.88,449
Afonso Pereira,Germany,Pixi Vitamin-C Juice Cleanser 30g,2024-08-15,3662.47,382
Maria Coelho,Philippines,Pixi Skintreats Rose Caviar Eye Cream 250ml,2023-01-19,2384.28,73
Diogo Rodrigues,Sweden,Avène Retrinal+ 0.1 Intensive Cream 125ml,2023-10-27,7677.71,110
Diogo Martins,Singapore,Drunk Elephant A-Passioni Retinol Cream 56.7g,2022-01-01,4051.95,45
Inês Ferreira,France,Kiehl's Rare Earth Deep Pore Cleansing Masque 50ml,2023-09-15,10674.57,103
Sofia Nunes,Argentina,Sunday Riley Ice Ceramide Moisturizing Cream 100ml,2021-02-06,4482.1,41
Miguel Martins,China,Kiehl's Calendula Serum-Infused Water Cream 15ml,2021-06-14,1576.05,46
Francisco Coelho,Thailand,Drunk Elephant A-Passioni Retinol Cream 15ml,2020-10-02,1793.06,24
Francisco Mendes,Thailand,The Ordinary Buffet Multi-Technology Peptide Serum 30ml,2022-09-04,1227.17,12
Lucas Costa,Sweden,Murad Oil-Control Mattifier SPF45 30g,2023-07-05,3670.73,108
Margarida Mendes,Argentina,Skinceuticals Discoloration Defense Serum 30ml,2023-05-20,375.1,25
Rafael Gomes,Canada,Skinceuticals C E Ferulic Serum 50ml,2022-08-08,9445.09,133
Ana Moreira,China,Murad AHA/BHA Exfoliating Cleanser 75ml,2023-05-12,7759.17,86
Afonso Martins,Singapore,REN Clean Skincare Clean Screen Mineral SPF30 125ml,2024-01-06,1361.25,81
Mariana Mendes,Philippines,Estée Lauder Advanced Night Repair Serum 60ml,2021-02-19,5973.92,125
Rafael Pereira,Italy,Skinceuticals Phyto Corrective Gel 125ml,2021-09-27,563.76,16
Maria Ferreira,Mexico,Murad Cellular Hydration Barrier Repair Cream 30g,2020-05-05,976.65,15
Guilherme Costa,Brazil,Avène Cleanance Expert Emulsion 20ml,2020-06-21,5125.35,77
Miguel Marques,China,La Roche-Posay Lipikar Balm AP+ 40ml,2021-03-12,1201.47,67
Carolina Silva,Japan,Pixi Overnight Glow Serum 100ml,2021-07-05,461.97,48
Rafael Gomes,Spain,Murad Vita-C Glycolic Brightening Serum 100ml,2024-07-02,1305.73,137
Inês Cardoso,South Korea,First Aid Beauty Hello FAB Coconut Skin Smoothie Priming Moisturizer 15ml,2020-12-30,12854.33,138
Sofia Martins,Italy,Kiehl's Clearly Corrective Dark Spot Solution 250ml,2022-09-10,2842.94,51
Afonso Neves,Italy,REN Clean Skincare Ready Steady Glow Daily AHA Tonic 30ml,2022-06-10,2295.07,42
Matilde Cruz,United States,First Aid Beauty Ultra Repair Firming Collagen Cream 100ml,2021-11-07,2559.39,39
Miguel Rocha,Japan,Sunday Riley Ice Ceramide Moisturizing Cream 30g,2023-12-19,1692.71,18
Gonçalo Rodrigues,India,Bioderma Sensibio H2O Micellar Water 30g,2023-07-30,11293.13,110
Pedro Santos,United States,REN Clean Skincare Perfect Canvas Clean Primer 30g,2021-09-14,7959.01,123
João Martins,Colombia,COSRX Oil-Free Ultra-Moisturizing Lotion 250ml,2024-05-06,5216.46,103
Rodrigo Pereira,Argentina,Drunk Elephant C-Firma Fresh Day Serum 100ml,2024-01-08,8846.23,322
Tiago Gomes,Netherlands,Bioderma Sensibio Light Soothing Cream 40ml,2023-10-07,6263.2,77
João Nunes,Chile,Estée Lauder Re-Nutriv Ultimate Lift Age-Correcting Crème 150ml,2020-09-16,13853.41,143
Laura Fernandes,Italy,CeraVe Hydrating Cleanser 60ml,2024-03-16,204.55,32
Catarina Jesus,Argentina,REN Clean Skincare Ready Steady Glow Daily AHA Tonic 56.7g,2024-10-16,1092.48,34
João Neves,Indonesia,COSRX Advanced Snail 96 Mucin Power Essence 125ml,2022-04-11,11891.84,272
Catarina Martins,Netherlands,Neutrogena Hydro Boost Eye Gel-Cream 75ml,2024-07-12,1124.73,62
Mariana Soares,Colombia,Skinceuticals Triple Lipid Restore 2:4:2 20ml,2020-05-07,3606.58,122
João Costa,United States,Bioderma Cicabio Arnica+ Repairing Cream 75ml,2021-02-17,15017.96,176
Matilde Cruz,United States,Neutrogena Oil-Free Acne Wash 200ml,2024-09-25,2151.64,43
Ana Moreira,Sweden,First Aid Beauty Ultra Repair Cream 30ml,2022-08-02,13016.56,265
Lucas Santos,Brazil,Sunday Riley Good Genes All-In-One Lactic Acid Treatment 15ml,2021-12-22,3046.74,30
Leonor Rodrigues,United States,Neutrogena Cellular Boost Concentrate Serum 75ml,2021-06-08,1930.8,28
Guilherme Neves,Sweden,Sunday Riley Ice Ceramide Moisturizing Cream 30g,2022-04-27,11377.42,118
Lucas Costa,Colombia,Olay Total Effects 7-in-1 Moisturiser 50ml,2024-07-18,7095.99,179
Tomás Correia,Canada,REN Clean Skincare Evercalm Global Protection Day Cream 200ml,2021-06-13,994.71,145
Carolina Marques,Chile,Paula's Choice CLINICAL 1% Retinol Treatment 30ml,2022-10-15,9016.48,107
Diogo Monteiro,Poland,Sunday Riley Auto Correct Brightening and Depuffing Eye Contour Cream 125ml,2024-04-12,15764.01,191
Rodrigo Cruz,Sweden,Pixi Glow Tonic 60ml,2023-10-20,12357.02,116
Miguel Marques,Brazil,REN Clean Skincare Ready Steady Glow Daily AHA Tonic 15ml,2020-05-03,5726.2,236
Afonso Jesus,Chile,Clinique Even Better Clinical Radical Dark Spot Corrector 250ml,2023-08-05,3538.06,48
Sofia Martins,Spain,Kiehl's Midnight Recovery Concentrate 30g,2023-06-19,4522.58,95
Martim Ferreira,Italy,REN Clean Skincare Ready Steady Glow Daily AHA Tonic 125ml,2024-10-24,1532.53,17
Sara Ferreira,Thailand,Kiehl's Creamy Eye Treatment with Avocado 20ml,2022-06-27,198.38,24
João Neves,Thailand,Skinceuticals Phyto Corrective Gel 30ml,2022-06-03,5795.05,62
Miguel Ferreira,Spain,Avène Cleanance Expert Emulsion 340g,2024-01-06,29799.18,352
Mariana Martins,United States,Pixi Skintreats Rose Caviar Eye Cream 340g,2020-01-09,6135.62,168
Matilde Cruz,Poland,Avène XeraCalm A.D Lipid-Replenishing Cream 60ml,2024-03-12,2308.33,38
Tomás Coelho,Indonesia,Paula's Choice CLINICAL 1% Retinol Treatment 30ml,2024-07-06,774.1,86
Laura Costa,Indonesia,REN Clean Skincare Perfect Canvas Clean Primer 30ml,2020-03-02,5210.66,182
Rodrigo Moreira,Thailand,COSRX Oil-Free Ultra-Moisturizing Lotion 60ml,2021-09-07,8139.27,147
Beatriz Ferreira,Sweden,Paula's Choice DEFENSE Antioxidant Pore Purifier 250ml,2024-11-25,4976.98,80
Catarina Martins,Italy,Bioderma Hydrabio Gel-Crème 150ml,2024-11-02,7538.06,79
Lucas Coelho,Brazil,Skinceuticals Phyto Corrective Gel 100ml,2021-12-15,21017.56,237
Margarida Oliveira,Argentina,The Ordinary Glycolic Acid 7% Toning Solution 100ml,2020-06-16,2375.37,65
Gonçalo Fernandes,Spain,CeraVe Renewing SA Cream 56.7g,2021-08-09,7238.69,131
Carolina Vieira,Argentina,The Ordinary Hyaluronic Acid 2% + B5 40ml,2023-01-20,3883.85,285
Mariana Teixeira,South Korea,CeraVe Skin Renewing Night Cream 15ml,2022-12-10,12262.66,207
Margarida Mendes,Canada,Paula's Choice RESIST Anti-Aging Clear Skin Hydrator 75ml,2024-12-10,18794.57,240
Catarina Martins,France,Avène Cicalfate+ Restorative Protective Cream 60ml,2020-01-29,11754.02,146
Ana Monteiro,Mexico,Drunk Elephant T.L.C. Framboos Glycolic Night Serum 200ml,2021-04-09,4083.49,116
Margarida Marques,India,La Roche-Posay Toleriane Hydrating Gentle Cleanser 150ml,2023-04-29,7198.59,115
João Cardoso,Singapore,Avène Cleanance Expert Emulsion 50ml,2021-01-15,5141.08,101
Margarida Marques,Japan,COSRX Balancium B5 Biome Comfort Cream 150ml,2023-05-24,6844.2,118
Clara Ferreira,Sweden,Avène Retrinal+ 0.1 Intensive Cream 15ml,2024-04-05,732.36,24
Pedro Ferreira,Netherlands,Drunk Elephant T.L.C. Framboos Glycolic Night Serum 56.7g,2022-05-18,726.72,71
Pedro Pereira,Singapore,Bioderma Cicabio Arnica+ Repairing Cream 340g,2021-09-06,3998.43,52
Mariana Soares,Philippines,Kiehl's Creamy Eye Treatment with Avocado 50ml,2024-04-07,5512.43,70
Maria Ferreira,Netherlands,Olay Luminous Whip Face Moisturiser 340g,2023-07-10,3496.52,34
Rodrigo Pereira,South Korea,Avène Eau Thermale Spray 250ml,2024-09-19,3092.46,56
Afonso Sousa,Japan,Olay Luminous Whip Face Moisturiser 100ml,2024-07-13,1182.71,16
Matilde Cruz,Chile,Sunday Riley C.E.O. 15% Vitamin C Brightening Serum 20ml,2021-05-08,8558.24,301
Margarida Silva,Italy,Skinceuticals Physical Fusion UV Defense SPF 50 340g,2021-09-17,4400.8,98
Laura Soares,China,Neutrogena Rapid Wrinkle Repair Retinol Cream 40ml,2023-09-06,19857.39,186
Sara Fernandes,Poland,Drunk Elephant B-Hydra Intensive Hydration Serum 75ml,2023-08-31,355.16,24
Sara Mendes,Brazil,Paula's Choice RESIST Anti-Aging Clear Skin Hydrator 40ml,2022-06-30,11798.86,105
Leonor Pinto,Singapore,CeraVe Moisturising Cream 15ml,2023-06-25,5266.26,53
Pedro Cruz,Mexico,Olay Retinol24 Night Moisturizer 125ml,2021-12-29,3136.97,106
Diogo Rodrigues,Indonesia,Neutrogena Cellular Boost Concentrate Serum 75ml,2024-07-25,6379.55,95
Ana Ferreira,Italy,REN Clean Skincare Overnight Glow Dark Spot Sleeping Cream 30ml,2024-10-09,5501.17,68
Rafael Pereira,United States,Estée Lauder Advanced Night Repair Serum 30g,2023-02-09,6567.4,115
Afonso Martins,United States,Bioderma Hydrabio Gel-Crème 75ml,2022-06-11,10247.61,92
Matilde Moreira,Chile,Olay Total Effects 7-in-1 Moisturiser 15ml,2024-02-01,6305.58,136
Pedro Santos,Singapore,Clinique Repairwear Laser Focus Eye Cream 40ml,2022-02-17,6261.4,172
Carolina Marques,Thailand,La Roche-Posay Toleriane Double Repair Moisturiser 15ml,2023-06-01,4751.35,63
Beatriz Jesus,France,Sunday Riley C.E.O. 15% Vitamin C Brightening Serum 100ml,2020-10-19,7527.0,385
Maria Correia,Poland,Drunk Elephant F-Balm Electrolyte Waterbalm 250ml,2022-10-10,5358.69,87
Maria Correia,Japan,First Aid Beauty Ultra Repair Cream 30g,2020-08-24,1244.59,93
Rodrigo Pereira,Colombia,CeraVe Healing Ointment 150ml,2023-05-26,10534.34,125
Leonor Pinto,Singapore,Bioderma Sensibio Light Soothing Cream 30ml,2021-04-26,2257.92,102
Inês Monteiro,United States,The Ordinary AHA 30% + BHA 2% Peeling Solution 50ml,2024-04-09,5037.67,322
Rodrigo Teixeira,Argentina,Kiehl's Ultra Facial Cream 56.7g,2021-10-21,19707.94,193
Laura Mendes,France,Tatcha The Dewy Skin Cream 60ml,2021-11-30,1811.28,244
Inês Monteiro,Thailand,COSRX Advanced Snail 92 All in One Cream 60ml,2024-10-13,758.6,29
Afonso Vieira,Netherlands,The Ordinary AHA 30% + BHA 2% Peeling Solution 50ml,2023-09-25,3966.21,39
Clara Ferreira,Argentina,COSRX Balancium B5 Biome Comfort Cream 75ml,2023-08-05,7019.42,143
Afonso Rocha,Poland,Clinique Turnaround Overnight Revitalizing Moisturizer 50ml,2020-02-08,59206.93,489
Sofia Martins,Sweden,Tatcha The Dewy Skin Cream 75ml,2021-12-17,2783.7,42
Carolina Jesus,United States,The Ordinary Buffet Multi-Technology Peptide Serum 40ml,2024-01-29,33381.5,306
Martim Pinto,Argentina,Pixi +C VIT Brightening Serum 20ml,2024-07-15,8051.89,285
Carolina Silva,France,Murad AHA/BHA Exfoliating Cleanser 30g,2021-03-25,17916.74,310
Rafael Pereira,Thailand,Sunday Riley C.E.O. 15% Vitamin C Brightening Serum 200ml,2024-09-23,2407.9,50
Matilde Moreira,Argentina,Neutrogena Hydro Boost Water Gel 150ml,2020-06-06,4892.63,94
Clara Mendes,South Korea,Sunday Riley C.E.O. 15% Vitamin C Brightening Serum 30g,2021-02-22,4296.78,39
Dinis Cardoso,Italy,Clinique Repairwear Laser Focus Eye Cream 340g,2021-07-04,8407.54,102
Martim Rodrigues,Spain,La Roche-Posay Retinol B3 Serum 40ml,2020-11-29,2361.43,93
João Vieira,Argentina,Kiehl's Rare Earth Deep Pore Cleansing Masque 56.7g,2024-10-23,29310.39,263
Rafael Vieira,Mexico,Skinceuticals Metacell Renewal B3 30g,2021-04-23,3922.91,85
Rodrigo Soares,Philippines,Neutrogena Oil-Free Acne Wash 30ml,2020-11-25,7189.9,126
Laura Ribeiro,Philippines,Murad AHA/BHA Exfoliating Cleanser 20ml,2022-05-08,1104.57,79
Beatriz Jesus,Netherlands,Kiehl's Clearly Corrective Dark Spot Solution 30ml,2022-05-16,9986.06,445
Carolina Jesus,China,First Aid Beauty KP Bump Eraser Body Scrub 40ml,2024-01-03,7313.61,73
Joana Santos,Chile,CeraVe Renewing SA Cream 150ml,2024-10-27,3234.12,107
Lucas Ribeiro,Germany,Clinique Turnaround Overnight Revitalizing Moisturizer 56.7g,2020-08-17,7948.48,122
Diogo Rocha,Germany,CeraVe PM Facial Moisturising Lotion 30g,2023-03-02,12895.65,136
Mariana Neves,Chile,Estée Lauder Resilience Lift Firming & Sculpting Eye Cream 30ml,2021-11-29,3003.12,49
Sofia Carvalho,Brazil,REN Clean Skincare Vita Mineral Active 7 Eye Gel 250ml,2021-12-10,8343.67,143
Lucas Coelho,Argentina,Avène Eau Thermale Spray 56.7g,2023-10-03,8781.84,278
Tomás Ribeiro,Poland,Murad Rapid Resurgence Eye Lift 100ml,2024-08-03,11900.77,148
Rodrigo Pinto,Poland,Estée Lauder Revitalizing Supreme+ Moisturizer 30g,2023-05-20,677.37,85
Carolina Ferreira,Japan,Kiehl's Powerful-Strength Line-Reducing Concentrate 60ml,2021-06-26,13263.64,132
Margarida Teixeira,Italy,COSRX Advanced Snail 96 Mucin Power Essence 250ml,2024-09-28,6454.01,109
Mariana Neves,Italy,Bioderma Hydrabio Gel-Crème 100ml,2020-01-29,617.45,119
Mariana Soares,France,Avène Retrinal+ 0.1 Intensive Cream 50ml,2020-03-11,6885.88,142
Dinis Cardoso,Thailand,Neutrogena Ultra Sheer Dry-Touch Sunscreen SPF 50+ 20ml,2024-01-27,4901.62,88
Diogo Monteiro,United States,Sunday Riley C.E.O. 15% Vitamin C Brightening Serum 125ml,2021-08-16,8658.45,124
Carolina Ferreira,United States,COSRX Balancium B5 Biome Comfort Cream 30ml,2023-02-28,458.92,14
Tiago Almeida,Brazil,The Ordinary Buffet Multi-Technology Peptide Serum 60ml,2022-05-06,2789.07,100
Rodrigo Coelho,France,Olay Total Effects 7-in-1 Moisturiser 100ml,2024-12-20,13941.68,121
Sofia Gomes,United Kingdom,COSRX Balancium B5 Biome Comfort Cream 30ml,2021-10-27,51428.29,472
Margarida Marques,Thailand,The Ordinary Glycolic Acid 7% Toning Solution 100ml,2024-01-15,3246.35,29
Gonçalo Fernandes,Thailand,Skinceuticals C E Ferulic Serum 56.7g,2020-08-03,16414.45,147
Francisco Fernandes,Italy,Olay Luminous Whip Face Moisturiser 15ml,2020-06-03,1041.05,46
Mariana Soares,United States,Avène XeraCalm A.D Lipid-Replenishing Cream 60ml,2023-09-07,8108.26,127
Rafael Martins,Germany,Sunday Riley Saturn Sulfur Acne Treatment Mask 340g,2024-05-10,2443.88,56
Pedro Pereira,Argentina,Kiehl's Rare Earth Deep Pore Cleansing Masque 340g,2020-02-11,473.59,17
Mariana Martins,Netherlands,Neutrogena Cellular Boost Concentrate Serum 340g,2023-05-24,2962.36,80
Laura Fernandes,Singapore,Avène XeraCalm A.D Lipid-Replenishing Cream 125ml,2021-10-11,1161.41,39
Laura Pereira,Singapore,Kiehl's Super Multi-Corrective Anti-Aging Face & Neck Cream 30ml,2023-06-29,917.21,45
Diogo Rocha,Thailand,Bioderma Nodé Detox Shampoo 340g,2024-09-16,453.34,45
Matilde Carvalho,Indonesia,Paula's Choice SKIN PERFECTING 2% BHA Liquid Exfoliant 75ml,2021-03-10,1041.35,100
Margarida Silva,China,Neutrogena Oil-Free Acne Wash 30ml,2021-10-01,637.01,26
Inês Cardoso,China,Clinique Turnaround Overnight Revitalizing Moisturizer 340g,2024-10-28,9100.94,102
Catarina Monteiro,Philippines,La Roche-Posay Cicaplast Baume B5 75ml,2024-06-28,28789.8,294
Matilde Cruz,Chile,COSRX AHA/BHA Clarifying Treatment Toner 150ml,2024-08-22,565.15,26
Gonçalo Coelho,Sweden,The Ordinary Retinol 0.5% in Squalane 250ml,2020-08-30,1446.68,218
Tiago Gomes,Colombia,Bioderma Sensibio Light Soothing Cream 60ml,2021-02-07,4160.97,95
Catarina Neves,Poland,Tatcha The Essence Plump Skin Softener 40ml,2023-07-16,1993.18,24
Mariana Neves,China,Kiehl's Clearly Corrective Dark Spot Solution 30ml,2020-01-05,1558.25,38
Inês Cardoso,Canada,REN Clean Skincare Evercalm Global Protection Day Cream 250ml,2020-10-21,13828.98,120
Sara Cruz,United States,Clinique Moisture Surge 100H Auto-Replenishing Hydrator 15ml,2023-04-28,4821.72,134
Ana Ferreira,Japan,Estée Lauder Resilience Lift Firming & Sculpting Eye Cream 125ml,2024-10-04,4281.36,98
Martim Pinto,Chile,Avène Cleanance Expert Emulsion 30ml,2023-09-10,1442.7,42
Sofia Mendes,Mexico,Paula's Choice BOOST 10% Niacinamide Booster 250ml,2024-02-22,636.74,36
Tiago Almeida,Mexico,Paula's Choice BOOST 10% Niacinamide Booster 100ml,2021-04-16,8237.17,105
Mariana Cruz,Brazil,Avène Cleanance Expert Emulsion 250ml,2021-09-30,25498.38,329
Catarina Neves,Netherlands,Olay Luminous Whip Face Moisturiser 15ml,2020-04-25,3943.37,92
Ana Vieira,Mexico,Estée Lauder Advanced Night Repair Serum 200ml,2022-06-07,2033.17,21
Martim Ferreira,Japan,Murad Oil-Control Mattifier SPF45 250ml,2023-03-24,42806.18,390
Diogo Neves,Japan,CeraVe AM Facial Moisturising Lotion SPF25 50ml,2021-01-06,15820.15,259
Inês Nunes,Argentina,Avène PhysioLift Night Smoothing Balm 75ml,2021-01-18,2661.88,29
Afonso Martins,Argentina,COSRX AHA/BHA Clarifying Treatment Toner 125ml,2024-05-21,5411.42,88
Mariana Cruz,India,Sunday Riley UFO Ultra-Clarifying Face Oil 100ml,2020-06-18,2749.48,26
Laura Costa,United States,First Aid Beauty Eye Duty Triple Remedy AM Gel Cream 56.7g,2021-10-23,199.96,11
Inês Cruz,Philippines,REN Clean Skincare Evercalm Global Protection Day Cream 100ml,2021-11-19,6911.89,103
Lucas Santos,Germany,CeraVe PM Facial Moisturising Lotion 50ml,2020-04-29,6578.46,74
Guilherme Neves,Thailand,La Roche-Posay Retinol B3 Serum 40ml,2021-07-05,4911.1,76
Inês Martins,Philippines,Paula's Choice DEFENSE Antioxidant Pore Purifier 20ml,2021-06-03,10160.04,117
Diogo Monteiro,Sweden,The Ordinary Glycolic Acid 7% Toning Solution 200ml,2020-04-28,4383.01,136
Miguel Marques,Japan,La Roche-Posay Retinol B3 Serum 100ml,2022-01-05,3347.23,76
Rafael Martins,South Korea,Tatcha The Rice Polish Foaming Enzyme Powder 200ml,2024-08-23,5313.59,146
João Martins,Argentina,Murad Brightening Booster 150ml,2021-04-12,1108.99,36
Gonçalo Almeida,Argentina,REN Clean Skincare Clean Screen Mineral SPF30 100ml,2020-08-06,17112.24,405
João Vieira,Canada,Avène Antirougeurs Jour Redness Relief Cream 40ml,2023-03-31,7321.98,116
Tiago Almeida,Netherlands,Drunk Elephant B-Hydra Intensive Hydration Serum 15ml,2023-03-05,3598.43,55
Beatriz Jesus,Chile,Estée Lauder Advanced Night Repair Serum 250ml,2021-07-17,3721.85,75
Francisco Almeida,United Kingdom,Neutrogena Norwegian Formula Face Cream 250ml,2021-12-15,11647.89,119
João Nunes,Philippines,Estée Lauder DayWear Multi-Protection Anti-Oxidant 24H Moisturizer SPF15 125ml,2024-07-30,15673.13,221
Joana Santos,Indonesia,Kiehl's Calendula Serum-Infused Water Cream 30g,2024-05-30,4914.29,87
Rodrigo Cruz,Mexico,Drunk Elephant Lala Retro Whipped Cream 30ml,2022-01-27,1677.97,20
Afonso Rocha,Brazil,Neutrogena Bright Boost Gel Cream 100ml,2021-07-10,4018.12,41
Leonor Coelho,Brazil,Murad Oil-Control Mattifier SPF45 75ml,2020-05-20,5655.89,62
Sofia Rodrigues,Chile,Kiehl's Rare Earth Deep Pore Cleansing Masque 20ml,2022-10-01,23111.9,227
Lucas Costa,China,Paula's Choice CLINICAL 1% Retinol Treatment 200ml,2021-06-13,2029.9,69
Francisco Fernandes,Spain,Estée Lauder Micro Essence Skin Activating Treatment Lotion 40ml,2024-08-05,28040.33,254
Mariana Teixeira,Italy,The Ordinary Glycolic Acid 7% Toning Solution 30g,2020-08-25,10194.92,111
Leonor Marques,Netherlands,La Roche-Posay Effaclar Mat Moisturiser 50ml,2023-05-31,965.25,16
Afonso Almeida,Japan,Tatcha The Silk Cream 340g,2020-11-19,30160.14,306
Miguel Marques,Italy,Tatcha The Rice Polish Foaming Enzyme Powder 75ml,2022-04-19,11410.85,140
Diogo Martins,Thailand,COSRX AHA/BHA Clarifying Treatment Toner 40ml,2024-02-17,2989.79,51
Lucas Rodrigues,France,Skinceuticals Physical Fusion UV Defense SPF 50 30ml,2022-01-19,4277.83,119
Maria Fernandes,Spain,Olay Regenerist Micro-Sculpting Cream 200ml,2024-09-24,24843.76,343
Clara Ferreira,Germany,Neutrogena Rapid Wrinkle Repair Retinol Cream 60ml,2023-10-29,2755.46,52
Diogo Ribeiro,South Korea,Skinceuticals C E Ferulic Serum 125ml,2024-10-05,2189.49,23
Guilherme Costa,Netherlands,Tatcha The Eye Concentrate 40ml,2024-05-15,8609.02,114
Carolina Silva,Philippines,First Aid Beauty Hello FAB Coconut Skin Smoothie Priming Moisturizer 200ml,2023-07-25,3547.51,141
Leonor Jesus,Colombia,Pixi Overnight Glow Serum 50ml,2022-10-04,5334.71,140
Tomás Neves,Netherlands,Olay Regenerist Micro-Sculpting Cream 75ml,2020-03-11,1159.86,30
Tiago Almeida,United States,La Roche-Posay Toleriane Hydrating Gentle Cleanser 50ml,2021-02-07,583.06,21
Tiago Cardoso,China,REN Clean Skincare Clean Screen Mineral SPF30 250ml,2021-02-19,1181.96,81
Miguel Rocha,Poland,Murad Brightening Booster 20ml,2022-02-13,4363.98,60
Mariana Cruz,Indonesia,Estée Lauder Resilience Lift Firming & Sculpting Eye Cream 20ml,2024-08-19,6646.08,81
Sofia Rodrigues,Netherlands,Avène Antirougeurs Jour Redness Relief Cream 50ml,2020-01-09,9464.11,81
Diogo Costa,Netherlands,CeraVe Healing Ointment 60ml,2021-01-25,6156.37,73
Martim Silva,Singapore,Olay Regenerist Collagen Peptide24 Serum 150ml,2021-07-01,10759.44,119
Gonçalo Almeida,Indonesia,Estée Lauder Perfectly Clean Multi-Action Foam Cleanser 125ml,2020-11-14,3816.97,61
Martim Teixeira,Poland,Clinique Dramatically Different Moisturising Lotion+ 200ml,2022-10-14,2833.89,145
Ana Ferreira,Colombia,Clinique Dramatically Different Moisturising Lotion+ 75ml,2021-12-21,3358.18,51
Rodrigo Pinto,France,Avène Cicalfate+ Restorative Protective Cream 30g,2020-05-11,273.84,57
Joana Fernandes,Argentina,Olay Total Effects 7-in-1 Moisturiser 125ml,2020-01-07,7544.67,340
Mariana Teixeira,Brazil,Pixi Rose Ceramide Cream 50ml,2024-08-12,8241.26,98
Laura Soares,Singapore,Skinceuticals Triple Lipid Restore 2:4:2 15ml,2022-11-20,10676.64,203
Rodrigo Coelho,China,Avène Hydrance Rich Rehydrating Cream 340g,2024-08-13,3645.43,52
Dinis Carvalho,Thailand,Neutrogena Bright Boost Gel Cream 56.7g,2022-06-16,6017.02,77
Joana Costa,Poland,Avène XeraCalm A.D Lipid-Replenishing Cream 20ml,2024-08-23,13943.76,149
Joana Santos,South Korea,COSRX AHA/BHA Clarifying Treatment Toner 15ml,2022-08-26,2193.53,129
João Cardoso,Poland,CeraVe Hydrating Cleanser 50ml,2023-05-18,1524.76,84
Diogo Costa,South Korea,Neutrogena Rapid Wrinkle Repair Retinol Cream 125ml,2023-12-30,1393.06,62
Sara Mendes,India,Clinique Dramatically Different Moisturising Lotion+ 125ml,2021-02-20,9464.66,107
Gonçalo Almeida,Thailand,COSRX Advanced Snail 96 Mucin Power Essence 15ml,2023-06-09,42173.47,429
Dinis Silva,Argentina,Drunk Elephant Lala Retro Whipped Cream 75ml,2021-11-22,3113.73,27
Sofia Rodrigues,Mexico,La Roche-Posay Retinol B3 Serum 30ml,2023-03-03,1685.9,19
Tiago Gomes,India,The Ordinary Salicylic Acid 2% Solution 56.7g,2021-06-29,2504.1,44
Inês Ferreira,Argentina,CeraVe PM Facial Moisturising Lotion 50ml,2023-10-11,25214.91,314
Mariana Cruz,Japan,Bioderma Pigmentbio C-Concentrate Brightening Serum 56.7g,2023-12-13,1664.89,110
Matilde Carvalho,Brazil,Bioderma Atoderm Intensive Baume 250ml,2023-10-31,3643.72,60
Sofia Gomes,Chile,COSRX Balancium B5 Biome Comfort Cream 75ml,2023-05-12,3781.32,37
Beatriz Cardoso,Mexico,REN Clean Skincare V-Cense Revitalising Eye Cream 30g,2023-01-06,4089.44,150
Carolina Silva,Thailand,Sunday Riley Good Genes All-In-One Lactic Acid Treatment 100ml,2023-04-03,18715.04,318
Miguel Ferreira,India,COSRX Balancium B5 Biome Comfort Cream 56.7g,2021-08-07,6843.43,77
Lucas Rodrigues,Netherlands,La Roche-Posay Effaclar Mat Moisturiser 340g,2023-03-09,1365.2,138
Catarina Monteiro,China,Pixi Vitamin-C Juice Cleanser 50ml,2024-07-10,8348.61,88
Rafael Martins,Indonesia,Paula's Choice SKIN PERFECTING 2% BHA Liquid Exfoliant 56.7g,2021-01-16,2357.09,62
Martim Teixeira,Japan,Olay Regenerist Micro-Sculpting Cream 75ml,2020-02-16,10984.3,130
Sofia Jesus,India,Bioderma Hydrabio Gel-Crème 56.7g,2021-09-09,13113.14,123
Pedro Cruz,Philippines,La Roche-Posay Anthelios Invisible Fluid SPF50+ 150ml,2023-06-24,1540.69,21
Gonçalo Almeida,Indonesia,Paula's Choice BOOST 10% Niacinamide Booster 30g,2020-04-04,7102.64,74
Leonor Jesus,South Korea,COSRX Advanced Snail 92 All in One Cream 250ml,2021-09-01,4809.04,127
Rafael Martins,Poland,Olay Super Serum 5-in-1 30g,2023-06-16,1068.84,133
Gonçalo Fernandes,Singapore,Tatcha The Water Cream 125ml,2023-09-21,7127.31,80
Pedro Cruz,Japan,The Ordinary Salicylic Acid 2% Solution 40ml,2022-10-02,15655.3,141
João Costa,Japan,Tatcha The Dewy Skin Cream 40ml,2023-10-06,6671.63,108
Margarida Cardoso,Argentina,Tatcha The Rice Polish Foaming Enzyme Powder 40ml,2023-10-03,10029.16,110
Leonor Jesus,Chile,CeraVe Hydrating Cleanser 15ml,2024-05-23,5290.05,58
Ana Ferreira,Spain,La Roche-Posay Lipikar Balm AP+ 40ml,2023-12-05,1164.25,99
Sara Cruz,Colombia,Murad Brightening Booster 30g,2022-08-28,408.32,56
Diogo Oliveira,Singapore,COSRX AC Collection Lightweight Soothing Moisturizer 40ml,2020-02-09,198.18,15
Dinis Carvalho,Brazil,Tatcha The Essence Plump Skin Softener 50ml,2022-08-24,15473.52,132
Matilde Carvalho,Indonesia,REN Clean Skincare Ready Steady Glow Daily AHA Tonic 100ml,2022-11-17,7493.86,113
Sofia Gomes,Canada,Drunk Elephant A-Passioni Retinol Cream 56.7g,2022-08-15,42214.5,379
Tiago Jesus,Spain,Tatcha The Essence Plump Skin Softener 30g,2022-07-06,12130.17,137
Pedro Cruz,Germany,Neutrogena Cellular Boost Concentrate Serum 60ml,2024-08-31,1693.85,37
Ana Moreira,France,Murad Hydro-Dynamic Ultimate Moisture 30ml,2024-03-10,7367.4,114
Francisco Almeida,Thailand,First Aid Beauty Pure Skin Face Cleanser 15ml,2021-05-10,840.45,12
Inês Nunes,Chile,Skinceuticals Phyto Corrective Gel 15ml,2023-06-22,3611.43,41
Sofia Gomes,Poland,Murad Hydro-Dynamic Ultimate Moisture 20ml,2020-08-26,7000.98,112
Sara Almeida,Brazil,Skinceuticals Triple Lipid Restore 2:4:2 340g,2024-05-21,103.48,36
Matilde Moreira,Mexico,REN Clean Skincare V-Cense Revitalising Eye Cream 56.7g,2020-08-16,908.1,57
Mariana Teixeira,Chile,Skinceuticals Physical Fusion UV Defense SPF 50 50ml,2021-04-26,11434.21,99
Beatriz Cardoso,Argentina,First Aid Beauty FAB Skin Lab Resurfacing Liquid 10% AHA 60ml,2023-05-11,10404.1,110
Sara Fernandes,France,Sunday Riley Auto Correct Brightening and Depuffing Eye Contour Cream 100ml,2022-08-09,21667.64,305
Laura Carvalho,Indonesia,Olay Regenerist Micro-Sculpting Cream 125ml,2020-08-10,10623.45,135
Leonor Pinto,Brazil,Tatcha The Clarifying Clay Mask 30ml,2022-10-06,51851.79,500
Ana Monteiro,Brazil,Skinceuticals Metacell Renewal B3 200ml,2022-12-10,1535.58,138
Laura Mendes,Argentina,Sunday Riley Ice Ceramide Moisturizing Cream 15ml,2021-08-05,848.04,32
Diogo Costa,Sweden,Skinceuticals Discoloration Defense Serum 150ml,2020-07-12,16809.38,174
Ana Ferreira,United States,Avène Antirougeurs Jour Redness Relief Cream 250ml,2021-05-17,2137.19,40
Laura Mendes,France,Clinique Take The Day Off Cleansing Balm 250ml,2023-03-27,171.55,14
Francisco Jesus,Germany,Drunk Elephant Virgin Marula Luxury Face Oil 125ml,2022-10-02,632.56,69
Sofia Nunes,Netherlands,Murad Rapid Resurgence Eye Lift 125ml,2022-12-25,4998.99,115
Tomás Neves,Colombia,Kiehl's Calendula Serum-Infused Water Cream 150ml,2020-07-13,6249.58,53
Tomás Correia,United Kingdom,The Ordinary AHA 30% + BHA 2% Peeling Solution 20ml,2022-06-19,24314.27,317
Gonçalo Rodrigues,Chile,Clinique Smart Night Custom-Repair Moisturiser 60ml,2021-07-24,2474.16,30
Margarida Oliveira,Mexico,Clinique Dramatically Different Moisturising Lotion+ 125ml,2024-11-15,193.57,15
Carolina Pereira,Germany,Estée Lauder Nutritious Super-Pomegranate Radiant Energy Eye Jelly 60ml,2023-10-04,2135.66,23
Dinis Pereira,Philippines,The Ordinary AHA 30% + BHA 2% Peeling Solution 40ml,2024-03-31,6770.38,73
Tiago Almeida,Germany,Sunday Riley Auto Correct Brightening and Depuffing Eye Contour Cream 60ml,2023-10-01,10631.23,95
Tomás Almeida,United States,Tatcha The Indigo Overnight Repair Treatment 60ml,2020-09-06,2518.8,45
Francisco Mendes,Colombia,CeraVe Eye Repair Cream 30ml,2021-07-04,5066.5,69
Tomás Coelho,Argentina,Neutrogena Rapid Wrinkle Repair Retinol Cream 75ml,2023-05-19,9703.0,92
Rafael Pereira,Indonesia,Sunday Riley UFO Ultra-Clarifying Face Oil 30ml,2020-03-29,720.42,40
Tomás Ribeiro,Singapore,Clinique Dramatically Different Moisturising Lotion+ 250ml,2022-08-10,7706.5,145
Leonor Jesus,Thailand,Olay Vitamin C + Peptide 24 Face Moisturizer 40ml,2022-12-18,4355.48,88
Gonçalo Fernandes,Netherlands,Tatcha The Eye Concentrate 40ml,2024-01-17,26536.51,265
Francisco Fernandes,Poland,First Aid Beauty Ultra Repair Cream 30g,2023-12-04,13459.2,135
Inês Nunes,South Korea,The Ordinary Retinol 0.5% in Squalane 150ml,2022-06-22,723.22,106
Carolina Jesus,France,Pixi Rose Ceramide Cream 60ml,2020-03-04,4588.36,53
Leonor Martins,Mexico,Avène Cicalfate+ Restorative Protective Cream 125ml,2024-12-21,4851.63,58
Rafael Gomes,India,Tatcha The Clarifying Clay Mask 20ml,2021-11-05,9729.63,262
Maria Ferreira,Colombia,First Aid Beauty Eye Duty Triple Remedy AM Gel Cream 15ml,2022-11-02,4116.96,85
Lucas Costa,United States,Drunk Elephant F-Balm Electrolyte Waterbalm 20ml,2022-02-16,450.15,82
Clara Gomes,Sweden,Drunk Elephant A-Passioni Retinol Cream 75ml,2023-02-11,1715.49,72
Laura Ribeiro,Sweden,Murad Oil-Control Mattifier SPF45 50ml,2024-03-05,815.34,77
Lucas Ribeiro,Netherlands,La Roche-Posay Hyalu B5 Serum 30ml,2023-09-25,46323.59,407
Matilde Teixeira,Japan,Tatcha The Silk Cream 340g,2020-03-08,7691.11,129
Margarida Teixeira,Indonesia,Drunk Elephant T.L.C. Framboos Glycolic Night Serum 250ml,2022-07-27,46223.79,437
Ana Vieira,France,Skinceuticals Triple Lipid Restore 2:4:2 125ml,2021-02-13,10640.05,219
Guilherme Neves,Brazil,Pixi Rose Ceramide Cream 30g,2021-06-30,138.37,42
Tomás Rodrigues,Netherlands,Avène XeraCalm A.D Lipid-Replenishing Cream 340g,2021-10-29,6188.09,59
Afonso Monteiro,Mexico,Clinique Turnaround Overnight Revitalizing Moisturizer 30ml,2021-01-18,4487.91,96
Laura Ribeiro,Spain,Kiehl's Super Multi-Corrective Anti-Aging Face & Neck Cream 100ml,2024-12-08,8890.56,86
Martim Rodrigues,Sweden,Paula's Choice DEFENSE Antioxidant Pore Purifier 150ml,2023-09-06,2024.36,65
Leonor Coelho,United States,Avène Antirougeurs Jour Redness Relief Cream 20ml,2024-12-22,1749.82,16
Rafael Pereira,Japan,Neutrogena Hydro Boost Water Gel 15ml,2024-01-25,11485.7,107
Diogo Ribeiro,Indonesia,REN Clean Skincare Clean Screen Mineral SPF30 75ml,2023-03-05,1686.63,33
Margarida Cardoso,Indonesia,Clinique Moisture Surge 100H Auto-Replenishing Hydrator 340g,2022-11-21,16558.3,566
Matilde Cruz,Brazil,REN Clean Skincare Vita Mineral Active 7 Eye Gel 15ml,2024-10-13,4448.04,143
Ana Ferreira,Colombia,Estée Lauder Revitalizing Supreme+ Moisturizer 40ml,2022-04-25,903.09,24
Guilherme Costa,China,La Roche-Posay Hyalu B5 Serum 30g,2020-07-27,15743.52,204
Laura Pereira,Chile,COSRX Oil-Free Ultra-Moisturizing Lotion 56.7g,2020-12-23,3384.05,33
João Nunes,Singapore,Sunday Riley Saturn Sulfur Acne Treatment Mask 340g,2021-06-18,6411.94,150
Inês Ribeiro,Colombia,Paula's Choice SKIN PERFECTING 2% BHA Liquid Exfoliant 250ml,2024-01-07,821.68,51
Mariana Soares,Mexico,Clinique Even Better Clinical Radical Dark Spot Corrector 20ml,2021-10-28,14407.51,391
Tomás Martins,Colombia,Kiehl's Powerful-Strength Line-Reducing Concentrate 30ml,2020-09-28,14169.94,295
Afonso Rocha,Indonesia,Kiehl's Ultra Facial Cream 200ml,2022-02-02,4602.64,57
Afonso Monteiro,South Korea,Sunday Riley Ice Ceramide Moisturizing Cream 250ml,2023-01-29,5012.54,136
Laura Soares,Brazil,Pixi Skintreats Rose Caviar Eye Cream 100ml,2023-11-11,1635.97,73
Pedro Cruz,Singapore,La Roche-Posay Hyalu B5 Serum 56.7g,2023-10-31,425.33,22
Pedro Ferreira,Poland,Sunday Riley Ice Ceramide Moisturizing Cream 30ml,2023-09-03,4174.3,385
Tomás Coelho,France,Estée Lauder Nutritious Super-Pomegranate Radiant Energy Eye Jelly 250ml,2020-05-21,3283.64,254
Catarina Correia,Colombia,Pixi Glow Tonic 30ml,2021-09-10,869.84,33
Francisco Fernandes,Indonesia,Kiehl's Creamy Eye Treatment with Avocado 100ml,2024-04-18,34694.15,350
João Martins,Chile,COSRX Balancium B5 Biome Comfort Cream 250ml,2023-08-05,6520.52,86
Rodrigo Cruz,Netherlands,Sunday Riley Good Genes All-In-One Lactic Acid Treatment 340g,2023-03-20,289.13,19
Diogo Rocha,Netherlands,Paula's Choice CLINICAL 1% Retinol Treatment 200ml,2020-09-08,5366.85,92
Maria Coelho,Singapore,Estée Lauder Resilience Lift Firming & Sculpting Eye Cream 20ml,2020-10-04,301.35,12
Tomás Rodrigues,Colombia,Sunday Riley C.E.O. 15% Vitamin C Brightening Serum 56.7g,2023-04-07,1237.64,218
João Cardoso,United Kingdom,Paula's Choice SKIN PERFECTING 2% BHA Liquid Exfoliant 15ml,2023-10-13,314.24,65
Beatriz Jesus,Germany,First Aid Beauty Eye Duty Triple Remedy AM Gel Cream 20ml,2020-11-18,3930.4,122
Diogo Rocha,Colombia,Clinique Even Better Clinical Radical Dark Spot Corrector 150ml,2020-06-27,5324.71,64
Francisco Almeida,Colombia,Neutrogena Cellular Boost Concentrate Serum 56.7g,2020-08-13,4760.89,45
Matilde Moreira,France,First Aid Beauty Eye Duty Triple Remedy AM Gel Cream 75ml,2023-10-24,19828.18,288
Afonso Martins,Mexico,La Roche-Posay Lipikar Balm AP+ 40ml,2024-02-17,3263.29,43
Francisco Mendes,Canada,Avène Retrinal+ 0.1 Intensive Cream 75ml,2020-11-30,3971.75,52
Martim Marques,Spain,Clinique All About Eyes Rich 50ml,2022-08-15,35.14,11
Tomás Martins,France,Sunday Riley Saturn Sulfur Acne Treatment Mask 50ml,2024-08-09,4909.81,101
Leonor Rodrigues,India,Bioderma Cicabio Arnica+ Repairing Cream 30ml,2023-02-21,4595.67,57
Martim Teixeira,Germany,Murad Vita-C Glycolic Brightening Serum 60ml,2024-01-04,5890.08,60
Afonso Rocha,United Kingdom,Olay Retinol24 Night Moisturizer 50ml,2023-05-15,9072.85,208
Tiago Carvalho,United Kingdom,Sunday Riley Luna Sleeping Night Oil 200ml,2024-03-13,3497.66,118
Rafael Gomes,Germany,Paula's Choice CLINICAL 1% Retinol Treatment 200ml,2023-06-17,8216.3,82
Miguel Marques,Netherlands,First Aid Beauty Ultra Repair Tinted Moisturizer SPF 30 30ml,2022-12-10,12039.01,115
Mariana Neves,Thailand,CeraVe Skin Renewing Night Cream 56.7g,2020-03-21,401.6,11
Clara Cardoso,Mexico,The Ordinary Natural Moisturising Factors + HA 125ml,2024-12-07,9970.75,128
Dinis Monteiro,Spain,CeraVe Skin Renewing Night Cream 150ml,2021-10-08,7804.21,86
Diogo Monteiro,South Korea,Sunday Riley Tidal Brightening Enzyme Water Cream 75ml,2023-10-26,4806.08,51
Laura Mendes,Philippines,Murad Brightening Booster 125ml,2022-12-03,10484.59,112
Diogo Martins,Germany,First Aid Beauty FAB Skin Lab Resurfacing Liquid 10% AHA 60ml,2023-09-17,15427.76,229
Lucas Costa,Philippines,Neutrogena Cellular Boost Concentrate Serum 125ml,2023-11-08,4548.18,39
Lucas Santos,Netherlands,Bioderma Sebium Pore Refiner 250ml,2020-06-21,7654.07,88
Catarina Monteiro,China,The Ordinary AHA 30% + BHA 2% Peeling Solution 20ml,2023-11-13,10346.16,129
Tomás Almeida,Singapore,Skinceuticals Physical Fusion UV Defense SPF 50 125ml,2020-05-30,4880.43,49
Rafael Martins,Canada,Estée Lauder DayWear Multi-Protection Anti-Oxidant 24H Moisturizer SPF15 15ml,2022-10-30,7534.69,70
Mariana Neves,Canada,REN Clean Skincare Evercalm Global Protection Day Cream 200ml,2024-03-04,2323.45,54
Clara Monteiro,South Korea,Tatcha The Water Cream 30g,2020-04-23,1009.06,10
Tomás Ribeiro,Japan,Avène PhysioLift Night Smoothing Balm 30ml,2023-02-22,5040.39,52
Lucas Santos,Italy,REN Clean Skincare Ready Steady Glow Daily AHA Tonic 340g,2024-09-15,3868.03,286
Matilde Cruz,Mexico,Skinceuticals Phyto Corrective Gel 56.7g,2020-01-08,23014.16,284
Guilherme Neves,Canada,Bioderma Sensibio Light Soothing Cream 56.7g,2024-10-13,9163.87,133
Tiago Jesus,China,Estée Lauder Resilience Lift Firming & Sculpting Eye Cream 20ml,2022-08-13,1822.05,43
Rafael Mendes,Canada,Olay Luminous Whip Face Moisturiser 60ml,2022-07-30,10867.52,166
João Martins,Netherlands,Sunday Riley Auto Correct Brightening and Depuffing Eye Contour Cream 150ml,2021-07-23,2823.03,55
João Martins,Philippines,Drunk Elephant Virgin Marula Luxury Face Oil 250ml,2024-10-07,4838.78,135
Mariana Martins,South Korea,Murad Brightening Booster 40ml,2021-11-20,14343.29,267
Joana Santos,Sweden,REN Clean Skincare V-Cense Revitalising Eye Cream 30g,2020-03-01,3532.13,128
Carolina Ferreira,Indonesia,First Aid Beauty Ultra Repair Firming Collagen Cream 20ml,2021-12-12,8959.3,118
Dinis Ferreira,Thailand,Pixi Hydrating Milky Serum 50ml,2024-07-09,428.37,44
Rodrigo Pereira,Argentina,Estée Lauder DayWear Multi-Protection Anti-Oxidant 24H Moisturizer SPF15 40ml,2024-06-25,1617.29,120
Tomás Almeida,China,Neutrogena Bright Boost Gel Cream 30g,2020-03-15,16820.15,215
Miguel Marques,Philippines,Olay Regenerist Micro-Sculpting Cream 30g,2021-09-28,2032.93,17
Martim Ferreira,Germany,Avène Hydrance Rich Rehydrating Cream 340g,2024-02-08,429.39,28
Leonor Coelho,Netherlands,Pixi +C VIT Brightening Serum 75ml,2021-03-15,21345.7,273
Ana Ferreira,Thailand,COSRX Oil-Free Ultra-Moisturizing Lotion 56.7g,2024-12-07,10490.73,95
Matilde Carvalho,Netherlands,Pixi Glow Tonic 150ml,2022-08-13,7110.49,134
Martim Rodrigues,Argentina,Sunday Riley Tidal Brightening Enzyme Water Cream 200ml,2020-02-21,555.91,22
Carolina Marques,United Kingdom,Avène XeraCalm A.D Lipid-Replenishing Cream 30g,2021-02-03,11273.68,98
João Nunes,Sweden,Tatcha The Clarifying Clay Mask 50ml,2022-05-25,1907.13,114
Carolina Jesus,Sweden,Murad AHA/BHA Exfoliating Cleanser 15ml,2021-01-07,1096.08,19
Mariana Mendes,United States,CeraVe Healing Ointment 30ml,2022-05-29,1378.18,32
Catarina Monteiro,France,Murad Oil-Control Mattifier SPF45 100ml,2021-08-21,7237.74,90
Pedro Cruz,Spain,The Ordinary Natural Moisturising Factors + HA 200ml,2022-01-06,5398.11,94
João Nunes,Germany,Paula's Choice BOOST 10% Niacinamide Booster 20ml,2020-03-27,8485.81,131
Tomás Coelho,France,Skinceuticals A.G.E. Eye Complex 75ml,2021-12-09,296.31,33
Dinis Cardoso,South Korea,La Roche-Posay Lipikar Balm AP+ 75ml,2021-06-09,2701.87,58
Laura Soares,South Korea,Drunk Elephant F-Balm Electrolyte Waterbalm 340g,2024-04-06,13077.63,144
Dinis Silva,Argentina,Paula's Choice BOOST 10% Niacinamide Booster 200ml,2021-12-10,8518.0,133
Sofia Gomes,Germany,REN Clean Skincare Clean Screen Mineral SPF30 60ml,2021-10-14,12084.7,114
Mariana Cruz,United States,Neutrogena Cellular Boost Concentrate Serum 150ml,2024-10-15,338.69,56
Rafael Neves,Italy,Sunday Riley Saturn Sulfur Acne Treatment Mask 200ml,2020-08-04,7304.54,87
Beatriz Jesus,Thailand,Murad Oil-Control Mattifier SPF45 30g,2024-02-09,3916.96,88
Tomás Martins,Colombia,Tatcha The Eye Concentrate 40ml,2024-09-14,2930.37,125
Dinis Monteiro,Brazil,COSRX Oil-Free Ultra-Moisturizing Lotion 50ml,2021-09-04,18787.16,305
Clara Cardoso,Philippines,Sunday Riley Ice Ceramide Moisturizing Cream 75ml,2022-10-04,4521.84,68
Rodrigo Pereira,Germany,Kiehl's Creamy Eye Treatment with Avocado 150ml,2020-09-24,6879.06,95
Joana Santos,Italy,CeraVe Moisturising Cream 56.7g,2021-03-13,26704.45,263
Matilde Moreira,Colombia,Drunk Elephant Lala Retro Whipped Cream 200ml,2023-08-03,18093.96,374
Rafael Mendes,United States,Skinceuticals Triple Lipid Restore 2:4:2 30ml,2020-08-06,7288.89,136
Sofia Jesus,Netherlands,CeraVe Skin Renewing Night Cream 125ml,2022-08-14,4631.94,81
Afonso Oliveira,Sweden,The Ordinary Buffet Multi-Technology Peptide Serum 100ml,2024-12-19,5690.18,142
Sofia Martins,Sweden,Tatcha The Rice Polish Foaming Enzyme Powder 200ml,2020-02-24,612.4,19
Catarina Martins,South Korea,Bioderma Nodé Detox Shampoo 150ml,2021-07-24,3027.8,43
Lucas Costa,Philippines,Paula's Choice EARTH SOURCED Antioxidant-Enriched Natural Moisturizer 75ml,2021-04-17,858.5,17
João Vieira,Canada,REN Clean Skincare Clean Screen Mineral SPF30 15ml,2020-01-14,16467.01,234
Martim Teixeira,France,Clinique Dramatically Different Moisturising Lotion+ 30g,2024-12-28,8683.91,139
Pedro Santos,Sweden,Estée Lauder Resilience Lift Firming & Sculpting Eye Cream 50ml,2020-01-25,3458.38,133
Catarina Neves,Poland,Bioderma Hydrabio Gel-Crème 56.7g,2024-12-21,515.03,64
Laura Soares,Brazil,Estée Lauder DayWear Multi-Protection Anti-Oxidant 24H Moisturizer SPF15 250ml,2024-04-30,3212.7,143
Rafael Martins,Indonesia,Avène Hydrance Rich Rehydrating Cream 30g,2024-04-23,2819.02,50
Tiago Cardoso,United Kingdom,La Roche-Posay Toleriane Hydrating Gentle Cleanser 340g,2020-12-18,5903.16,104
Gonçalo Ribeiro,Canada,Paula's Choice BOOST 10% Niacinamide Booster 15ml,2022-11-13,4755.36,114
Joana Oliveira,Singapore,Pixi Retinol Tonic 100ml,2024-06-23,5034.86,86
Dinis Ferreira,Japan,Kiehl's Creamy Eye Treatment with Avocado 50ml,2020-04-20,1017.31,99
Beatriz Marques,Sweden,CeraVe Healing Ointment 150ml,2022-06-29,1195.45,21
Lucas Coelho,Germany,Paula's Choice SKIN RECOVERY Replenishing Moisturizer 15ml,2020-04-09,7535.05,88
Rodrigo Moreira,Italy,Tatcha The Water Cream 15ml,2022-04-13,10492.72,106
Diogo Oliveira,Chile,Bioderma Nodé Detox Shampoo 20ml,2023-11-06,2323.48,150
Joana Oliveira,Colombia,Pixi Vitamin-C Juice Cleanser 60ml,2020-09-21,15280.29,132
Mariana Cruz,United Kingdom,REN Clean Skincare Perfect Canvas Clean Primer 100ml,2022-07-09,14029.46,128
Inês Martins,Poland,La Roche-Posay Anthelios Invisible Fluid SPF50+ 40ml,2020-08-29,2082.76,65
Rafael Pereira,Poland,First Aid Beauty Ultra Repair Tinted Moisturizer SPF 30 75ml,2024-09-18,4008.08,83
Lucas Costa,Argentina,Clinique Smart Night Custom-Repair Moisturiser 56.7g,2024-04-29,830.19,88
Rafael Martins,Thailand,Neutrogena Hydro Boost Water Gel 340g,2022-12-04,14946.27,227
Catarina Monteiro,Chile,Paula's Choice SKIN RECOVERY Replenishing Moisturizer 56.7g,2022-01-06,888.99,25
Mariana Mendes,Canada,Drunk Elephant A-Passioni Retinol Cream 50ml,2022-12-30,3699.51,141
Rafael Mendes,Philippines,Bioderma Atoderm Intensive Baume 250ml,2023-08-18,1713.61,105
Carolina Ferreira,Argentina,Kiehl's Calendula Serum-Infused Water Cream 340g,2021-12-13,11733.49,140
Tomás Neves,United States,Avène Cicalfate+ Restorative Protective Cream 20ml,2023-08-01,15326.75,180
Ana Nunes,Poland,CeraVe AM Facial Moisturising Lotion SPF25 250ml,2023-03-13,4828.4,62
Joana Santos,United Kingdom,COSRX Oil-Free Ultra-Moisturizing Lotion 75ml,2023-08-20,5354.4,101
Ana Teixeira,Spain,Murad Cellular Hydration Barrier Repair Cream 60ml,2022-03-18,2248.87,39
Matilde Cruz,United Kingdom,Olay Regenerist Micro-Sculpting Cream 75ml,2024-09-18,4666.46,204
Afonso Jesus,Argentina,Murad Oil-Control Mattifier SPF45 340g,2020-01-01,8287.59,122
Afonso Almeida,Italy,Paula's Choice RESIST Anti-Aging Clear Skin Hydrator 15ml,2021-07-09,12636.8,275
Afonso Neves,Singapore,The Ordinary Hyaluronic Acid 2% + B5 75ml,2023-01-10,15403.68,143
Leonor Martins,Brazil,La Roche-Posay Retinol B3 Serum 20ml,2024-12-08,5476.08,76
Laura Fernandes,Italy,Tatcha The Water Cream 40ml,2021-06-04,587.17,54
Rodrigo Pereira,India,REN Clean Skincare V-Cense Revitalising Eye Cream 40ml,2024-01-09,10510.79,131
Gonçalo Rodrigues,United Kingdom,Kiehl's Creamy Eye Treatment with Avocado 56.7g,2020-11-27,15318.37,270
Matilde Carvalho,Italy,Tatcha The Rice Polish Foaming Enzyme Powder 100ml,2024-07-24,206.13,27
Laura Soares,China,Drunk Elephant Lala Retro Whipped Cream 30ml,2022-01-16,8154.11,73
Margarida Cardoso,Mexico,Avène Eau Thermale Spray 50ml,2024-09-18,466.51,93
Maria Ferreira,Indonesia,Olay Super Serum 5-in-1 30g,2022-11-06,8307.71,163
Carolina Marques,Argentina,CeraVe Skin Renewing Night Cream 30g,2023-09-02,3556.34,46
Francisco Mendes,Thailand,First Aid Beauty Pure Skin Face Cleanser 40ml,2022-08-31,33788.58,436
Sofia Carvalho,Poland,Estée Lauder Advanced Night Repair Serum 340g,2023-02-03,14019.55,131
Rafael Mendes,India,Tatcha The Eye Concentrate 60ml,2022-03-18,6055.27,69
Tiago Jesus,United Kingdom,Neutrogena Norwegian Formula Face Cream 50ml,2020-02-11,1827.88,106
Tomás Almeida,Thailand,Bioderma Hydrabio Gel-Crème 250ml,2022-01-29,1498.04,52
João Nunes,Philippines,Neutrogena Ultra Sheer Dry-Touch Sunscreen SPF 50+ 56.7g,2024-03-14,7152.7,66
Guilherme Costa,Poland,La Roche-Posay Cicaplast Baume B5 40ml,2024-09-19,11990.95,141
Dinis Pereira,South Korea,First Aid Beauty Ultra Repair Tinted Moisturizer SPF 30 150ml,2023-06-19,22315.14,226
Francisco Fernandes,South Korea,CeraVe Renewing SA Cream 15ml,2023-03-04,3861.38,38
Laura Mendes,Argentina,Clinique Dramatically Different Moisturising Lotion+ 30ml,2020-01-26,13452.71,146
Rodrigo Cruz,Japan,COSRX Balancium B5 Biome Comfort Cream 60ml,2021-09-09,4466.69,43
Mariana Soares,Poland,Murad Cellular Hydration Barrier Repair Cream 40ml,2021-10-18,6431.71,56
Afonso Pereira,Sweden,Clinique Moisture Surge 100H Auto-Replenishing Hydrator 20ml,2022-07-26,2132.68,121
Gonçalo Ribeiro,Indonesia,Pixi Rose Ceramide Cream 20ml,2020-04-26,8432.1,482
Guilherme Costa,Netherlands,Olay Super Serum 5-in-1 75ml,2024-03-29,1050.62,28
Carolina Silva,United Kingdom,Drunk Elephant T.L.C. Framboos Glycolic Night Serum 125ml,2020-08-12,2232.2,50
João Martins,China,Tatcha The Rice Polish Foaming Enzyme Powder 56.7g,2024-08-01,3654.25,38
João Martins,United Kingdom,Drunk Elephant T.L.C. Framboos Glycolic Night Serum 75ml,2024-06-12,9439.91,129
Rodrigo Pereira,Colombia,Pixi Overnight Glow Serum 150ml,2023-01-22,5770.39,75
Laura Fernandes,Thailand,Estée Lauder Micro Essence Skin Activating Treatment Lotion 40ml,2022-10-05,37864.3,392
Afonso Monteiro,Poland,Murad Retinol Youth Renewal Serum 150ml,2022-02-15,853.79,45
Inês Ferreira,Netherlands,First Aid Beauty KP Bump Eraser Body Scrub 200ml,2021-04-24,8637.46,109
Laura Fernandes,Thailand,Estée Lauder Re-Nutriv Ultimate Lift Age-Correcting Crème 250ml,2021-07-04,26301.95,277
Margarida Cardoso,Thailand,Estée Lauder Revitalizing Supreme+ Moisturizer 50ml,2020-04-08,28249.23,279
Margarida Teixeira,Philippines,COSRX Advanced Snail 96 Mucin Power Essence 250ml,2021-08-09,1190.11,51
Joana Fernandes,Canada,Estée Lauder Advanced Night Repair Serum 100ml,2021-02-18,7035.47,111
Rodrigo Pereira,Germany,Drunk Elephant F-Balm Electrolyte Waterbalm 250ml,2020-04-21,2729.22,35
Rodrigo Pereira,Brazil,Tatcha The Eye Concentrate 40ml,2024-02-21,4650.44,182
Margarida Teixeira,Mexico,Pixi Vitamin-C Juice Cleanser 30ml,2022-11-07,1418.76,367
Tomás Neves,Germany,Clinique Dramatically Different Moisturising Lotion+ 30ml,2023-11-05,4742.54,79
Inês Ribeiro,Philippines,REN Clean Skincare V-Cense Revitalising Eye Cream 20ml,2021-02-18,4912.48,91
Laura Costa,Thailand,Skinceuticals B5 Gel Hydrating Serum 56.7g,2022-08-14,2987.68,39
Clara Mendes,China,Kiehl's Powerful-Strength Line-Reducing Concentrate 40ml,2024-03-02,14695.57,311
Carolina Jesus,India,Kiehl's Calendula Serum-Infused Water Cream 15ml,2020-09-26,5768.03,126
Margarida Teixeira,Brazil,Murad AHA/BHA Exfoliating Cleanser 75ml,2022-06-09,14480.19,138
Rodrigo Pereira,Colombia,First Aid Beauty Ultra Repair Tinted Moisturizer SPF 30 340g,2024-01-16,99.7,12
Inês Ribeiro,China,Avène Cicalfate+ Restorative Protective Cream 20ml,2023-10-19,5963.4,124
Rafael Gomes,United Kingdom,REN Clean Skincare Clean Screen Mineral SPF30 150ml,2022-03-05,3609.35,62
João Nunes,Poland,Tatcha The Silk Cream 75ml,2020-10-19,21803.82,252
Gonçalo Rodrigues,Japan,Olay Regenerist Micro-Sculpting Cream 30ml,2020-12-03,1413.86,215